provider_id,location_id,week_start,employment_type,tenure_months,scheduled_hours,appts_completed,recheck_compliance_pct,record_completion_24h_pct,avg_appt_duration_min
DVM_0001,PCC_001,2025-11-03,full_time,90,32.3,77,79.3,91.8,27.0
DVM_0001,PCC_001,2025-11-10,full_time,90,26.6,63,78.0,91.8,30.3
DVM_0001,PCC_001,2025-11-17,full_time,90,36.3,75,77.7,87.3,25.8
DVM_0001,PCC_001,2025-11-24,full_time,90,38.4,86,88.1,93.3,29.4
DVM_0001,PCC_001,2025-12-01,full_time,90,29.7,76,78.9,85.6,29.6
DVM_0001,PCC_001,2025-12-08,full_time,90,31.1,81,78.4,86.2,28.7
DVM_0001,PCC_001,2025-12-15,full_time,90,28.3,58,74.7,94.6,29.1
DVM_0001,PCC_001,2025-12-22,full_time,90,43.9,114,75.6,88.0,30.6
DVM_0001,PCC_001,2025-12-29,full_time,90,29.0,72,80.2,95.1,28.9
DVM_0001,PCC_001,2026-01-05,full_time,90,30.3,69,74.5,96.1,29.4
DVM_0001,PCC_001,2026-01-12,full_time,90,27.8,87,85.1,97.0,32.8
DVM_0001,PCC_001,2026-01-19,full_time,90,36.0,86,76.9,94.4,25.8
DVM_0001,PCC_001,2026-01-26,full_time,90,35.0,84,79.2,84.0,25.6
DVM_0001,PCC_001,2026-02-02,full_time,90,36.3,96,78.0,93.1,27.7
DVM_0001,PCC_001,2026-02-09,full_time,90,29.0,63,87.1,91.2,32.0
DVM_0001,PCC_001,2026-02-16,full_time,90,36.2,82,85.8,100.0,27.7
DVM_0001,PCC_001,2026-02-23,FULL_TIME,90,41.2,127,82.8,94.8,33.5
DVM_0001,PCC_001,2026-03-02,full_time,90,30.9,75,81.1,97.0,28.9
DVM_0001,PCC_001,2026-03-09,full_time,90,26.6,68,77.7,90.0,30.4
DVM_0001,PCC_001,2026-03-16,full_time,90,38.6,94,73.9,89.7,28.8
DVM_0001,PCC_001,2026-03-23,full_time,90,26.5,50,80.9,89.4,30.4
DVM_0001,PCC_001,2026-03-30,full_time,90,45.9,120,68.9,86.0,30.2
DVM_0001,PCC_001,2026-04-13,full_time,90,30.4,70,87.2,90.0,27.6
DVM_0001,PCC_001,2026-04-20,full_time,90,35.7,95,73.8,84.5,31.7
DVM_0001,PCC_001,2026-04-27,full_time,90,23.0,67,80.2,87.9,27.9
DVM_0002,PCC_001,2025-11-03,full_time,94,31.2,77,88.3,92.0,
DVM_0002,PCC_001,2025-11-10,full_time,94,24.6,63,80.9,93.9,25.5
DVM_0002,PCC_001,2025-11-17,full_time,94,38.8,94,79.8,88.9,25.4
DVM_0002,PCC_001,2025-11-24,full_time,94,28.7,65,85.7,88.7,26.4
DVM_0002,PCC_001,2025-12-01,full_time,94,43.0,103,67.5,95.0,27.3
DVM_0002,PCC_001,2025-12-08,full_time,94,30.7,71,81.7,92.8,27.1
DVM_0002,PCC_001,2025-12-15,full_time,94,41.6,68,83.5,93.6,26.2
DVM_0002,PCC_001,2025-12-22,full_time,94,30.6,59,88.6,89.7,25.3
DVM_0002,PCC_001,2025-12-29,full_time,94,31.6,82,81.3,96.4,28.8
DVM_0002,PCC_001,2026-01-05,full_time,94,29.1,80,86.1,93.5,
DVM_0002,PCC_001,2026-01-12,full_time,94,36.0,84,80.9,86.9,27.4
DVM_0002,PCC_001,2026-01-19,full_time,94,37.5,82,86.0,94.4,28.0
DVM_0002,PCC_001,2026-01-26,full_time,94,27.9,71,84.8,94.1,28.7
DVM_0002,PCC_001,2026-02-02,full_time,94,18.8,43,85.2,95.8,24.8
DVM_0002,PCC_001,2026-02-09,full_time,94,22.1,60,85.2,86.6,28.4
DVM_0002,PCC_001,2026-02-16,full_time,94,33.4,76,73.0,92.6,28.6
DVM_0002,PCC_001,2026-02-23,full_time,94,37.8,82,82.7,92.6,27.5
DVM_0002,PCC_001,2026-03-02,full_time,94,33.4,92,81.3,90.7,28.4
DVM_0002,PCC_001,2026-03-09,full_time,94,26.3,82,82.7,95.5,24.7
DVM_0002,PCC_001,2026-03-16,full_time,94,31.6,87,87.0,93.0,27.7
DVM_0002,PCC_001,2026-03-23,full_time,94,20.9,43,82.7,92.9,27.1
DVM_0002,PCC_001,2026-03-30,full_time,94,27.6,55,81.4,85.2,30.2
DVM_0002,PCC_001,2026-04-06,full_time,94,44.8,119,74.3,93.4,27.1
DVM_0002,PCC_001,2026-04-13,full_time,94,28.6,69,82.6,86.8,29.9
DVM_0002,PCC_001,2026-04-20,full_time,94,23.4,70,85.6,89.5,25.8
DVM_0002,PCC_001,2026-04-27,full_time,94,29.4,60,80.8,94.7,28.0
DVM_0003,PCC_001,2025-11-03,full_time,82,33.7,63,86.3,86.3,32.9
DVM_0003,PCC_001,2025-11-10,full_time,82,45.8,126,95.8,87.5,
DVM_0003,PCC_001,2025-11-17,full_time,82,32.8,88,85.1,87.7,25.9
DVM_0003,PCC_001,2025-11-24,full_time,82,31.1,87,85.1,89.5,31.6
DVM_0003,PCC_001,2025-12-01,full_time,82,31.0,81,83.0,92.1,26.1
DVM_0003,PCC_001,2025-12-08,full_time,82,37.8,83,90.4,94.7,30.7
DVM_0003,PCC_001,2025-12-15,full_time,82,42.1,106,92.6,93.5,27.5
DVM_0003,PCC_001,2025-12-22,full_time,82,14.8,36,81.0,92.9,25.5
DVM_0003,PCC_001,2025-12-29,full_time,82,31.4,76,87.6,94.5,27.7
DVM_0003,PCC_001,2026-01-12,full_time,82,38.6,96,87.2,82.9,27.7
DVM_0003,PCC_001,2026-01-19,full_time,82,28.9,65,84.4,91.9,30.2
DVM_0003,PCC_001,2026-01-26,full_time,82,40.4,114,83.4,92.1,24.0
DVM_0003,PCC_001,2026-02-02,full_time,82,26.1,67,83.2,92.5,28.9
DVM_0003,PCC_001,2026-02-09,full_time,82,32.3,89,94.6,91.3,26.3
DVM_0003,PCC_001,2026-02-16,full_time,82,26.8,71,80.1,84.4,26.6
DVM_0003,PCC_001,2026-02-23,full_time,82,39.5,87,87.7,90.2,26.0
DVM_0003,PCC_001,2026-03-02,full_time,82,24.8,57,85.3,91.0,26.0
DVM_0003,PCC_001,2026-03-09,full_time,82,39.3,101,91.0,86.4,28.8
DVM_0003,PCC_001,2026-03-23,FULL_TIME,82,33.7,89,89.6,84.5,29.1
DVM_0003,PCC_001,2026-03-30,full_time,82,34.4,82,89.4,94.1,24.3
DVM_0003,PCC_001,2026-04-06,full_time,82,28.6,73,91.2,90.7,25.3
DVM_0003,PCC_001,2026-04-13,full_time,82,43.5,120,80.3,86.7,27.6
DVM_0003,PCC_001,2026-04-20,full_time,82,24.7,62,90.9,91.4,27.3
DVM_0003,PCC_001,2026-04-27,full_time,82,27.5,73,89.8,94.5,27.0
DVM_0004,PCC_001,2025-11-03,full_time,80,45.9,123,77.4,94.6,25.3
DVM_0004,PCC_001,2025-11-10,full_time,80,29.2,75,89.3,85.7,23.0
DVM_0004,PCC_001,2025-11-17,FULL_TIME,80,19.8,54,87.8,92.0,29.9
DVM_0004,PCC_001,2025-11-24,full_time,80,19.4,59,85.4,80.5,24.7
DVM_0004,PCC_001,2025-12-01,full_time,80,24.4,50,81.6,89.5,21.5
DVM_0004,PCC_001,2025-12-08,full_time,80,27.5,82,78.9,99.1,
DVM_0004,PCC_001,2025-12-15,full_time,80,35.1,81,81.0,90.7,25.4
DVM_0004,PCC_001,2025-12-22,full_time,80,33.3,92,87.2,88.0,25.4
DVM_0004,PCC_001,2025-12-29,full_time,80,38.5,73,82.6,91.0,28.6
DVM_0004,PCC_001,2026-01-05,full_time,80,33.9,101,80.1,97.8,25.8
DVM_0004,PCC_001,2026-01-12,full_time,80,32.3,78,82.1,88.4,22.7
DVM_0004,PCC_001,2026-01-19,full_time,80,31.5,85,86.9,89.6,24.6
DVM_0004,PCC_001,2026-01-26,full_time,80,30.3,80,83.5,94.5,22.7
DVM_0004,PCC_001,2026-02-02,full_time,80,30.5,76,78.5,93.0,23.3
DVM_0004,PCC_001,2026-02-09,full_time,80,39.5,103,91.3,87.5,26.1
DVM_0004,PCC_001,2026-02-16,full_time,80,33.2,82,91.0,86.9,23.3
DVM_0004,PCC_001,2026-02-23,full_time,80,39.5,109,74.1,91.3,20.9
DVM_0004,PCC_001,2026-03-16,full_time,80,32.4,75,86.1,87.7,22.9
DVM_0004,PCC_001,2026-04-06,full_time,80,40.1,99,81.5,89.9,23.2
DVM_0004,PCC_001,2026-04-13,FULL_TIME,80,26.8,72,75.3,90.8,24.1
DVM_0004,PCC_001,2026-04-20,full_time,80,30.8,78,82.9,91.8,23.7
DVM_0004,PCC_001,2026-04-27,full_time,80,32.3,85,82.8,94.0,23.6
DVM_0005,PCC_001,2025-11-03,part_time,91,22.2,59,84.1,85.9,28.3
DVM_0005,PCC_001,2025-11-10,part_time,91,7.8,16,87.4,88.2,27.7
DVM_0005,PCC_001,2025-11-17,part_time,91,15.0,38,83.3,86.6,30.8
DVM_0005,PCC_001,2025-12-01,part_time,91,17.8,46,85.1,79.3,25.3
DVM_0005,PCC_001,2025-12-08,part_time,91,18.9,52,91.1,82.2,29.3
DVM_0005,PCC_001,2025-12-15,part_time,91,8.8,23,90.6,86.4,29.3
DVM_0005,PCC_001,2025-12-22,part_time,91,19.3,51,84.2,86.2,27.9
DVM_0005,PCC_001,2025-12-29,part_time,91,19.7,48,96.9,89.2,29.9
DVM_0005,PCC_001,2026-01-05,part_time,91,16.4,46,86.8,81.1,28.8
DVM_0005,PCC_001,2026-01-12,PART_TIME,91,16.0,34,86.1,80.5,32.0
DVM_0005,PCC_001,2026-01-19,part_time,91,22.7,51,84.5,84.0,29.4
DVM_0005,PCC_001,2026-01-26,part_time,91,21.9,59,84.6,89.5,30.5
DVM_0005,PCC_001,2026-02-02,part_time,91,15.0,35,93.5,84.1,29.0
DVM_0005,PCC_001,2026-02-09,part_time,91,7.4,20,91.7,91.7,23.8
DVM_0005,PCC_001,2026-02-16,part_time,91,18.5,52,88.3,76.9,31.0
DVM_0005,PCC_001,2026-02-23,part_time,91,26.6,60,84.5,83.8,29.7
DVM_0005,PCC_001,2026-03-02,part_time,91,14.5,37,92.5,84.0,27.4
DVM_0005,PCC_001,2026-03-09,part_time,91,16.2,44,91.7,80.9,26.1
DVM_0005,PCC_001,2026-03-16,part_time,91,9.5,26,86.9,82.3,29.5
DVM_0005,PCC_001,2026-03-23,part_time,91,17.8,45,79.3,86.4,32.5
DVM_0005,PCC_001,2026-03-30,part_time,91,12.6,36,84.5,74.3,30.0
DVM_0005,PCC_001,2026-04-06,part_time,91,13.5,31,97.5,80.7,27.9
DVM_0005,PCC_001,2026-04-13,part_time,91,16.2,44,86.6,85.3,27.1
DVM_0005,PCC_001,2026-04-20,part_time,91,23.6,67,89.4,89.7,32.0
DVM_0005,PCC_001,2026-04-27,part_time,91,9.4,27,95.5,82.3,30.1
DVM_0006,PCC_001,2025-11-03,full_time,6,46.8,110,98.2,90.2,30.8
DVM_0006,PCC_001,2025-11-10,full_time,6,41.1,96,91.7,90.4,31.1
DVM_0006,PCC_001,2025-11-17,full_time,6,33.2,78,94.8,96.7,28.5
DVM_0006,PCC_001,2025-11-24,full_time,6,39.7,106,95.4,92.6,29.7
DVM_0006,PCC_001,2025-12-01,full_time,6,25.3,60,97.0,94.7,29.8
DVM_0006,PCC_001,2025-12-08,full_time,6,35.7,72,94.2,93.3,30.9
DVM_0006,PCC_001,2025-12-15,full_time,6,24.4,59,97.0,97.0,29.0
DVM_0006,PCC_001,2025-12-22,full_time,6,34.6,109,90.7,89.5,28.4
DVM_0006,PCC_001,2025-12-29,full_time,6,23.2,59,97.8,86.9,29.7
DVM_0006,PCC_001,2026-01-05,full_time,6,32.3,94,82.2,94.3,32.8
DVM_0006,PCC_001,2026-01-19,full_time,6,30.0,88,88.7,97.8,29.5
DVM_0006,PCC_001,2026-01-26,FULL_TIME,6,28.0,46,88.5,94.0,29.2
DVM_0006,PCC_001,2026-02-02,full_time,6,39.0,110,88.9,94.8,32.6
DVM_0006,PCC_001,2026-02-09,full_time,6,35.4,89,92.2,86.0,33.9
DVM_0006,PCC_001,2026-02-16,full_time,6,26.2,66,99.9,91.7,33.0
DVM_0006,PCC_001,2026-03-02,full_time,6,24.3,59,90.2,91.0,30.0
DVM_0006,PCC_001,2026-03-09,full_time,6,42.1,108,94.2,88.8,28.4
DVM_0006,PCC_001,2026-03-16,full_time,6,18.5,53,92.3,93.2,28.3
DVM_0006,PCC_001,2026-03-23,full_time,6,38.6,91,96.4,97.2,27.6
DVM_0006,PCC_001,2026-03-30,full_time,6,18.0,36,95.4,91.7,27.6
DVM_0006,PCC_001,2026-04-06,full_time,6,42.7,91,91.7,85.0,30.6
DVM_0006,PCC_001,2026-04-13,full_time,6,29.5,69,88.4,95.5,28.4
DVM_0006,PCC_001,2026-04-20,full_time,6,40.7,100,95.5,100.0,27.5
DVM_0006,PCC_001,2026-04-27,full_time,6,34.2,82,93.8,94.3,
DVM_0007,PCC_002,2025-11-03,full_time,70,33.5,91,78.8,95.6,26.1
DVM_0007,PCC_002,2025-11-10,full_time,70,35.5,82,84.4,90.0,25.5
DVM_0007,PCC_002,2025-11-17,full_time,70,32.1,64,80.7,91.3,26.9
DVM_0007,PCC_002,2025-11-24,full_time,70,38.5,95,78.6,82.5,27.5
DVM_0007,PCC_002,2025-12-01,full_time,70,25.8,71,76.6,93.0,25.3
DVM_0007,PCC_002,2025-12-08,full_time,70,32.5,90,78.4,87.0,23.2
DVM_0007,PCC_002,2025-12-15,full_time,70,39.6,76,82.7,88.5,
DVM_0007,PCC_002,2025-12-22,full_time,70,35.1,99,88.0,94.9,26.4
DVM_0007,PCC_002,2025-12-29,full_time,70,40.3,115,74.9,93.3,29.4
DVM_0007,PCC_002,2026-01-05,full_time,70,30.2,77,82.7,87.8,28.3
DVM_0007,PCC_002,2026-01-12,full_time,70,29.0,82,78.0,90.4,26.2
DVM_0007,PCC_002,2026-01-19,full_time,70,36.9,78,75.1,95.1,25.5
DVM_0007,PCC_002,2026-01-26,full_time,70,44.2,110,80.0,95.1,28.0
DVM_0007,PCC_002,2026-02-02,full_time,70,25.3,61,72.3,96.4,31.6
DVM_0007,PCC_002,2026-02-09,full_time,70,28.3,55,80.2,91.2,25.3
DVM_0007,PCC_002,2026-02-16,FULL_TIME,70,32.5,86,79.7,92.0,32.5
DVM_0007,PCC_002,2026-02-23,full_time,70,32.0,82,83.9,92.3,27.2
DVM_0007,PCC_002,2026-03-02,full_time,70,35.7,120,73.9,95.8,27.4
DVM_0007,PCC_002,2026-03-09,full_time,70,28.6,76,85.8,98.6,27.3
DVM_0007,PCC_002,2026-03-16,full_time,70,28.0,68,78.5,98.2,30.4
DVM_0007,PCC_002,2026-03-23,full_time,70,32.9,75,73.7,90.2,31.0
DVM_0007,PCC_002,2026-03-30,full_time,70,32.3,82,69.0,88.7,30.0
DVM_0007,PCC_002,2026-04-06,full_time,70,32.2,87,83.3,100.0,26.7
DVM_0007,PCC_002,2026-04-13,full_time,70,39.7,78,83.5,94.3,26.8
DVM_0007,PCC_002,2026-04-20,full_time,70,31.4,98,84.1,86.3,28.3
DVM_0007,PCC_002,2026-04-27,full_time,70,29.9,86,79.8,93.0,31.0
DVM_0008,PCC_002,2025-11-03,full_time,4,32.1,93,85.5,85.6,29.4
DVM_0008,PCC_002,2025-11-10,full_time,4,25.1,54,86.0,83.2,29.9
DVM_0008,PCC_002,2025-11-17,full_time,4,31.8,72,84.0,91.2,29.6
DVM_0008,PCC_002,2025-11-24,full_time,4,32.7,77,80.6,81.6,29.9
DVM_0008,PCC_002,2025-12-01,full_time,4,35.2,101,88.2,87.6,30.4
DVM_0008,PCC_002,2025-12-15,full_time,4,31.6,79,87.5,79.7,26.7
DVM_0008,PCC_002,2025-12-22,full_time,4,26.8,77,78.0,89.0,29.6
DVM_0008,PCC_002,2025-12-29,full_time,4,28.8,82,84.5,87.2,31.0
DVM_0008,PCC_002,2026-01-05,full_time,4,36.6,85,78.3,87.9,27.1
DVM_0008,PCC_002,2026-01-19,full_time,4,27.8,71,87.2,84.2,26.8
DVM_0008,PCC_002,2026-01-26,full_time,4,28.7,67,81.1,89.1,29.7
DVM_0008,PCC_002,2026-02-02,full_time,4,42.7,113,84.0,88.2,24.0
DVM_0008,PCC_002,2026-02-09,full_time,4,31.0,88,88.1,88.9,
DVM_0008,PCC_002,2026-02-16,full_time,4,32.5,82,83.1,80.9,28.8
DVM_0008,PCC_002,2026-02-23,full_time,4,28.4,67,87.4,85.4,27.3
DVM_0008,PCC_002,2026-03-02,full_time,4,29.4,66,77.4,84.7,
DVM_0008,PCC_002,2026-03-09,full_time,4,35.7,101,81.2,86.0,25.6
DVM_0008,PCC_002,2026-03-16,full_time,4,25.6,75,85.1,85.6,26.4
DVM_0008,PCC_002,2026-03-23,full_time,4,46.2,120,83.4,78.8,23.8
DVM_0008,PCC_002,2026-03-30,full_time,4,32.0,88,83.4,88.5,29.1
DVM_0008,PCC_002,2026-04-06,full_time,4,40.8,119,72.8,88.4,31.2
DVM_0008,PCC_002,2026-04-13,full_time,4,37.6,110,82.8,93.0,26.8
DVM_0008,PCC_002,2026-04-20,full_time,4,29.1,89,75.8,87.3,27.8
DVM_0008,PCC_002,2026-04-27,full_time,4,30.9,83,91.1,85.6,28.7
DVM_0009,PCC_002,2025-11-03,full_time,37,31.0,71,69.5,94.6,31.0
DVM_0009,PCC_002,2025-11-10,full_time,37,36.5,108,82.1,82.8,33.9
DVM_0009,PCC_002,2025-11-17,full_time,37,36.7,92,77.3,90.4,35.7
DVM_0009,PCC_002,2025-11-24,full_time,37,36.0,102,77.7,86.8,30.9
DVM_0009,PCC_002,2025-12-01,full_time,37,29.4,99,75.8,88.1,34.0
DVM_0009,PCC_002,2025-12-08,full_time,37,26.4,71,76.1,89.0,32.3
DVM_0009,PCC_002,2025-12-29,full_time,37,30.3,78,75.9,88.0,32.5
DVM_0009,PCC_002,2026-01-05,full_time,37,41.3,95,77.7,100.0,32.5
DVM_0009,PCC_002,2026-01-12,full_time,37,25.2,57,84.3,87.8,32.0
DVM_0009,PCC_002,2026-01-19,full_time,37,32.7,77,74.2,95.0,32.4
DVM_0009,PCC_002,2026-01-26,full_time,37,33.1,92,79.7,97.6,32.9
DVM_0009,PCC_002,2026-02-02,full_time,37,32.8,87,74.9,85.9,33.5
DVM_0009,PCC_002,2026-02-09,full_time,37,27.7,80,71.7,99.7,30.4
DVM_0009,PCC_002,2026-02-16,full_time,37,30.9,80,79.2,84.0,30.8
DVM_0009,PCC_002,2026-02-23,full_time,37,39.1,75,70.3,88.2,34.2
DVM_0009,PCC_002,2026-03-02,FULL_TIME,37,37.5,89,76.7,89.9,33.7
DVM_0009,PCC_002,2026-03-09,full_time,37,27.8,72,77.1,87.9,32.2
DVM_0009,PCC_002,2026-03-16,full_time,37,37.0,91,72.0,76.5,29.5
DVM_0009,PCC_002,2026-03-23,full_time,37,30.3,73,81.2,92.5,30.9
DVM_0009,PCC_002,2026-03-30,full_time,37,37.4,82,72.2,91.1,28.5
DVM_0009,PCC_002,2026-04-06,full_time,37,27.9,69,84.0,87.5,31.1
DVM_0009,PCC_002,2026-04-13,full_time,37,36.0,89,76.8,88.4,30.5
DVM_0009,PCC_002,2026-04-20,full_time,37,30.5,74,73.9,87.7,33.4
DVM_0009,PCC_002,2026-04-27,full_time,37,33.3,91,73.5,93.0,35.2
DVM_0010,PCC_002,2025-11-03,full_time,63,36.4,92,71.5,83.9,27.5
DVM_0010,PCC_002,2025-11-10,full_time,63,39.8,93,82.2,87.7,24.1
DVM_0010,PCC_002,2025-11-17,full_time,63,34.6,70,78.1,86.4,25.0
DVM_0010,PCC_002,2025-11-24,full_time,63,27.2,62,79.4,92.5,22.2
DVM_0010,PCC_002,2025-12-01,full_time,63,26.9,78,75.2,85.4,23.9
DVM_0010,PCC_002,2025-12-08,FULL_TIME,63,30.7,72,74.7,94.5,23.7
DVM_0010,PCC_002,2025-12-15,full_time,63,41.3,108,84.5,80.7,24.9
DVM_0010,PCC_002,2025-12-22,full_time,63,35.8,81,77.5,85.8,29.5
DVM_0010,PCC_002,2025-12-29,full_time,63,29.0,68,75.9,86.5,27.6
DVM_0010,PCC_002,2026-01-12,FULL_TIME,63,26.9,88,84.4,86.6,22.6
DVM_0010,PCC_002,2026-01-19,full_time,63,32.2,67,83.2,89.9,22.9
DVM_0010,PCC_002,2026-01-26,full_time,63,32.4,93,73.7,87.6,27.7
DVM_0010,PCC_002,2026-02-02,full_time,63,42.9,108,79.9,87.3,23.8
DVM_0010,PCC_002,2026-02-09,full_time,63,36.3,102,80.2,84.5,27.8
DVM_0010,PCC_002,2026-02-16,full_time,63,30.1,69,86.8,91.5,27.0
DVM_0010,PCC_002,2026-02-23,full_time,63,36.5,90,81.8,81.7,23.0
DVM_0010,PCC_002,2026-03-02,full_time,63,26.5,67,81.3,85.5,24.2
DVM_0010,PCC_002,2026-03-09,full_time,63,39.3,109,75.2,79.0,27.3
DVM_0010,PCC_002,2026-03-16,full_time,63,31.6,85,79.9,86.4,24.5
DVM_0010,PCC_002,2026-03-23,full_time,63,33.9,101,77.3,78.2,27.3
DVM_0010,PCC_002,2026-03-30,full_time,63,35.6,95,78.3,88.1,25.5
DVM_0010,PCC_002,2026-04-06,full_time,63,34.3,73,82.4,83.2,24.3
DVM_0010,PCC_002,2026-04-13,full_time,63,29.3,64,70.9,86.4,24.8
DVM_0010,PCC_002,2026-04-20,full_time,63,34.1,82,77.3,89.3,24.5
DVM_0010,PCC_002,2026-04-27,full_time,63,41.0,106,83.0,87.2,27.0
DVM_0011,PCC_002,2025-11-03,full_time,3,19.6,44,77.3,85.2,28.7
DVM_0011,PCC_002,2025-11-10,full_time,3,34.9,92,82.0,80.4,34.9
DVM_0011,PCC_002,2025-11-17,full_time,3,24.8,70,75.4,90.4,25.5
DVM_0011,PCC_002,2025-11-24,full_time,3,31.3,78,79.4,79.8,33.1
DVM_0011,PCC_002,2025-12-08,full_time,3,35.9,86,74.2,85.3,29.3
DVM_0011,PCC_002,2025-12-15,full_time,3,31.9,80,75.5,78.4,31.0
DVM_0011,PCC_002,2025-12-22,full_time,3,22.5,50,78.2,92.3,33.3
DVM_0011,PCC_002,2025-12-29,full_time,3,31.8,89,82.9,82.8,29.3
DVM_0011,PCC_002,2026-01-05,full_time,3,27.8,64,81.4,80.6,29.5
DVM_0011,PCC_002,2026-01-12,full_time,3,37.2,91,78.5,86.6,31.5
DVM_0011,PCC_002,2026-01-19,full_time,3,27.9,67,81.5,85.6,31.0
DVM_0011,PCC_002,2026-01-26,full_time,3,40.5,93,82.6,81.9,31.3
DVM_0011,PCC_002,2026-02-02,full_time,3,28.4,69,76.6,83.2,28.7
DVM_0011,PCC_002,2026-02-09,full_time,3,33.1,81,83.7,83.9,30.5
DVM_0011,PCC_002,2026-02-16,full_time,3,31.7,81,73.2,82.5,31.1
DVM_0011,PCC_002,2026-02-23,full_time,3,39.9,109,72.8,83.0,29.7
DVM_0011,PCC_002,2026-03-02,FULL_TIME,3,37.5,99,78.8,84.3,33.1
DVM_0011,PCC_002,2026-03-09,full_time,3,22.3,58,78.8,82.1,29.9
DVM_0011,PCC_002,2026-03-16,full_time,3,37.1,93,62.2,86.8,30.8
DVM_0011,PCC_002,2026-03-23,full_time,3,34.6,101,72.5,79.5,30.7
DVM_0011,PCC_002,2026-03-30,full_time,3,33.5,96,75.7,81.5,29.1
DVM_0011,PCC_002,2026-04-06,full_time,3,35.8,94,80.1,72.3,28.7
DVM_0011,PCC_002,2026-04-13,full_time,3,33.3,85,72.3,89.5,31.3
DVM_0011,PCC_002,2026-04-20,full_time,3,32.8,89,82.0,76.1,31.0
DVM_0011,PCC_002,2026-04-27,full_time,3,27.6,57,72.2,84.0,31.1
DVM_0012,PCC_002,2025-11-03,relief,62,15.2,45,82.8,92.0,29.6
DVM_0012,PCC_002,2025-11-10,relief,62,16.8,44,84.4,96.2,34.0
DVM_0012,PCC_002,2025-11-17,relief,62,4.0,10,89.4,84.3,30.2
DVM_0012,PCC_002,2025-11-24,relief,62,13.2,36,91.9,88.8,30.5
DVM_0012,PCC_002,2025-12-01,relief,62,11.0,32,80.9,80.9,29.8
DVM_0012,PCC_002,2025-12-08,relief,62,15.2,34,83.0,84.4,29.4
DVM_0012,PCC_002,2025-12-15,relief,62,22.2,63,91.6,82.8,30.8
DVM_0012,PCC_002,2025-12-29,relief,62,13.9,41,96.8,88.5,29.1
DVM_0012,PCC_002,2026-01-05,relief,62,19.3,57,89.3,92.0,30.6
DVM_0012,PCC_002,2026-01-12,relief,62,13.9,36,86.1,84.9,31.0
DVM_0012,PCC_002,2026-01-19,relief,62,20.5,59,88.5,83.5,28.8
DVM_0012,PCC_002,2026-01-26,relief,62,7.1,20,86.6,91.6,30.1
DVM_0012,PCC_002,2026-02-02,relief,62,15.8,47,91.5,87.6,28.5
DVM_0012,PCC_002,2026-02-09,relief,62,19.6,55,87.5,85.0,30.3
DVM_0012,PCC_002,2026-02-16,relief,62,11.3,31,85.2,95.8,31.7
DVM_0012,PCC_002,2026-02-23,relief,62,14.9,33,89.1,77.4,32.8
DVM_0012,PCC_002,2026-03-02,relief,62,14.5,34,91.3,88.8,31.1
DVM_0012,PCC_002,2026-03-16,relief,62,15.7,44,92.8,81.9,
DVM_0012,PCC_002,2026-03-23,relief,62,22.3,52,100.0,87.8,33.3
DVM_0012,PCC_002,2026-03-30,relief,62,6.6,17,85.2,85.6,33.1
DVM_0012,PCC_002,2026-04-06,relief,62,14.1,39,85.5,91.4,31.3
DVM_0012,PCC_002,2026-04-13,relief,62,18.6,58,89.9,79.7,33.2
DVM_0012,PCC_002,2026-04-20,relief,62,33.6,99,93.0,89.4,32.3
DVM_0012,PCC_002,2026-04-27,relief,62,19.6,42,89.6,89.1,29.6
DVM_0013,PCC_003,2025-11-03,part_time,23,9.6,23,75.7,97.8,26.8
DVM_0013,PCC_003,2025-11-10,part_time,23,14.0,24,78.2,98.9,25.6
DVM_0013,PCC_003,2025-11-17,part_time,23,27.6,60,82.2,100.0,25.6
DVM_0013,PCC_003,2025-11-24,PART_TIME,23,17.7,46,74.8,95.6,25.5
DVM_0013,PCC_003,2025-12-01,part_time,23,19.5,39,77.4,98.0,26.3
DVM_0013,PCC_003,2025-12-08,part_time,23,17.4,35,79.4,100.0,23.3
DVM_0013,PCC_003,2025-12-15,part_time,23,16.2,40,79.2,97.3,24.8
DVM_0013,PCC_003,2025-12-22,part_time,23,18.9,47,81.0,99.3,29.4
DVM_0013,PCC_003,2025-12-29,part_time,23,19.3,47,78.4,98.6,26.1
DVM_0013,PCC_003,2026-01-05,part_time,23,19.3,32,82.5,100.0,28.1
DVM_0013,PCC_003,2026-01-12,part_time,23,19.1,37,79.0,100.0,29.7
DVM_0013,PCC_003,2026-01-19,part_time,23,16.9,40,78.2,94.0,28.2
DVM_0013,PCC_003,2026-01-26,part_time,23,6.4,14,84.0,95.4,28.5
DVM_0013,PCC_003,2026-02-02,part_time,23,22.2,53,88.3,98.7,25.9
DVM_0013,PCC_003,2026-02-09,part_time,23,22.9,48,86.1,100.0,29.5
DVM_0013,PCC_003,2026-02-16,part_time,23,16.2,42,77.2,95.5,26.9
DVM_0013,PCC_003,2026-02-23,part_time,23,16.9,31,74.9,100.0,30.0
DVM_0013,PCC_003,2026-03-02,part_time,23,12.1,27,82.5,95.7,29.1
DVM_0013,PCC_003,2026-03-09,part_time,23,13.0,34,75.3,100.0,22.9
DVM_0013,PCC_003,2026-03-16,part_time,23,17.2,39,76.7,100.0,28.0
DVM_0013,PCC_003,2026-03-23,part_time,23,7.6,18,81.1,92.3,31.7
DVM_0013,PCC_003,2026-03-30,part_time,23,12.6,30,84.0,100.0,27.0
DVM_0013,PCC_003,2026-04-06,part_time,23,12.5,35,83.1,97.5,24.4
DVM_0013,PCC_003,2026-04-13,part_time,23,20.9,58,83.3,100.0,28.8
DVM_0013,PCC_003,2026-04-20,part_time,23,19.0,40,74.4,98.0,29.7
DVM_0013,PCC_003,2026-04-27,part_time,23,27.1,72,79.5,97.4,29.0
DVM_0014,PCC_003,2025-11-03,part_time,87,9.1,22,80.6,97.9,24.6
DVM_0014,PCC_003,2025-11-10,part_time,87,25.9,62,73.1,97.2,27.1
DVM_0014,PCC_003,2025-11-17,part_time,87,17.3,44,73.4,97.2,30.7
DVM_0014,PCC_003,2025-11-24,part_time,87,27.8,58,79.7,93.1,23.3
DVM_0014,PCC_003,2025-12-01,part_time,87,25.5,53,74.7,90.8,26.9
DVM_0014,PCC_003,2025-12-08,part_time,87,21.6,48,76.5,90.1,29.0
DVM_0014,PCC_003,2025-12-15,part_time,87,27.2,65,71.0,96.0,24.8
DVM_0014,PCC_003,2025-12-29,part_time,87,30.1,72,70.2,93.8,27.4
DVM_0014,PCC_003,2026-01-05,part_time,87,20.4,41,73.4,100.0,24.4
DVM_0014,PCC_003,2026-01-12,part_time,87,18.3,50,80.2,96.1,24.4
DVM_0014,PCC_003,2026-01-19,part_time,87,9.0,21,77.8,90.1,25.2
DVM_0014,PCC_003,2026-01-26,part_time,87,30.9,74,73.2,94.8,25.0
DVM_0014,PCC_003,2026-02-02,part_time,87,18.6,47,78.9,90.0,26.1
DVM_0014,PCC_003,2026-02-09,part_time,87,23.6,59,65.4,91.9,21.2
DVM_0014,PCC_003,2026-02-16,part_time,87,15.6,36,70.6,100.0,27.4
DVM_0014,PCC_003,2026-02-23,part_time,87,18.2,43,78.5,98.4,27.1
DVM_0014,PCC_003,2026-03-02,part_time,87,21.0,40,70.1,96.8,25.5
DVM_0014,PCC_003,2026-03-09,part_time,87,27.6,42,68.9,96.1,24.5
DVM_0014,PCC_003,2026-03-16,part_time,87,10.9,20,81.8,100.0,27.6
DVM_0014,PCC_003,2026-03-23,PART_TIME,87,13.2,29,73.1,91.1,27.7
DVM_0014,PCC_003,2026-03-30,part_time,87,14.3,33,72.3,97.1,30.1
DVM_0014,PCC_003,2026-04-06,part_time,87,14.6,32,72.1,92.1,23.9
DVM_0014,PCC_003,2026-04-13,part_time,87,11.2,28,71.5,95.5,25.8
DVM_0014,PCC_003,2026-04-20,part_time,87,27.8,43,78.6,90.0,27.2
DVM_0014,PCC_003,2026-04-27,part_time,87,12.6,32,73.4,95.4,26.3
DVM_0015,PCC_003,2025-11-03,full_time,35,25.6,46,88.1,95.1,22.5
DVM_0015,PCC_003,2025-11-10,full_time,35,35.1,87,83.0,91.8,22.5
DVM_0015,PCC_003,2025-11-17,full_time,35,32.1,91,83.6,98.7,21.4
DVM_0015,PCC_003,2025-11-24,full_time,35,30.6,63,88.4,88.4,26.1
DVM_0015,PCC_003,2025-12-01,full_time,35,34.7,59,80.1,94.4,19.7
DVM_0015,PCC_003,2025-12-08,full_time,35,23.7,50,78.9,94.6,21.6
DVM_0015,PCC_003,2025-12-15,full_time,35,40.2,82,91.1,97.7,20.2
DVM_0015,PCC_003,2025-12-22,full_time,35,36.8,82,81.6,97.8,25.9
DVM_0015,PCC_003,2025-12-29,full_time,35,35.9,83,81.6,100.0,21.1
DVM_0015,PCC_003,2026-01-05,full_time,35,29.3,81,79.4,100.0,18.7
DVM_0015,PCC_003,2026-01-12,full_time,35,31.7,86,80.0,93.2,25.1
DVM_0015,PCC_003,2026-01-19,full_time,35,24.9,55,91.9,94.2,23.1
DVM_0015,PCC_003,2026-01-26,full_time,35,36.0,90,83.2,94.7,20.2
DVM_0015,PCC_003,2026-02-02,full_time,35,23.2,54,88.2,93.6,21.2
DVM_0015,PCC_003,2026-02-09,full_time,35,34.7,60,79.7,97.2,22.6
DVM_0015,PCC_003,2026-02-16,full_time,35,26.7,61,80.8,89.2,23.5
DVM_0015,PCC_003,2026-03-02,full_time,35,43.3,83,82.3,86.9,24.0
DVM_0015,PCC_003,2026-03-09,full_time,35,29.8,68,82.6,100.0,26.3
DVM_0015,PCC_003,2026-03-16,full_time,35,41.2,109,83.1,96.9,21.2
DVM_0015,PCC_003,2026-03-23,full_time,35,27.3,66,87.0,92.0,18.6
DVM_0015,PCC_003,2026-03-30,full_time,35,29.2,90,81.8,89.6,22.1
DVM_0015,PCC_003,2026-04-06,full_time,35,26.9,67,82.3,100.0,24.7
DVM_0015,PCC_003,2026-04-13,full_time,35,39.8,88,83.2,96.0,23.7
DVM_0015,PCC_003,2026-04-20,full_time,35,24.7,66,83.2,94.9,19.9
DVM_0015,PCC_003,2026-04-27,full_time,35,21.7,46,91.4,100.0,23.8
DVM_0016,PCC_003,2025-11-03,full_time,19,28.8,70,65.3,99.4,26.3
DVM_0016,PCC_003,2025-11-10,full_time,19,24.6,42,70.6,94.2,25.4
DVM_0016,PCC_003,2025-11-17,full_time,19,23.7,41,68.3,92.6,25.5
DVM_0016,PCC_003,2025-11-24,full_time,19,35.1,57,62.4,99.9,27.7
DVM_0016,PCC_003,2025-12-01,full_time,19,31.2,69,66.2,91.2,25.5
DVM_0016,PCC_003,2025-12-08,full_time,19,37.6,81,58.6,92.8,21.2
DVM_0016,PCC_003,2025-12-22,full_time,19,30.7,81,67.2,89.6,26.3
DVM_0016,PCC_003,2025-12-29,full_time,19,27.9,67,59.4,96.1,28.2
DVM_0016,PCC_003,2026-01-05,full_time,19,37.2,69,69.9,96.1,25.5
DVM_0016,PCC_003,2026-01-12,full_time,19,26.2,66,62.4,93.8,30.0
DVM_0016,PCC_003,2026-01-19,full_time,19,31.3,71,63.4,96.7,27.4
DVM_0016,PCC_003,2026-01-26,full_time,19,46.1,112,67.1,99.4,25.2
DVM_0016,PCC_003,2026-02-02,FULL_TIME,19,33.5,76,69.8,90.2,27.2
DVM_0016,PCC_003,2026-02-09,FULL_TIME,19,33.7,75,59.0,94.5,27.7
DVM_0016,PCC_003,2026-02-16,full_time,19,31.9,65,66.6,93.9,24.1
DVM_0016,PCC_003,2026-02-23,full_time,19,27.0,52,70.8,89.7,26.4
DVM_0016,PCC_003,2026-03-02,full_time,19,35.4,73,65.5,91.5,29.6
DVM_0016,PCC_003,2026-03-09,full_time,19,20.7,45,71.0,95.4,25.7
DVM_0016,PCC_003,2026-03-16,full_time,19,30.4,69,65.5,90.8,28.0
DVM_0016,PCC_003,2026-03-23,full_time,19,28.2,80,76.6,91.1,28.8
DVM_0016,PCC_003,2026-03-30,full_time,19,24.1,52,62.1,91.7,26.2
DVM_0016,PCC_003,2026-04-06,FULL_TIME,19,25.8,62,63.7,94.5,28.5
DVM_0016,PCC_003,2026-04-13,full_time,19,33.6,69,75.7,96.2,26.7
DVM_0016,PCC_003,2026-04-20,full_time,19,32.0,75,73.7,95.4,25.5
DVM_0016,PCC_003,2026-04-27,full_time,19,24.6,60,65.7,87.1,26.7
DVM_0017,PCC_003,2025-11-03,full_time,42,31.4,92,71.1,94.1,29.7
DVM_0017,PCC_003,2025-11-10,full_time,42,33.9,79,68.9,92.2,26.4
DVM_0017,PCC_003,2025-11-17,full_time,42,31.0,65,70.7,89.7,31.2
DVM_0017,PCC_003,2025-11-24,full_time,42,36.5,70,65.0,93.4,29.1
DVM_0017,PCC_003,2025-12-01,full_time,42,29.7,55,69.2,98.7,28.9
DVM_0017,PCC_003,2025-12-08,full_time,42,30.9,63,69.4,90.2,31.2
DVM_0017,PCC_003,2025-12-15,full_time,42,32.5,76,71.6,93.8,30.5
DVM_0017,PCC_003,2025-12-29,full_time,42,24.8,50,69.7,100.0,26.5
DVM_0017,PCC_003,2026-01-05,full_time,42,27.9,72,73.9,100.0,28.6
DVM_0017,PCC_003,2026-01-12,full_time,42,35.0,79,73.7,94.7,26.1
DVM_0017,PCC_003,2026-01-19,full_time,42,31.9,80,71.3,96.6,26.7
DVM_0017,PCC_003,2026-01-26,full_time,42,32.0,55,76.1,95.3,
DVM_0017,PCC_003,2026-02-02,full_time,42,37.6,72,71.3,88.9,29.8
DVM_0017,PCC_003,2026-02-09,full_time,42,29.2,60,69.9,96.8,30.8
DVM_0017,PCC_003,2026-02-16,full_time,42,31.0,77,73.5,100.0,29.9
DVM_0017,PCC_003,2026-02-23,full_time,42,39.6,105,74.5,92.7,28.3
DVM_0017,PCC_003,2026-03-02,full_time,42,24.9,73,75.9,93.3,28.7
DVM_0017,PCC_003,2026-03-09,full_time,42,18.4,35,71.5,95.2,25.8
DVM_0017,PCC_003,2026-03-16,full_time,42,30.3,54,73.7,92.6,29.1
DVM_0017,PCC_003,2026-03-23,full_time,42,28.6,64,78.5,90.9,27.1
DVM_0017,PCC_003,2026-03-30,full_time,42,30.1,68,75.3,95.7,30.7
DVM_0017,PCC_003,2026-04-06,full_time,42,17.9,35,69.6,85.6,28.0
DVM_0017,PCC_003,2026-04-13,FULL_TIME,42,30.8,81,72.4,98.0,26.8
DVM_0017,PCC_003,2026-04-20,full_time,42,31.8,74,70.1,95.1,30.0
DVM_0017,PCC_003,2026-04-27,full_time,42,28.3,69,69.1,94.8,28.0
DVM_0018,PCC_003,2025-11-03,full_time,61,29.8,73,69.8,97.8,28.6
DVM_0018,PCC_003,2025-11-10,full_time,61,32.2,66,79.3,90.3,30.4
DVM_0018,PCC_003,2025-11-17,full_time,61,18.2,34,77.7,92.9,26.9
DVM_0018,PCC_003,2025-11-24,full_time,61,32.4,69,69.0,96.2,33.9
DVM_0018,PCC_003,2025-12-01,full_time,61,35.6,85,74.0,90.6,33.9
DVM_0018,PCC_003,2025-12-08,full_time,61,26.9,58,75.8,84.8,30.8
DVM_0018,PCC_003,2025-12-15,full_time,61,39.2,102,74.1,93.2,35.3
DVM_0018,PCC_003,2025-12-22,full_time,61,23.2,47,63.9,87.0,32.8
DVM_0018,PCC_003,2025-12-29,full_time,61,20.8,47,70.3,94.4,30.5
DVM_0018,PCC_003,2026-01-05,full_time,61,34.5,86,72.8,92.7,29.9
DVM_0018,PCC_003,2026-01-12,full_time,61,28.1,78,73.4,99.2,29.8
DVM_0018,PCC_003,2026-01-19,full_time,61,30.9,66,67.6,90.3,30.6
DVM_0018,PCC_003,2026-01-26,full_time,61,31.3,92,83.2,90.1,30.8
DVM_0018,PCC_003,2026-02-02,full_time,61,40.9,90,69.4,91.5,30.8
DVM_0018,PCC_003,2026-02-09,full_time,61,32.0,72,67.6,88.3,32.4
DVM_0018,PCC_003,2026-02-23,full_time,61,27.1,57,75.4,85.1,28.8
DVM_0018,PCC_003,2026-03-02,full_time,61,32.6,64,67.9,90.2,35.2
DVM_0018,PCC_003,2026-03-09,full_time,61,35.8,100,70.9,89.8,32.3
DVM_0018,PCC_003,2026-03-23,full_time,61,26.9,66,68.0,99.0,34.5
DVM_0018,PCC_003,2026-03-30,full_time,61,24.9,62,77.3,99.7,32.7
DVM_0018,PCC_003,2026-04-06,full_time,61,41.7,95,69.7,85.6,32.7
DVM_0018,PCC_003,2026-04-20,full_time,61,32.3,82,67.0,89.3,33.3
DVM_0018,PCC_003,2026-04-27,full_time,61,26.2,48,70.3,84.7,35.8
DVM_0019,PCC_003,2025-11-03,full_time,92,33.8,83,94.9,95.5,19.8
DVM_0019,PCC_003,2025-11-10,full_time,92,28.7,57,91.1,92.5,21.1
DVM_0019,PCC_003,2025-11-17,full_time,92,24.0,63,80.7,93.5,20.0
DVM_0019,PCC_003,2025-11-24,full_time,92,23.9,69,83.0,96.6,22.8
DVM_0019,PCC_003,2025-12-01,FULL_TIME,92,31.4,76,94.7,99.3,17.4
DVM_0019,PCC_003,2025-12-08,full_time,92,28.4,57,78.9,93.1,17.5
DVM_0019,PCC_003,2025-12-15,full_time,92,27.9,61,80.2,98.3,18.3
DVM_0019,PCC_003,2025-12-22,full_time,92,23.8,71,82.8,99.7,19.1
DVM_0019,PCC_003,2025-12-29,full_time,92,33.9,72,91.3,96.5,19.8
DVM_0019,PCC_003,2026-01-05,full_time,92,42.0,82,90.9,100.0,16.4
DVM_0019,PCC_003,2026-01-12,full_time,92,35.3,61,85.5,96.2,22.1
DVM_0019,PCC_003,2026-01-19,full_time,92,30.2,51,88.8,95.2,17.4
DVM_0019,PCC_003,2026-01-26,full_time,92,29.3,72,94.2,100.0,21.7
DVM_0019,PCC_003,2026-02-02,full_time,92,31.8,55,87.8,90.4,17.0
DVM_0019,PCC_003,2026-02-09,full_time,92,38.8,72,80.1,87.8,22.2
DVM_0019,PCC_003,2026-02-16,full_time,92,33.9,98,82.4,92.7,22.1
DVM_0019,PCC_003,2026-02-23,full_time,92,31.7,85,82.1,90.0,17.3
DVM_0019,PCC_003,2026-03-02,full_time,92,39.5,96,82.2,94.9,16.3
DVM_0019,PCC_003,2026-03-09,full_time,92,37.0,89,81.8,93.9,20.6
DVM_0019,PCC_003,2026-03-16,full_time,92,34.5,72,74.3,93.8,18.1
DVM_0019,PCC_003,2026-03-23,full_time,92,38.7,81,83.7,94.8,19.1
DVM_0019,PCC_003,2026-04-06,FULL_TIME,92,41.3,89,78.8,95.8,22.5
DVM_0019,PCC_003,2026-04-13,full_time,92,32.7,70,76.1,100.0,19.5
DVM_0019,PCC_003,2026-04-20,full_time,92,31.6,73,95.7,93.6,20.2
DVM_0019,PCC_003,2026-04-27,full_time,92,36.2,70,84.5,86.0,18.6
DVM_0020,PCC_004,2025-11-03,full_time,71,31.4,88,78.1,95.5,24.8
DVM_0020,PCC_004,2025-11-10,full_time,71,30.7,80,80.9,100.0,27.5
DVM_0020,PCC_004,2025-11-17,full_time,71,28.1,69,80.9,91.4,27.7
DVM_0020,PCC_004,2025-11-24,full_time,71,38.1,101,79.7,94.1,25.1
DVM_0020,PCC_004,2025-12-01,full_time,71,33.9,98,85.9,94.2,24.9
DVM_0020,PCC_004,2025-12-08,full_time,71,30.9,94,77.7,99.1,22.6
DVM_0020,PCC_004,2025-12-15,full_time,71,34.4,96,80.3,95.9,26.5
DVM_0020,PCC_004,2025-12-22,full_time,71,19.6,54,84.6,100.0,23.7
DVM_0020,PCC_004,2025-12-29,full_time,71,34.9,107,89.7,100.0,29.0
DVM_0020,PCC_004,2026-01-05,full_time,71,28.3,86,93.7,95.2,26.1
DVM_0020,PCC_004,2026-01-12,full_time,71,36.0,114,82.4,92.4,27.9
DVM_0020,PCC_004,2026-01-19,full_time,71,34.6,110,82.8,91.7,24.4
DVM_0020,PCC_004,2026-01-26,full_time,71,29.9,84,74.0,100.0,24.6
DVM_0020,PCC_004,2026-02-02,full_time,71,30.0,77,82.1,100.0,25.7
DVM_0020,PCC_004,2026-02-09,full_time,71,32.8,106,80.4,97.6,25.5
DVM_0020,PCC_004,2026-02-16,full_time,71,33.2,113,80.2,98.7,25.6
DVM_0020,PCC_004,2026-02-23,full_time,71,38.5,107,91.3,99.4,25.0
DVM_0020,PCC_004,2026-03-02,full_time,71,26.1,93,83.5,94.4,25.9
DVM_0020,PCC_004,2026-03-09,full_time,71,37.4,138,72.6,94.7,25.9
DVM_0020,PCC_004,2026-03-16,full_time,71,34.2,108,71.1,93.2,28.6
DVM_0020,PCC_004,2026-03-30,full_time,71,28.5,83,86.7,97.1,27.5
DVM_0020,PCC_004,2026-04-06,full_time,71,30.4,84,84.4,100.0,25.9
DVM_0020,PCC_004,2026-04-13,full_time,71,35.5,113,79.8,94.1,27.1
DVM_0020,PCC_004,2026-04-20,full_time,71,26.7,97,78.1,93.2,22.0
DVM_0020,PCC_004,2026-04-27,full_time,71,37.9,93,84.5,92.8,24.0
DVM_0021,PCC_004,2025-11-03,FULL_TIME,49,42.3,124,75.1,91.8,25.0
DVM_0021,PCC_004,2025-11-10,full_time,49,31.3,82,74.0,91.7,26.7
DVM_0021,PCC_004,2025-11-17,full_time,49,44.1,150,71.2,84.4,27.3
DVM_0021,PCC_004,2025-11-24,full_time,49,20.3,59,79.5,88.1,29.9
DVM_0021,PCC_004,2025-12-01,full_time,49,27.8,78,72.2,92.0,27.5
DVM_0021,PCC_004,2025-12-08,full_time,49,32.7,102,72.5,89.3,30.1
DVM_0021,PCC_004,2025-12-22,full_time,49,27.8,89,72.2,89.1,29.3
DVM_0021,PCC_004,2025-12-29,full_time,49,28.2,96,65.4,94.5,28.6
DVM_0021,PCC_004,2026-01-05,full_time,49,24.3,73,72.2,92.9,29.1
DVM_0021,PCC_004,2026-01-12,full_time,49,42.3,142,74.4,90.2,27.2
DVM_0021,PCC_004,2026-01-19,full_time,49,34.6,99,84.7,87.3,29.9
DVM_0021,PCC_004,2026-01-26,full_time,49,30.0,98,73.5,83.8,26.1
DVM_0021,PCC_004,2026-02-02,full_time,49,31.5,85,82.5,84.6,25.4
DVM_0021,PCC_004,2026-02-09,full_time,49,38.3,101,72.3,88.7,28.3
DVM_0021,PCC_004,2026-02-16,full_time,49,36.9,130,76.1,93.8,29.9
DVM_0021,PCC_004,2026-03-02,full_time,49,37.2,120,71.9,84.8,23.7
DVM_0021,PCC_004,2026-03-16,full_time,49,38.3,125,76.2,92.2,31.2
DVM_0021,PCC_004,2026-03-23,full_time,49,25.7,79,68.4,91.5,29.6
DVM_0021,PCC_004,2026-03-30,full_time,49,36.0,113,78.0,92.4,25.5
DVM_0021,PCC_004,2026-04-06,full_time,49,33.7,105,73.6,91.4,24.5
DVM_0021,PCC_004,2026-04-13,full_time,49,29.0,83,66.6,86.5,26.2
DVM_0021,PCC_004,2026-04-20,full_time,49,28.0,82,70.2,91.2,30.2
DVM_0022,PCC_004,2025-11-03,full_time,32,28.3,84,98.5,87.9,26.8
DVM_0022,PCC_004,2025-11-10,full_time,32,25.7,78,93.0,83.4,26.7
DVM_0022,PCC_004,2025-11-17,FULL_TIME,32,30.5,81,86.7,82.9,21.4
DVM_0022,PCC_004,2025-12-01,full_time,32,24.1,74,94.0,88.1,23.0
DVM_0022,PCC_004,2025-12-08,full_time,32,33.5,100,100.0,87.1,23.8
DVM_0022,PCC_004,2025-12-15,full_time,32,31.0,95,91.0,82.3,29.0
DVM_0022,PCC_004,2025-12-22,full_time,32,39.6,107,99.2,92.8,28.4
DVM_0022,PCC_004,2025-12-29,full_time,32,30.6,98,100.0,86.6,23.1
DVM_0022,PCC_004,2026-01-05,full_time,32,30.4,102,92.9,90.4,25.3
DVM_0022,PCC_004,2026-01-12,full_time,32,35.6,102,100.0,93.4,29.3
DVM_0022,PCC_004,2026-01-19,full_time,32,32.8,88,93.6,88.4,26.7
DVM_0022,PCC_004,2026-01-26,full_time,32,25.3,72,92.5,88.1,23.1
DVM_0022,PCC_004,2026-02-02,full_time,32,27.4,82,96.6,82.7,24.4
DVM_0022,PCC_004,2026-02-09,full_time,32,38.7,126,90.1,84.4,23.9
DVM_0022,PCC_004,2026-02-16,full_time,32,37.7,114,98.6,85.9,23.2
DVM_0022,PCC_004,2026-02-23,full_time,32,25.3,85,95.7,90.6,24.3
DVM_0022,PCC_004,2026-03-02,full_time,32,30.5,75,92.0,85.8,26.9
DVM_0022,PCC_004,2026-03-16,full_time,32,26.8,82,85.4,93.1,25.2
DVM_0022,PCC_004,2026-03-23,full_time,32,35.0,104,92.1,86.9,28.1
DVM_0022,PCC_004,2026-03-30,full_time,32,29.1,88,100.0,81.2,27.8
DVM_0022,PCC_004,2026-04-06,full_time,32,37.3,126,93.6,84.8,25.6
DVM_0022,PCC_004,2026-04-13,FULL_TIME,32,37.0,115,88.6,85.5,25.8
DVM_0022,PCC_004,2026-04-20,full_time,32,37.0,148,97.5,83.6,26.5
DVM_0022,PCC_004,2026-04-27,full_time,32,26.2,83,89.0,79.9,22.3
DVM_0023,PCC_004,2025-11-03,relief,83,29.7,96,75.0,98.2,25.3
DVM_0023,PCC_004,2025-11-10,relief,83,4.4,13,79.9,99.5,26.8
DVM_0023,PCC_004,2025-11-17,relief,83,18.2,53,70.2,88.2,22.9
DVM_0023,PCC_004,2025-11-24,relief,83,28.9,62,80.8,96.5,25.7
DVM_0023,PCC_004,2025-12-01,relief,83,11.4,33,75.8,100.0,27.3
DVM_0023,PCC_004,2025-12-08,relief,83,11.6,43,77.3,96.7,25.4
DVM_0023,PCC_004,2025-12-15,relief,83,12.9,35,75.3,98.3,24.8
DVM_0023,PCC_004,2025-12-22,relief,83,10.6,31,78.3,97.9,27.5
DVM_0023,PCC_004,2025-12-29,relief,83,4.0,13,74.1,95.0,26.7
DVM_0023,PCC_004,2026-01-05,relief,83,11.5,33,78.1,100.0,23.5
DVM_0023,PCC_004,2026-01-12,relief,83,5.5,17,80.9,98.7,27.0
DVM_0023,PCC_004,2026-01-19,relief,83,14.7,50,75.4,100.0,25.5
DVM_0023,PCC_004,2026-01-26,relief,83,10.0,29,79.0,92.7,25.3
DVM_0023,PCC_004,2026-02-02,relief,83,23.5,68,74.6,96.2,24.1
DVM_0023,PCC_004,2026-02-09,relief,83,7.8,23,76.4,96.8,21.9
DVM_0023,PCC_004,2026-02-16,relief,83,22.9,71,83.6,100.0,25.8
DVM_0023,PCC_004,2026-02-23,relief,83,22.5,63,81.1,96.5,23.1
DVM_0023,PCC_004,2026-03-02,relief,83,8.2,26,78.5,93.3,26.9
DVM_0023,PCC_004,2026-03-09,relief,83,22.7,67,69.8,100.0,24.5
DVM_0023,PCC_004,2026-03-16,relief,83,13.4,34,79.7,95.2,24.5
DVM_0023,PCC_004,2026-03-23,relief,83,22.8,62,72.9,100.0,23.9
DVM_0023,PCC_004,2026-03-30,relief,83,18.0,57,74.1,96.9,21.9
DVM_0023,PCC_004,2026-04-06,relief,83,29.6,111,83.1,87.1,22.6
DVM_0023,PCC_004,2026-04-13,relief,83,23.8,75,75.7,94.5,26.0
DVM_0023,PCC_004,2026-04-20,relief,83,28.7,65,79.4,89.9,23.5
DVM_0023,PCC_004,2026-04-27,relief,83,21.6,65,78.9,100.0,24.3
DVM_0024,PCC_005,2025-11-03,full_time,89,30.7,83,37.1,94.4,27.1
DVM_0024,PCC_005,2025-11-10,full_time,89,26.0,61,47.5,94.3,28.3
DVM_0024,PCC_005,2025-11-17,full_time,89,37.3,88,37.2,89.7,26.1
DVM_0024,PCC_005,2025-12-01,full_time,89,18.5,47,40.6,95.5,27.6
DVM_0024,PCC_005,2025-12-08,full_time,89,37.7,97,39.9,93.0,23.4
DVM_0024,PCC_005,2025-12-15,full_time,89,33.6,68,31.0,92.6,28.2
DVM_0024,PCC_005,2025-12-22,full_time,89,27.0,79,44.9,95.6,25.1
DVM_0024,PCC_005,2026-01-05,full_time,89,38.8,84,40.0,92.8,28.0
DVM_0024,PCC_005,2026-01-12,full_time,89,22.2,52,45.2,88.3,23.8
DVM_0024,PCC_005,2026-01-19,full_time,89,34.4,83,43.8,93.6,25.0
DVM_0024,PCC_005,2026-01-26,full_time,89,22.8,66,31.2,85.0,24.9
DVM_0024,PCC_005,2026-02-02,full_time,89,19.7,40,43.1,93.2,28.6
DVM_0024,PCC_005,2026-02-09,full_time,89,32.1,74,31.5,86.4,25.7
DVM_0024,PCC_005,2026-02-16,full_time,89,24.4,53,42.3,91.2,26.0
DVM_0024,PCC_005,2026-02-23,full_time,89,45.4,115,36.4,87.5,27.2
DVM_0024,PCC_005,2026-03-02,full_time,89,32.1,70,40.8,91.2,27.8
DVM_0024,PCC_005,2026-03-09,full_time,89,35.1,83,47.5,96.5,24.8
DVM_0024,PCC_005,2026-03-16,full_time,89,29.2,74,38.7,90.1,
DVM_0024,PCC_005,2026-03-30,full_time,89,34.0,72,47.6,89.4,26.6
DVM_0024,PCC_005,2026-04-06,full_time,89,31.3,71,32.6,97.6,28.0
DVM_0024,PCC_005,2026-04-20,full_time,89,37.4,87,40.4,85.9,26.6
DVM_0024,PCC_005,2026-04-27,full_time,89,20.2,45,43.1,83.5,26.3
DVM_0025,PCC_005,2025-11-10,part_time,81,21.1,48,66.0,93.7,25.2
DVM_0025,PCC_005,2025-11-17,part_time,81,24.7,50,67.5,92.3,29.2
DVM_0025,PCC_005,2025-11-24,part_time,81,16.4,30,78.2,93.6,23.8
DVM_0025,PCC_005,2025-12-01,part_time,81,24.8,57,63.6,98.0,25.9
DVM_0025,PCC_005,2025-12-08,part_time,81,29.6,66,73.9,87.5,26.7
DVM_0025,PCC_005,2025-12-15,PART_TIME,81,19.1,60,70.3,89.8,28.3
DVM_0025,PCC_005,2025-12-22,part_time,81,14.4,30,72.7,90.3,24.6
DVM_0025,PCC_005,2025-12-29,part_time,81,19.8,51,74.4,100.0,27.4
DVM_0025,PCC_005,2026-01-05,part_time,81,15.1,31,69.4,87.5,27.1
DVM_0025,PCC_005,2026-01-12,part_time,81,21.7,52,63.3,93.1,24.8
DVM_0025,PCC_005,2026-01-19,part_time,81,15.7,33,68.2,93.1,25.4
DVM_0025,PCC_005,2026-01-26,part_time,81,32.7,72,66.5,95.1,27.5
DVM_0025,PCC_005,2026-02-02,part_time,81,22.2,51,76.6,92.4,27.1
DVM_0025,PCC_005,2026-02-09,part_time,81,17.5,41,67.0,93.9,25.8
DVM_0025,PCC_005,2026-02-16,part_time,81,14.7,35,64.9,92.6,25.8
DVM_0025,PCC_005,2026-02-23,part_time,81,18.1,44,75.7,90.2,26.2
DVM_0025,PCC_005,2026-03-02,part_time,81,16.0,42,73.2,90.5,29.6
DVM_0025,PCC_005,2026-03-09,part_time,81,23.7,60,72.1,88.7,26.5
DVM_0025,PCC_005,2026-03-16,part_time,81,19.3,40,67.1,83.4,26.9
DVM_0025,PCC_005,2026-03-23,part_time,81,30.2,66,65.9,91.7,26.7
DVM_0025,PCC_005,2026-03-30,part_time,81,16.0,35,74.2,85.3,25.6
DVM_0025,PCC_005,2026-04-06,part_time,81,20.4,43,76.3,83.5,21.1
DVM_0025,PCC_005,2026-04-13,part_time,81,25.5,66,72.8,91.0,24.7
DVM_0025,PCC_005,2026-04-20,part_time,81,26.5,63,71.7,99.0,28.8
DVM_0025,PCC_005,2026-04-27,part_time,81,31.3,65,72.2,95.5,26.7
DVM_0026,PCC_005,2025-11-03,FULL_TIME,79,48.0,101,75.1,80.5,28.7
DVM_0026,PCC_005,2025-11-10,full_time,79,28.7,80,75.8,83.1,24.9
DVM_0026,PCC_005,2025-11-24,full_time,79,41.0,101,68.3,88.5,25.8
DVM_0026,PCC_005,2025-12-01,full_time,79,46.6,112,72.3,90.3,23.6
DVM_0026,PCC_005,2025-12-08,full_time,79,27.2,64,74.1,81.9,25.7
DVM_0026,PCC_005,2025-12-15,full_time,79,33.3,69,74.1,85.3,28.1
DVM_0026,PCC_005,2025-12-22,full_time,79,28.6,72,78.2,92.1,27.3
DVM_0026,PCC_005,2025-12-29,full_time,79,25.3,70,75.7,84.9,25.5
DVM_0026,PCC_005,2026-01-12,full_time,79,34.8,74,71.4,87.7,24.0
DVM_0026,PCC_005,2026-01-19,full_time,79,21.6,48,71.5,85.5,32.2
DVM_0026,PCC_005,2026-01-26,full_time,79,29.1,73,70.5,93.5,26.5
DVM_0026,PCC_005,2026-02-02,full_time,79,35.7,78,68.8,88.7,22.9
DVM_0026,PCC_005,2026-02-09,full_time,79,33.2,63,71.9,82.9,25.7
DVM_0026,PCC_005,2026-02-16,full_time,79,36.7,89,75.2,90.8,22.9
DVM_0026,PCC_005,2026-02-23,full_time,79,26.9,57,75.3,86.5,32.8
DVM_0026,PCC_005,2026-03-09,full_time,79,37.5,76,72.5,85.1,31.1
DVM_0026,PCC_005,2026-03-16,full_time,79,44.4,107,77.5,81.4,25.1
DVM_0026,PCC_005,2026-03-23,full_time,79,36.5,94,82.4,86.1,26.9
DVM_0026,PCC_005,2026-03-30,full_time,79,34.1,72,73.2,87.2,27.7
DVM_0026,PCC_005,2026-04-06,full_time,79,32.7,77,83.6,89.8,28.0
DVM_0026,PCC_005,2026-04-13,full_time,79,38.1,79,72.4,86.6,28.1
DVM_0026,PCC_005,2026-04-20,full_time,79,21.1,59,72.3,90.3,25.9
DVM_0026,PCC_005,2026-04-27,full_time,79,37.6,86,78.9,87.3,27.1
DVM_0027,PCC_005,2025-11-03,full_time,57,34.0,86,75.8,88.2,33.1
DVM_0027,PCC_005,2025-11-10,full_time,57,29.4,63,67.0,85.3,32.4
DVM_0027,PCC_005,2025-11-17,full_time,57,40.5,91,66.6,84.3,37.4
DVM_0027,PCC_005,2025-11-24,full_time,57,36.9,90,68.1,83.0,31.1
DVM_0027,PCC_005,2025-12-01,full_time,57,24.4,41,81.1,86.4,32.2
DVM_0027,PCC_005,2025-12-08,full_time,57,31.6,82,67.5,90.5,35.4
DVM_0027,PCC_005,2025-12-15,full_time,57,31.2,70,67.9,82.9,35.7
DVM_0027,PCC_005,2025-12-22,full_time,57,32.1,73,75.3,83.2,31.1
DVM_0027,PCC_005,2025-12-29,full_time,57,25.7,76,74.1,90.9,32.7
DVM_0027,PCC_005,2026-01-05,full_time,57,20.3,43,74.8,80.0,32.6
DVM_0027,PCC_005,2026-01-12,full_time,57,48.0,91,71.4,82.6,34.1
DVM_0027,PCC_005,2026-01-19,full_time,57,30.8,81,59.4,88.3,35.8
DVM_0027,PCC_005,2026-01-26,full_time,57,31.9,64,69.2,89.0,33.7
DVM_0027,PCC_005,2026-02-09,full_time,57,23.5,56,75.1,83.7,35.8
DVM_0027,PCC_005,2026-02-16,full_time,57,23.3,59,76.2,86.5,36.5
DVM_0027,PCC_005,2026-02-23,full_time,57,31.9,69,74.7,81.4,33.5
DVM_0027,PCC_005,2026-03-02,full_time,57,30.2,73,72.8,83.9,35.7
DVM_0027,PCC_005,2026-03-09,full_time,57,30.5,91,68.2,82.2,31.1
DVM_0027,PCC_005,2026-03-16,full_time,57,35.0,77,70.0,85.4,35.7
DVM_0027,PCC_005,2026-03-23,full_time,57,26.6,61,73.5,84.2,33.5
DVM_0027,PCC_005,2026-04-06,full_time,57,32.6,71,69.7,82.6,31.0
DVM_0027,PCC_005,2026-04-20,full_time,57,28.4,82,69.4,92.2,35.0
DVM_0027,PCC_005,2026-04-27,full_time,57,41.2,85,75.7,88.9,32.4
DVM_0028,PCC_005,2025-11-03,full_time,82,35.4,72,82.9,93.3,28.6
DVM_0028,PCC_005,2025-11-10,full_time,82,33.0,86,77.7,88.6,25.0
DVM_0028,PCC_005,2025-11-17,full_time,82,30.4,69,81.6,96.3,29.8
DVM_0028,PCC_005,2025-11-24,full_time,82,41.9,105,85.0,85.2,27.3
DVM_0028,PCC_005,2025-12-01,full_time,82,42.6,91,79.1,94.4,26.8
DVM_0028,PCC_005,2025-12-08,full_time,82,37.8,66,86.2,90.8,29.3
DVM_0028,PCC_005,2025-12-15,full_time,82,37.2,78,80.6,81.2,27.4
DVM_0028,PCC_005,2025-12-22,full_time,82,34.2,64,81.7,90.1,28.9
DVM_0028,PCC_005,2026-01-05,full_time,82,27.1,62,87.0,90.6,25.5
DVM_0028,PCC_005,2026-01-12,full_time,82,30.8,92,81.6,84.6,31.4
DVM_0028,PCC_005,2026-01-19,full_time,82,36.8,72,82.2,91.2,32.4
DVM_0028,PCC_005,2026-01-26,full_time,82,26.3,59,86.4,91.3,25.4
DVM_0028,PCC_005,2026-02-02,full_time,82,26.8,53,89.0,89.5,31.2
DVM_0028,PCC_005,2026-02-09,full_time,82,24.0,60,80.5,85.3,30.0
DVM_0028,PCC_005,2026-02-16,full_time,82,32.4,72,81.2,87.5,28.1
DVM_0028,PCC_005,2026-02-23,full_time,82,19.3,43,81.1,84.0,27.7
DVM_0028,PCC_005,2026-03-02,FULL_TIME,82,33.5,87,80.7,91.7,28.9
DVM_0028,PCC_005,2026-03-09,full_time,82,39.3,81,83.8,83.3,28.0
DVM_0028,PCC_005,2026-03-16,full_time,82,37.4,105,89.0,88.5,29.2
DVM_0028,PCC_005,2026-03-23,FULL_TIME,82,22.2,40,78.3,91.8,31.1
DVM_0028,PCC_005,2026-03-30,full_time,82,23.6,57,84.0,84.0,27.9
DVM_0028,PCC_005,2026-04-06,FULL_TIME,82,37.2,86,83.5,93.7,27.6
DVM_0028,PCC_005,2026-04-13,full_time,82,26.4,62,82.5,83.1,30.9
DVM_0028,PCC_005,2026-04-20,full_time,82,28.6,57,79.5,94.5,29.8
DVM_0028,PCC_005,2026-04-27,full_time,82,32.7,82,76.8,90.4,31.4
DVM_0029,PCC_005,2025-11-03,full_time,5,33.4,85,70.7,79.3,28.0
DVM_0029,PCC_005,2025-11-10,full_time,5,22.2,51,67.6,93.3,27.0
DVM_0029,PCC_005,2025-11-17,full_time,5,35.6,76,57.8,81.6,28.0
DVM_0029,PCC_005,2025-11-24,full_time,5,36.0,80,67.9,82.4,25.5
DVM_0029,PCC_005,2025-12-01,full_time,5,47.7,99,62.4,92.6,27.6
DVM_0029,PCC_005,2025-12-15,full_time,5,33.6,72,63.9,87.8,22.1
DVM_0029,PCC_005,2025-12-22,full_time,5,26.9,69,64.0,87.8,24.3
DVM_0029,PCC_005,2025-12-29,full_time,5,36.9,70,69.1,87.9,27.3
DVM_0029,PCC_005,2026-01-12,full_time,5,28.1,62,68.8,84.6,23.5
DVM_0029,PCC_005,2026-01-19,full_time,5,32.8,73,68.0,80.8,27.8
DVM_0029,PCC_005,2026-01-26,full_time,5,27.2,59,68.4,86.0,25.0
DVM_0029,PCC_005,2026-02-02,FULL_TIME,5,27.7,63,67.3,86.0,24.1
DVM_0029,PCC_005,2026-02-09,full_time,5,35.9,70,64.6,76.5,26.5
DVM_0029,PCC_005,2026-02-16,full_time,5,24.4,75,66.9,83.9,23.5
DVM_0029,PCC_005,2026-02-23,full_time,5,38.1,102,71.0,83.9,28.7
DVM_0029,PCC_005,2026-03-02,FULL_TIME,5,34.3,82,59.9,88.4,27.8
DVM_0029,PCC_005,2026-03-09,full_time,5,28.4,70,75.0,79.8,24.8
DVM_0029,PCC_005,2026-03-16,full_time,5,30.3,66,70.6,87.9,24.3
DVM_0029,PCC_005,2026-03-23,full_time,5,28.4,64,72.3,84.0,21.6
DVM_0029,PCC_005,2026-03-30,full_time,5,25.9,71,70.5,89.3,24.0
DVM_0029,PCC_005,2026-04-06,full_time,5,36.5,90,68.4,87.8,20.2
DVM_0029,PCC_005,2026-04-20,full_time,5,30.9,76,61.6,78.2,26.1
DVM_0029,PCC_005,2026-04-27,full_time,5,24.2,56,61.9,85.5,24.1
DVM_0030,PCC_006,2025-11-03,full_time,42,27.5,73,92.2,90.1,25.7
DVM_0030,PCC_006,2025-11-10,full_time,42,35.0,79,89.2,86.3,27.4
DVM_0030,PCC_006,2025-11-17,full_time,42,31.2,89,86.9,95.6,27.4
DVM_0030,PCC_006,2025-11-24,full_time,42,33.4,95,82.3,88.1,27.2
DVM_0030,PCC_006,2025-12-01,full_time,42,30.4,71,86.9,82.1,30.3
DVM_0030,PCC_006,2025-12-08,full_time,42,35.1,85,85.7,94.6,26.2
DVM_0030,PCC_006,2025-12-15,full_time,42,24.3,71,89.7,88.6,30.6
DVM_0030,PCC_006,2025-12-22,full_time,42,31.9,72,88.4,88.6,27.9
DVM_0030,PCC_006,2025-12-29,full_time,42,35.8,98,85.4,93.5,28.0
DVM_0030,PCC_006,2026-01-05,full_time,42,26.7,67,83.4,89.0,28.9
DVM_0030,PCC_006,2026-01-12,full_time,42,29.5,79,88.1,86.6,27.0
DVM_0030,PCC_006,2026-01-19,full_time,42,26.3,63,88.1,91.4,27.8
DVM_0030,PCC_006,2026-01-26,full_time,42,37.7,70,85.0,95.3,22.5
DVM_0030,PCC_006,2026-02-02,full_time,42,25.0,54,95.5,85.0,28.8
DVM_0030,PCC_006,2026-02-09,full_time,42,24.8,59,90.1,87.0,25.0
DVM_0030,PCC_006,2026-02-16,full_time,42,31.7,81,81.7,88.3,30.4
DVM_0030,PCC_006,2026-02-23,full_time,42,24.4,54,92.3,92.7,30.0
DVM_0030,PCC_006,2026-03-02,full_time,42,34.7,89,92.8,88.9,27.9
DVM_0030,PCC_006,2026-03-09,full_time,42,34.4,92,90.0,92.0,26.0
DVM_0030,PCC_006,2026-03-16,full_time,42,39.0,103,90.1,89.3,29.4
DVM_0030,PCC_006,2026-03-23,full_time,42,27.4,67,78.4,86.7,29.8
DVM_0030,PCC_006,2026-03-30,full_time,42,39.4,105,87.5,80.3,29.9
DVM_0030,PCC_006,2026-04-06,full_time,42,40.5,88,93.8,86.6,30.9
DVM_0030,PCC_006,2026-04-13,full_time,42,39.9,76,88.6,89.4,26.9
DVM_0030,PCC_006,2026-04-20,full_time,42,22.8,61,87.4,90.4,29.1
DVM_0030,PCC_006,2026-04-27,full_time,42,32.6,68,85.5,81.1,28.0
DVM_0031,PCC_006,2025-11-03,full_time,10,27.1,66,94.4,81.7,22.7
DVM_0031,PCC_006,2025-11-10,full_time,10,37.2,92,94.4,93.8,22.5
DVM_0031,PCC_006,2025-11-17,full_time,10,44.9,103,97.8,87.3,19.9
DVM_0031,PCC_006,2025-12-01,full_time,10,40.0,86,96.8,99.3,21.3
DVM_0031,PCC_006,2025-12-08,full_time,10,35.8,63,90.0,85.1,20.5
DVM_0031,PCC_006,2025-12-15,full_time,10,27.2,51,94.6,88.8,20.8
DVM_0031,PCC_006,2025-12-22,full_time,10,21.7,49,96.8,84.0,16.8
DVM_0031,PCC_006,2025-12-29,full_time,10,27.3,69,94.4,87.5,19.6
DVM_0031,PCC_006,2026-01-05,full_time,10,30.0,95,88.9,86.3,22.7
DVM_0031,PCC_006,2026-01-12,full_time,10,42.2,107,88.8,87.7,24.5
DVM_0031,PCC_006,2026-01-19,full_time,10,26.2,69,99.4,96.8,24.3
DVM_0031,PCC_006,2026-01-26,full_time,10,38.0,80,84.3,91.0,22.2
DVM_0031,PCC_006,2026-02-02,full_time,10,41.5,98,94.5,89.5,23.5
DVM_0031,PCC_006,2026-02-09,full_time,10,28.8,74,96.6,93.2,22.9
DVM_0031,PCC_006,2026-02-16,FULL_TIME,10,31.0,85,89.5,93.9,24.3
DVM_0031,PCC_006,2026-02-23,full_time,10,31.8,73,100.0,91.8,22.4
DVM_0031,PCC_006,2026-03-02,full_time,10,27.3,76,91.3,83.5,24.0
DVM_0031,PCC_006,2026-03-09,full_time,10,37.6,85,97.7,87.3,22.4
DVM_0031,PCC_006,2026-03-16,full_time,10,37.8,79,89.7,93.3,19.7
DVM_0031,PCC_006,2026-03-23,full_time,10,42.5,90,91.5,90.8,22.9
DVM_0031,PCC_006,2026-03-30,full_time,10,44.3,114,95.8,86.2,19.8
DVM_0031,PCC_006,2026-04-06,full_time,10,36.5,83,90.2,89.9,22.0
DVM_0031,PCC_006,2026-04-13,full_time,10,30.8,63,95.8,89.7,19.6
DVM_0031,PCC_006,2026-04-20,full_time,10,31.6,70,90.2,93.1,20.3
DVM_0031,PCC_006,2026-04-27,full_time,10,23.5,58,89.6,92.8,25.0
DVM_0032,PCC_006,2025-11-03,full_time,73,33.9,75,69.8,83.8,30.1
DVM_0032,PCC_006,2025-11-10,full_time,73,30.3,72,77.8,92.8,27.8
DVM_0032,PCC_006,2025-11-17,full_time,73,32.2,86,64.1,89.0,
DVM_0032,PCC_006,2025-11-24,full_time,73,26.5,68,72.2,84.4,29.6
DVM_0032,PCC_006,2025-12-01,full_time,73,39.2,80,78.0,78.5,29.3
DVM_0032,PCC_006,2025-12-08,full_time,73,36.0,93,76.3,87.2,28.2
DVM_0032,PCC_006,2025-12-15,full_time,73,36.0,96,71.3,89.0,27.5
DVM_0032,PCC_006,2025-12-22,full_time,73,33.9,66,76.1,92.9,25.5
DVM_0032,PCC_006,2025-12-29,full_time,73,28.4,73,74.6,85.4,30.2
DVM_0032,PCC_006,2026-01-05,full_time,73,28.2,70,75.5,93.8,24.6
DVM_0032,PCC_006,2026-01-12,full_time,73,31.9,84,81.0,81.1,26.4
DVM_0032,PCC_006,2026-01-19,full_time,73,29.2,61,82.4,91.8,29.1
DVM_0032,PCC_006,2026-01-26,full_time,73,30.3,88,75.0,85.0,29.0
DVM_0032,PCC_006,2026-02-02,full_time,73,35.2,71,78.0,78.2,25.9
DVM_0032,PCC_006,2026-02-09,full_time,73,36.9,112,77.2,85.4,28.5
DVM_0032,PCC_006,2026-02-23,full_time,73,41.0,112,78.9,87.2,24.6
DVM_0032,PCC_006,2026-03-02,FULL_TIME,73,45.7,101,75.8,83.2,27.7
DVM_0032,PCC_006,2026-03-09,full_time,73,33.6,66,77.6,86.6,26.8
DVM_0032,PCC_006,2026-03-16,full_time,73,37.2,81,77.0,89.1,31.5
DVM_0032,PCC_006,2026-03-23,full_time,73,38.8,120,71.6,92.4,24.8
DVM_0032,PCC_006,2026-03-30,full_time,73,37.0,82,80.5,90.1,25.8
DVM_0032,PCC_006,2026-04-06,full_time,73,37.5,70,84.9,85.6,25.1
DVM_0032,PCC_006,2026-04-13,full_time,73,25.7,66,73.4,83.5,25.2
DVM_0032,PCC_006,2026-04-20,full_time,73,42.3,96,73.3,84.6,29.4
DVM_0032,PCC_006,2026-04-27,full_time,73,27.8,58,76.4,86.5,23.2
DVM_0033,PCC_006,2025-11-03,full_time,67,39.9,91,71.9,89.3,23.5
DVM_0033,PCC_006,2025-11-10,FULL_TIME,67,37.8,95,71.2,93.7,26.0
DVM_0033,PCC_006,2025-11-24,full_time,67,30.1,68,67.0,100.0,26.0
DVM_0033,PCC_006,2025-12-01,full_time,67,41.2,96,68.1,99.3,
DVM_0033,PCC_006,2025-12-08,full_time,67,43.0,106,78.8,92.9,28.8
DVM_0033,PCC_006,2025-12-22,full_time,67,42.4,77,70.8,95.2,26.6
DVM_0033,PCC_006,2025-12-29,full_time,67,33.4,86,75.6,95.5,27.5
DVM_0033,PCC_006,2026-01-05,full_time,67,43.0,85,71.9,90.3,28.2
DVM_0033,PCC_006,2026-01-19,full_time,67,28.5,72,76.3,92.1,29.8
DVM_0033,PCC_006,2026-01-26,full_time,67,31.8,85,75.3,93.6,25.5
DVM_0033,PCC_006,2026-02-02,full_time,67,20.5,45,69.5,94.8,24.8
DVM_0033,PCC_006,2026-02-09,full_time,67,47.4,119,72.0,91.7,31.0
DVM_0033,PCC_006,2026-02-16,FULL_TIME,67,28.0,74,77.9,96.1,30.1
DVM_0033,PCC_006,2026-02-23,full_time,67,23.7,73,76.7,91.0,25.4
DVM_0033,PCC_006,2026-03-02,full_time,67,38.8,75,70.5,97.3,27.5
DVM_0033,PCC_006,2026-03-09,full_time,67,36.7,97,74.8,91.8,27.3
DVM_0033,PCC_006,2026-03-16,full_time,67,27.6,66,70.4,90.4,26.6
DVM_0033,PCC_006,2026-03-23,full_time,67,38.5,76,68.1,92.5,31.7
DVM_0033,PCC_006,2026-03-30,full_time,67,25.4,51,69.8,98.4,27.4
DVM_0033,PCC_006,2026-04-06,full_time,67,38.8,91,68.3,87.2,31.0
DVM_0033,PCC_006,2026-04-13,full_time,67,31.6,68,74.1,92.8,26.0
DVM_0033,PCC_006,2026-04-20,full_time,67,41.8,131,71.1,98.3,27.1
DVM_0033,PCC_006,2026-04-27,full_time,67,32.4,81,70.3,98.8,29.7
DVM_0034,PCC_006,2025-11-03,full_time,36,42.3,90,76.8,93.7,27.2
DVM_0034,PCC_006,2025-11-10,full_time,36,25.7,56,82.4,95.3,27.1
DVM_0034,PCC_006,2025-11-17,full_time,36,38.9,98,86.4,92.3,25.5
DVM_0034,PCC_006,2025-11-24,FULL_TIME,36,40.0,94,82.1,90.7,26.4
DVM_0034,PCC_006,2025-12-01,full_time,36,39.0,84,87.0,90.2,28.7
DVM_0034,PCC_006,2025-12-08,full_time,36,44.6,82,75.3,96.1,23.1
DVM_0034,PCC_006,2025-12-15,full_time,36,38.6,99,78.6,91.1,
DVM_0034,PCC_006,2025-12-29,full_time,36,21.8,49,93.2,88.6,23.1
DVM_0034,PCC_006,2026-01-05,full_time,36,28.4,63,82.2,87.7,23.6
DVM_0034,PCC_006,2026-01-12,full_time,36,34.9,85,83.7,100.0,24.1
DVM_0034,PCC_006,2026-01-19,full_time,36,26.6,78,83.8,81.6,23.5
DVM_0034,PCC_006,2026-01-26,full_time,36,30.2,75,91.1,92.3,26.3
DVM_0034,PCC_006,2026-02-02,full_time,36,31.9,69,87.9,92.6,24.5
DVM_0034,PCC_006,2026-02-09,full_time,36,25.9,71,83.3,85.6,24.5
DVM_0034,PCC_006,2026-02-16,full_time,36,37.2,95,87.7,88.9,28.7
DVM_0034,PCC_006,2026-02-23,full_time,36,32.3,80,83.5,85.9,29.8
DVM_0034,PCC_006,2026-03-09,full_time,36,36.4,84,84.8,86.3,23.2
DVM_0034,PCC_006,2026-03-16,full_time,36,34.5,95,85.6,92.7,20.1
DVM_0034,PCC_006,2026-03-23,full_time,36,39.6,120,77.8,92.8,25.6
DVM_0034,PCC_006,2026-03-30,full_time,36,34.8,71,77.1,94.2,25.6
DVM_0034,PCC_006,2026-04-06,full_time,36,41.0,112,84.9,92.9,27.3
DVM_0034,PCC_006,2026-04-13,full_time,36,42.2,111,78.9,91.9,24.8
DVM_0034,PCC_006,2026-04-20,full_time,36,37.9,70,73.0,89.6,29.1
DVM_0034,PCC_006,2026-04-27,full_time,36,21.4,57,84.0,87.4,23.8
DVM_0035,PCC_007,2025-12-01,full_time,40,35.3,90,89.1,97.8,24.5
DVM_0035,PCC_007,2025-12-15,full_time,40,27.0,66,89.5,86.6,24.5
DVM_0035,PCC_007,2025-12-22,full_time,40,41.0,100,85.6,87.9,25.2
DVM_0035,PCC_007,2025-12-29,full_time,40,45.9,106,90.9,88.9,26.3
DVM_0035,PCC_007,2026-01-05,full_time,40,35.2,71,90.0,85.3,25.5
DVM_0035,PCC_007,2026-01-12,full_time,40,28.7,57,83.8,89.2,26.9
DVM_0035,PCC_007,2026-01-19,full_time,40,38.1,96,83.2,84.9,27.2
DVM_0035,PCC_007,2026-01-26,full_time,40,33.3,91,87.9,89.8,26.2
DVM_0035,PCC_007,2026-02-02,full_time,40,21.8,41,91.6,84.1,24.7
DVM_0035,PCC_007,2026-02-09,full_time,40,29.1,47,90.9,86.1,25.0
DVM_0035,PCC_007,2026-02-16,full_time,40,32.6,53,93.9,83.7,29.0
DVM_0035,PCC_007,2026-02-23,full_time,40,28.4,67,82.7,83.3,28.5
DVM_0035,PCC_007,2026-03-02,full_time,40,23.6,60,88.4,95.0,28.4
DVM_0035,PCC_007,2026-03-09,full_time,40,25.1,44,88.8,88.9,27.6
DVM_0035,PCC_007,2026-03-16,full_time,40,48.0,130,87.8,89.3,27.3
DVM_0035,PCC_007,2026-03-23,full_time,40,33.1,59,93.5,85.3,28.8
DVM_0035,PCC_007,2026-04-06,full_time,40,34.0,75,89.5,84.5,27.7
DVM_0035,PCC_007,2026-04-13,full_time,40,30.6,50,82.2,86.1,26.3
DVM_0035,PCC_007,2026-04-20,full_time,40,39.6,90,94.9,82.5,24.8
DVM_0035,PCC_007,2026-04-27,full_time,40,37.5,73,93.5,84.4,27.8
DVM_0036,PCC_007,2025-12-01,full_time,15,35.5,87,88.5,97.1,33.0
DVM_0036,PCC_007,2025-12-15,full_time,15,33.3,76,91.4,96.4,37.1
DVM_0036,PCC_007,2025-12-22,full_time,15,30.8,82,86.0,95.1,32.8
DVM_0036,PCC_007,2025-12-29,full_time,15,23.0,46,93.4,97.6,36.0
DVM_0036,PCC_007,2026-01-05,full_time,15,25.9,69,89.9,91.6,34.9
DVM_0036,PCC_007,2026-01-12,full_time,15,38.4,77,92.2,95.9,38.4
DVM_0036,PCC_007,2026-01-19,FULL_TIME,15,35.6,91,82.1,97.7,37.3
DVM_0036,PCC_007,2026-01-26,full_time,15,27.3,66,88.4,95.5,32.9
DVM_0036,PCC_007,2026-02-02,full_time,15,32.2,52,83.3,97.7,35.8
DVM_0036,PCC_007,2026-02-09,full_time,15,28.7,66,88.4,97.4,34.8
DVM_0036,PCC_007,2026-02-16,full_time,15,24.0,53,78.4,94.9,34.3
DVM_0036,PCC_007,2026-02-23,full_time,15,31.4,81,90.4,99.9,31.7
DVM_0036,PCC_007,2026-03-02,full_time,15,31.2,74,82.2,90.2,36.4
DVM_0036,PCC_007,2026-03-09,full_time,15,25.5,53,87.0,87.3,30.5
DVM_0036,PCC_007,2026-03-16,full_time,15,29.6,66,85.1,91.4,33.3
DVM_0036,PCC_007,2026-03-23,full_time,15,26.5,56,79.0,93.5,33.2
DVM_0036,PCC_007,2026-03-30,full_time,15,36.8,70,83.6,98.0,40.2
DVM_0036,PCC_007,2026-04-13,full_time,15,37.6,74,86.8,91.5,36.2
DVM_0036,PCC_007,2026-04-20,full_time,15,38.6,92,90.5,97.0,32.9
DVM_0037,PCC_007,2025-12-01,full_time,54,30.4,60,87.0,87.7,23.5
DVM_0037,PCC_007,2025-12-08,full_time,54,33.1,77,80.6,97.2,29.2
DVM_0037,PCC_007,2025-12-15,FULL_TIME,54,35.3,69,85.8,94.4,30.0
DVM_0037,PCC_007,2025-12-22,full_time,54,25.1,55,77.2,88.1,26.7
DVM_0037,PCC_007,2025-12-29,full_time,54,31.0,68,85.2,88.9,26.7
DVM_0037,PCC_007,2026-01-05,full_time,54,25.2,52,85.1,93.0,31.2
DVM_0037,PCC_007,2026-01-12,FULL_TIME,54,21.3,45,76.5,92.1,30.5
DVM_0037,PCC_007,2026-01-19,full_time,54,34.3,56,80.6,90.2,25.3
DVM_0037,PCC_007,2026-01-26,full_time,54,30.9,78,83.7,91.6,29.6
DVM_0037,PCC_007,2026-02-02,full_time,54,33.2,75,86.8,89.5,32.0
DVM_0037,PCC_007,2026-02-09,full_time,54,33.3,84,91.6,94.6,32.4
DVM_0037,PCC_007,2026-02-16,full_time,54,28.5,72,84.7,84.0,29.3
DVM_0037,PCC_007,2026-02-23,full_time,54,33.6,68,83.7,97.3,29.7
DVM_0037,PCC_007,2026-03-02,full_time,54,34.2,72,84.6,92.5,30.1
DVM_0037,PCC_007,2026-03-09,full_time,54,33.8,79,84.1,93.0,26.1
DVM_0037,PCC_007,2026-03-23,full_time,54,37.3,79,78.6,87.2,26.1
DVM_0037,PCC_007,2026-04-06,full_time,54,30.3,69,89.9,92.7,31.1
DVM_0037,PCC_007,2026-04-13,full_time,54,41.6,79,79.4,86.9,29.1
DVM_0037,PCC_007,2026-04-20,full_time,54,25.1,64,91.2,82.1,29.5
DVM_0037,PCC_007,2026-04-27,full_time,54,31.4,68,78.4,93.8,27.0
DVM_0038,PCC_008,2025-11-03,relief,95,21.6,56,85.3,85.1,31.5
DVM_0038,PCC_008,2025-11-10,relief,95,27.8,55,91.1,89.7,30.8
DVM_0038,PCC_008,2025-11-17,relief,95,24.4,71,81.3,83.3,29.8
DVM_0038,PCC_008,2025-11-24,relief,95,15.8,31,93.5,89.4,32.0
DVM_0038,PCC_008,2025-12-01,relief,95,26.4,70,79.6,86.4,36.1
DVM_0038,PCC_008,2025-12-08,relief,95,18.1,37,74.9,88.3,34.4
DVM_0038,PCC_008,2025-12-15,relief,95,10.9,26,82.2,91.5,31.4
DVM_0038,PCC_008,2025-12-22,relief,95,20.5,72,84.7,91.8,34.7
DVM_0038,PCC_008,2025-12-29,relief,95,10.7,26,77.5,87.0,33.0
DVM_0038,PCC_008,2026-01-05,relief,95,15.8,44,80.6,92.8,32.3
DVM_0038,PCC_008,2026-01-12,relief,95,13.5,24,87.7,91.2,31.5
DVM_0038,PCC_008,2026-01-19,relief,95,18.9,44,80.6,86.1,30.3
DVM_0038,PCC_008,2026-01-26,relief,95,11.6,26,84.4,94.4,27.2
DVM_0038,PCC_008,2026-02-02,relief,95,17.7,34,95.3,91.3,31.5
DVM_0038,PCC_008,2026-02-16,relief,95,4.5,11,81.2,84.4,33.4
DVM_0038,PCC_008,2026-02-23,relief,95,21.0,58,83.4,87.4,36.2
DVM_0038,PCC_008,2026-03-02,relief,95,13.6,33,98.0,91.7,32.6
DVM_0038,PCC_008,2026-03-09,relief,95,18.7,45,88.2,95.5,34.6
DVM_0038,PCC_008,2026-03-16,relief,95,22.1,57,91.2,88.0,31.4
DVM_0038,PCC_008,2026-03-23,relief,95,15.3,33,89.5,85.7,33.3
DVM_0038,PCC_008,2026-03-30,relief,95,17.7,37,92.6,82.7,30.4
DVM_0038,PCC_008,2026-04-06,relief,95,17.8,44,92.8,86.6,32.3
DVM_0038,PCC_008,2026-04-13,relief,95,23.7,62,81.4,89.5,34.9
DVM_0038,PCC_008,2026-04-20,relief,95,15.7,29,83.0,82.4,32.0
DVM_0038,PCC_008,2026-04-27,RELIEF,95,15.9,29,96.2,85.9,32.4
DVM_0039,PCC_008,2025-11-03,full_time,11,33.5,73,84.6,87.9,22.7
DVM_0039,PCC_008,2025-11-10,full_time,11,32.0,64,86.6,94.7,24.8
DVM_0039,PCC_008,2025-11-17,full_time,11,29.7,65,78.6,95.0,23.3
DVM_0039,PCC_008,2025-11-24,full_time,11,36.5,104,77.1,93.0,18.6
DVM_0039,PCC_008,2025-12-01,full_time,11,26.5,52,87.8,96.5,23.5
DVM_0039,PCC_008,2025-12-08,full_time,11,38.1,83,72.5,98.4,23.4
DVM_0039,PCC_008,2025-12-15,full_time,11,42.3,109,81.2,97.8,26.0
DVM_0039,PCC_008,2025-12-22,full_time,11,25.0,58,77.3,92.7,27.4
DVM_0039,PCC_008,2025-12-29,full_time,11,37.4,75,80.5,100.0,22.7
DVM_0039,PCC_008,2026-01-05,full_time,11,24.4,63,77.9,87.8,24.5
DVM_0039,PCC_008,2026-01-12,full_time,11,24.7,64,84.9,95.6,24.7
DVM_0039,PCC_008,2026-01-19,full_time,11,34.5,91,84.7,95.4,19.5
DVM_0039,PCC_008,2026-01-26,full_time,11,25.0,45,88.0,100.0,24.3
DVM_0039,PCC_008,2026-02-09,full_time,11,31.7,89,73.1,93.8,24.7
DVM_0039,PCC_008,2026-02-16,full_time,11,40.1,107,77.1,100.0,20.8
DVM_0039,PCC_008,2026-02-23,FULL_TIME,11,40.2,88,84.7,100.0,22.3
DVM_0039,PCC_008,2026-03-02,full_time,11,26.5,76,83.6,90.2,25.5
DVM_0039,PCC_008,2026-03-09,full_time,11,34.0,81,78.5,95.1,22.8
DVM_0039,PCC_008,2026-03-16,full_time,11,26.4,69,75.8,95.8,19.6
DVM_0039,PCC_008,2026-03-23,full_time,11,38.3,85,80.6,93.4,21.4
DVM_0039,PCC_008,2026-03-30,full_time,11,23.5,56,80.9,94.6,25.2
DVM_0039,PCC_008,2026-04-06,full_time,11,32.2,77,83.9,99.1,28.6
DVM_0039,PCC_008,2026-04-13,full_time,11,28.0,66,72.0,94.9,22.9
DVM_0039,PCC_008,2026-04-20,full_time,11,36.1,96,82.2,95.7,20.5
DVM_0039,PCC_008,2026-04-27,full_time,11,19.3,38,74.2,94.4,23.5
DVM_0040,PCC_008,2025-11-03,part_time,8,33.2,74,95.2,82.5,27.6
DVM_0040,PCC_008,2025-11-10,part_time,8,24.2,61,88.2,91.4,26.3
DVM_0040,PCC_008,2025-11-17,part_time,8,18.6,38,87.4,94.1,29.9
DVM_0040,PCC_008,2025-11-24,part_time,8,17.8,36,90.1,91.5,29.9
DVM_0040,PCC_008,2025-12-01,part_time,8,12.7,31,88.4,92.0,26.4
DVM_0040,PCC_008,2025-12-08,part_time,8,16.0,36,89.1,83.9,27.3
DVM_0040,PCC_008,2025-12-15,part_time,8,17.6,37,86.1,91.3,24.6
DVM_0040,PCC_008,2025-12-22,part_time,8,18.6,46,84.7,81.9,22.1
DVM_0040,PCC_008,2026-01-05,part_time,8,17.4,50,88.3,93.7,28.0
DVM_0040,PCC_008,2026-01-12,part_time,8,13.8,26,84.2,86.7,24.8
DVM_0040,PCC_008,2026-01-19,part_time,8,12.4,26,87.6,85.7,32.4
DVM_0040,PCC_008,2026-01-26,part_time,8,19.5,37,91.5,90.0,26.3
DVM_0040,PCC_008,2026-02-02,part_time,8,15.4,34,87.1,82.9,21.7
DVM_0040,PCC_008,2026-02-09,part_time,8,15.9,34,88.9,88.4,27.4
DVM_0040,PCC_008,2026-02-16,part_time,8,18.7,43,90.8,91.7,27.6
DVM_0040,PCC_008,2026-03-02,part_time,8,15.4,39,92.8,96.9,26.2
DVM_0040,PCC_008,2026-03-09,part_time,8,20.1,48,94.6,91.8,29.1
DVM_0040,PCC_008,2026-03-16,part_time,8,21.3,54,89.6,88.9,24.4
DVM_0040,PCC_008,2026-03-23,part_time,8,18.5,40,91.5,89.0,25.5
DVM_0040,PCC_008,2026-03-30,part_time,8,17.5,44,87.3,87.5,21.5
DVM_0040,PCC_008,2026-04-06,part_time,8,23.1,57,94.4,85.2,28.5
DVM_0040,PCC_008,2026-04-13,part_time,8,13.2,33,91.7,88.8,28.0
DVM_0040,PCC_008,2026-04-20,part_time,8,11.6,30,91.3,90.5,28.1
DVM_0040,PCC_008,2026-04-27,part_time,8,20.3,40,86.5,89.0,26.8
DVM_0041,PCC_008,2025-11-03,part_time,68,23.9,58,70.0,85.9,32.4
DVM_0041,PCC_008,2025-11-10,part_time,68,22.8,42,73.4,82.5,26.1
DVM_0041,PCC_008,2025-11-17,part_time,68,9.3,22,88.0,82.3,
DVM_0041,PCC_008,2025-11-24,part_time,68,28.8,73,79.3,82.9,29.4
DVM_0041,PCC_008,2025-12-01,part_time,68,12.2,28,80.8,81.8,31.3
DVM_0041,PCC_008,2025-12-08,part_time,68,21.8,53,73.1,80.7,35.2
DVM_0041,PCC_008,2025-12-15,part_time,68,22.3,52,66.1,90.0,28.3
DVM_0041,PCC_008,2025-12-22,part_time,68,11.6,24,73.2,86.8,31.2
DVM_0041,PCC_008,2025-12-29,part_time,68,23.8,52,76.0,85.9,30.3
DVM_0041,PCC_008,2026-01-05,part_time,68,14.6,26,74.4,77.4,30.2
DVM_0041,PCC_008,2026-01-12,part_time,68,14.3,28,77.6,81.8,28.3
DVM_0041,PCC_008,2026-01-19,part_time,68,10.6,29,77.0,85.8,28.5
DVM_0041,PCC_008,2026-01-26,part_time,68,10.9,23,75.1,76.7,27.0
DVM_0041,PCC_008,2026-02-02,part_time,68,19.8,48,86.1,90.4,31.9
DVM_0041,PCC_008,2026-02-09,part_time,68,14.9,40,76.4,87.0,29.7
DVM_0041,PCC_008,2026-02-16,part_time,68,17.0,39,83.6,84.9,29.9
DVM_0041,PCC_008,2026-02-23,part_time,68,18.9,49,73.8,84.3,30.6
DVM_0041,PCC_008,2026-03-02,part_time,68,20.8,55,80.3,81.0,29.3
DVM_0041,PCC_008,2026-03-09,part_time,68,21.1,46,72.2,81.2,27.1
DVM_0041,PCC_008,2026-03-16,part_time,68,15.2,29,77.0,77.3,28.5
DVM_0041,PCC_008,2026-03-23,part_time,68,27.8,85,75.7,76.6,29.2
DVM_0041,PCC_008,2026-03-30,part_time,68,21.4,54,78.0,81.2,32.3
DVM_0041,PCC_008,2026-04-06,part_time,68,34.3,69,79.3,79.0,31.6
DVM_0041,PCC_008,2026-04-13,part_time,68,11.5,27,74.2,76.2,30.0
DVM_0041,PCC_008,2026-04-20,part_time,68,16.2,43,75.9,81.0,
DVM_0041,PCC_008,2026-04-27,part_time,68,21.7,51,77.3,85.2,31.9
DVM_0042,PCC_008,2025-11-03,full_time,45,33.0,80,83.8,81.8,29.7
DVM_0042,PCC_008,2025-11-10,full_time,45,39.5,89,72.5,86.3,28.2
DVM_0042,PCC_008,2025-11-17,full_time,45,22.7,55,80.3,82.1,31.3
DVM_0042,PCC_008,2025-11-24,full_time,45,38.5,94,76.1,87.8,30.9
DVM_0042,PCC_008,2025-12-01,full_time,45,30.4,83,80.1,88.6,27.2
DVM_0042,PCC_008,2025-12-08,full_time,45,32.0,93,74.0,79.9,29.4
DVM_0042,PCC_008,2025-12-15,full_time,45,39.0,87,73.3,95.8,
DVM_0042,PCC_008,2025-12-22,full_time,45,29.7,66,69.0,89.6,30.4
DVM_0042,PCC_008,2025-12-29,full_time,45,33.9,96,80.8,90.1,28.6
DVM_0042,PCC_008,2026-01-05,full_time,45,26.4,78,68.9,89.8,27.4
DVM_0042,PCC_008,2026-01-12,full_time,45,36.0,93,75.5,79.5,27.6
DVM_0042,PCC_008,2026-01-19,full_time,45,33.9,79,72.9,86.4,31.0
DVM_0042,PCC_008,2026-01-26,full_time,45,23.7,58,74.7,80.9,24.7
DVM_0042,PCC_008,2026-02-02,full_time,45,29.1,88,74.8,89.0,28.4
DVM_0042,PCC_008,2026-02-09,full_time,45,35.9,100,72.0,84.3,28.3
DVM_0042,PCC_008,2026-02-16,full_time,45,30.8,75,65.9,83.9,35.8
DVM_0042,PCC_008,2026-02-23,full_time,45,21.1,51,79.2,88.9,28.7
DVM_0042,PCC_008,2026-03-02,full_time,45,36.3,89,74.6,94.2,28.4
DVM_0042,PCC_008,2026-03-09,full_time,45,34.4,91,70.9,79.0,33.3
DVM_0042,PCC_008,2026-03-16,full_time,45,41.7,106,76.0,91.9,31.2
DVM_0042,PCC_008,2026-03-23,full_time,45,42.7,100,75.2,82.1,23.8
DVM_0042,PCC_008,2026-03-30,full_time,45,20.1,54,72.2,91.1,30.7
DVM_0042,PCC_008,2026-04-06,full_time,45,37.5,106,72.6,78.5,32.5
DVM_0042,PCC_008,2026-04-13,full_time,45,21.2,58,73.9,93.1,33.1
DVM_0042,PCC_008,2026-04-20,full_time,45,30.9,70,78.2,92.8,29.0
DVM_0042,PCC_008,2026-04-27,full_time,45,31.3,71,69.1,81.2,26.6
DVM_0043,PCC_008,2025-11-10,FULL_TIME,41,33.6,88,92.8,83.4,20.7
DVM_0043,PCC_008,2025-11-17,full_time,41,32.3,84,84.2,87.2,25.5
DVM_0043,PCC_008,2025-11-24,full_time,41,32.2,64,91.3,83.0,22.9
DVM_0043,PCC_008,2025-12-01,full_time,41,26.6,63,96.1,82.0,27.4
DVM_0043,PCC_008,2025-12-08,full_time,41,33.1,80,98.5,81.2,24.8
DVM_0043,PCC_008,2025-12-15,full_time,41,32.2,72,93.9,84.3,23.9
DVM_0043,PCC_008,2025-12-22,full_time,41,36.2,76,91.9,78.7,26.8
DVM_0043,PCC_008,2025-12-29,full_time,41,23.9,67,95.1,83.2,25.8
DVM_0043,PCC_008,2026-01-05,full_time,41,27.4,71,85.4,83.9,25.2
DVM_0043,PCC_008,2026-01-12,full_time,41,24.5,66,86.7,81.3,21.7
DVM_0043,PCC_008,2026-01-19,full_time,41,30.8,60,95.3,88.6,29.0
DVM_0043,PCC_008,2026-01-26,full_time,41,34.6,93,88.8,92.1,29.4
DVM_0043,PCC_008,2026-02-02,full_time,41,28.3,75,92.7,78.9,24.4
DVM_0043,PCC_008,2026-02-09,full_time,41,23.6,48,88.8,85.1,24.3
DVM_0043,PCC_008,2026-02-16,full_time,41,43.3,107,91.8,84.9,31.4
DVM_0043,PCC_008,2026-02-23,full_time,41,29.5,76,99.1,84.9,24.7
DVM_0043,PCC_008,2026-03-02,full_time,41,41.6,109,92.0,94.0,27.3
DVM_0043,PCC_008,2026-03-09,full_time,41,33.5,76,83.9,86.0,22.8
DVM_0043,PCC_008,2026-03-16,full_time,41,32.5,83,84.3,86.1,30.1
DVM_0043,PCC_008,2026-03-23,full_time,41,29.3,80,100.0,88.4,21.9
DVM_0043,PCC_008,2026-04-06,full_time,41,41.3,102,92.6,85.5,25.9
DVM_0043,PCC_008,2026-04-13,full_time,41,29.2,72,96.4,87.4,24.7
DVM_0043,PCC_008,2026-04-20,full_time,41,22.4,63,92.8,86.8,26.0
DVM_0043,PCC_008,2026-04-27,full_time,41,29.2,65,93.6,90.5,25.8
DVM_0044,PCC_009,2025-11-03,part_time,49,15.1,38,59.8,83.8,29.7
DVM_0044,PCC_009,2025-11-10,part_time,49,22.4,42,61.6,89.8,30.9
DVM_0044,PCC_009,2025-11-17,part_time,49,14.2,36,68.3,89.0,28.8
DVM_0044,PCC_009,2025-11-24,part_time,49,15.3,29,66.0,86.9,30.0
DVM_0044,PCC_009,2025-12-01,part_time,49,15.3,34,69.4,84.4,27.9
DVM_0044,PCC_009,2025-12-08,PART_TIME,49,17.2,22,65.6,89.1,30.6
DVM_0044,PCC_009,2025-12-15,part_time,49,17.9,44,72.5,93.6,28.5
DVM_0044,PCC_009,2025-12-22,part_time,49,5.8,14,65.6,88.1,29.5
DVM_0044,PCC_009,2025-12-29,part_time,49,22.6,52,54.5,92.5,30.0
DVM_0044,PCC_009,2026-01-05,part_time,49,19.6,41,56.7,79.2,29.3
DVM_0044,PCC_009,2026-01-12,part_time,49,20.0,46,63.3,87.5,32.3
DVM_0044,PCC_009,2026-01-19,part_time,49,22.3,46,67.4,92.9,32.8
DVM_0044,PCC_009,2026-01-26,part_time,49,15.9,46,67.4,86.8,30.7
DVM_0044,PCC_009,2026-02-02,part_time,49,19.5,41,64.6,85.2,30.4
DVM_0044,PCC_009,2026-02-09,part_time,49,26.3,64,66.4,82.9,30.1
DVM_0044,PCC_009,2026-02-16,part_time,49,17.7,41,70.5,91.6,35.3
DVM_0044,PCC_009,2026-02-23,PART_TIME,49,26.9,59,57.0,90.7,29.8
DVM_0044,PCC_009,2026-03-02,part_time,49,19.0,43,63.2,93.5,33.2
DVM_0044,PCC_009,2026-03-09,part_time,49,13.2,30,65.1,78.9,31.9
DVM_0044,PCC_009,2026-03-16,part_time,49,21.1,54,60.7,80.9,29.3
DVM_0044,PCC_009,2026-03-23,part_time,49,22.6,44,61.9,88.3,31.2
DVM_0044,PCC_009,2026-03-30,part_time,49,11.3,26,67.2,87.0,29.0
DVM_0044,PCC_009,2026-04-06,part_time,49,18.7,43,61.9,89.9,30.5
DVM_0044,PCC_009,2026-04-13,part_time,49,16.3,48,68.2,87.8,29.7
DVM_0044,PCC_009,2026-04-20,part_time,49,21.5,53,66.0,89.6,28.4
DVM_0045,PCC_009,2025-11-03,full_time,43,31.2,70,72.1,81.5,34.5
DVM_0045,PCC_009,2025-11-10,full_time,43,18.3,43,68.2,74.6,33.0
DVM_0045,PCC_009,2025-11-17,full_time,43,38.8,92,69.7,81.5,31.8
DVM_0045,PCC_009,2025-12-01,full_time,43,35.4,84,70.3,83.0,31.9
DVM_0045,PCC_009,2025-12-08,full_time,43,33.0,76,74.5,69.4,31.3
DVM_0045,PCC_009,2025-12-15,full_time,43,37.4,90,68.2,83.6,31.1
DVM_0045,PCC_009,2025-12-29,full_time,43,33.6,71,66.1,78.9,34.5
DVM_0045,PCC_009,2026-01-12,full_time,43,27.4,64,73.1,76.3,28.0
DVM_0045,PCC_009,2026-01-19,full_time,43,34.9,78,66.7,86.3,29.9
DVM_0045,PCC_009,2026-01-26,full_time,43,31.1,67,66.2,76.9,28.6
DVM_0045,PCC_009,2026-02-02,full_time,43,40.3,96,69.9,76.5,30.8
DVM_0045,PCC_009,2026-02-16,full_time,43,33.5,74,71.2,78.0,31.3
DVM_0045,PCC_009,2026-02-23,full_time,43,38.9,96,75.5,77.0,29.6
DVM_0045,PCC_009,2026-03-02,full_time,43,30.4,71,60.2,78.6,31.7
DVM_0045,PCC_009,2026-03-09,full_time,43,17.9,37,63.0,80.3,31.2
DVM_0045,PCC_009,2026-03-16,full_time,43,38.1,92,66.9,75.6,34.2
DVM_0045,PCC_009,2026-03-23,full_time,43,31.0,67,72.4,81.4,30.1
DVM_0045,PCC_009,2026-03-30,full_time,43,32.4,68,73.8,76.9,32.8
DVM_0045,PCC_009,2026-04-06,full_time,43,29.5,39,68.1,75.1,31.8
DVM_0045,PCC_009,2026-04-13,FULL_TIME,43,39.4,109,55.0,79.8,36.4
DVM_0045,PCC_009,2026-04-20,full_time,43,37.2,61,63.2,83.3,33.0
DVM_0045,PCC_009,2026-04-27,full_time,43,29.0,67,71.3,81.5,33.1
DVM_0046,PCC_009,2025-11-03,part_time,64,8.0,16,59.5,83.3,
DVM_0046,PCC_009,2025-11-10,part_time,64,24.0,52,66.8,82.9,27.5
DVM_0046,PCC_009,2025-11-17,part_time,64,16.9,38,57.1,76.3,23.9
DVM_0046,PCC_009,2025-11-24,part_time,64,24.8,54,66.8,89.4,26.8
DVM_0046,PCC_009,2025-12-01,part_time,64,14.0,45,62.3,80.2,22.9
DVM_0046,PCC_009,2025-12-08,part_time,64,13.6,33,61.7,85.5,26.6
DVM_0046,PCC_009,2025-12-15,part_time,64,19.7,39,64.3,75.8,25.7
DVM_0046,PCC_009,2025-12-22,PART_TIME,64,8.6,18,64.8,86.4,25.5
DVM_0046,PCC_009,2025-12-29,part_time,64,9.9,23,65.3,76.5,23.5
DVM_0046,PCC_009,2026-01-05,part_time,64,21.0,56,73.0,82.3,27.5
DVM_0046,PCC_009,2026-01-12,part_time,64,23.4,47,60.2,77.0,23.9
DVM_0046,PCC_009,2026-01-26,part_time,64,16.2,29,66.8,81.2,21.9
DVM_0046,PCC_009,2026-02-02,part_time,64,17.8,32,59.2,83.7,29.6
DVM_0046,PCC_009,2026-02-09,part_time,64,23.2,39,65.2,75.8,25.2
DVM_0046,PCC_009,2026-02-16,part_time,64,26.2,67,65.6,80.3,26.2
DVM_0046,PCC_009,2026-02-23,part_time,64,18.0,33,65.8,85.6,26.8
DVM_0046,PCC_009,2026-03-02,part_time,64,23.5,51,64.7,77.4,27.8
DVM_0046,PCC_009,2026-03-09,part_time,64,12.6,27,63.2,81.5,21.4
DVM_0046,PCC_009,2026-03-16,part_time,64,21.8,51,61.6,83.2,27.2
DVM_0046,PCC_009,2026-03-23,PART_TIME,64,33.0,89,65.3,71.5,26.3
DVM_0046,PCC_009,2026-03-30,part_time,64,10.4,25,67.1,79.8,24.8
DVM_0046,PCC_009,2026-04-06,part_time,64,16.6,45,64.7,79.8,20.8
DVM_0046,PCC_009,2026-04-13,part_time,64,24.9,54,64.9,83.4,24.2
DVM_0046,PCC_009,2026-04-20,part_time,64,15.5,34,65.6,83.5,24.0
DVM_0046,PCC_009,2026-04-27,part_time,64,18.5,47,59.3,78.1,20.8
DVM_0047,PCC_009,2025-11-03,full_time,88,45.1,108,75.1,77.7,26.1
DVM_0047,PCC_009,2025-11-10,FULL_TIME,88,31.3,69,57.1,78.5,22.8
DVM_0047,PCC_009,2025-11-17,full_time,88,18.3,44,73.8,78.7,26.0
DVM_0047,PCC_009,2025-11-24,full_time,88,33.3,78,71.2,69.3,23.0
DVM_0047,PCC_009,2025-12-01,full_time,88,37.2,81,70.5,73.4,25.9
DVM_0047,PCC_009,2025-12-08,full_time,88,33.1,77,68.8,77.2,24.3
DVM_0047,PCC_009,2025-12-15,full_time,88,33.4,88,66.7,73.8,23.5
DVM_0047,PCC_009,2025-12-22,full_time,88,32.5,82,68.1,75.3,26.2
DVM_0047,PCC_009,2025-12-29,FULL_TIME,88,17.3,32,63.1,68.6,22.3
DVM_0047,PCC_009,2026-01-05,full_time,88,35.5,92,61.2,80.0,25.8
DVM_0047,PCC_009,2026-01-12,full_time,88,34.5,94,69.1,73.4,21.5
DVM_0047,PCC_009,2026-01-19,full_time,88,38.6,98,77.2,76.7,22.3
DVM_0047,PCC_009,2026-02-02,full_time,88,31.0,68,77.1,81.2,24.3
DVM_0047,PCC_009,2026-02-09,full_time,88,32.0,60,76.9,73.4,26.0
DVM_0047,PCC_009,2026-02-16,full_time,88,32.5,85,59.4,74.3,24.4
DVM_0047,PCC_009,2026-02-23,full_time,88,27.4,65,66.6,73.6,25.8
DVM_0047,PCC_009,2026-03-02,full_time,88,26.1,55,72.1,75.7,25.1
DVM_0047,PCC_009,2026-03-09,full_time,88,18.3,39,73.7,77.0,23.4
DVM_0047,PCC_009,2026-03-16,full_time,88,36.4,97,64.3,68.8,23.5
DVM_0047,PCC_009,2026-03-23,FULL_TIME,88,25.6,47,67.2,81.7,23.8
DVM_0047,PCC_009,2026-03-30,full_time,88,30.8,70,65.9,76.6,23.1
DVM_0047,PCC_009,2026-04-13,full_time,88,36.8,82,73.3,73.0,
DVM_0047,PCC_009,2026-04-20,full_time,88,32.7,108,69.6,74.1,27.1
DVM_0047,PCC_009,2026-04-27,full_time,88,30.1,79,76.2,81.5,23.1
DVM_0048,PCC_009,2025-11-03,relief,72,27.1,66,81.0,85.1,28.1
DVM_0048,PCC_009,2025-11-10,relief,72,26.0,69,77.9,88.6,29.0
DVM_0048,PCC_009,2025-11-17,relief,72,23.1,50,72.5,90.3,33.3
DVM_0048,PCC_009,2025-11-24,relief,72,18.9,38,79.4,83.0,31.8
DVM_0048,PCC_009,2025-12-01,RELIEF,72,15.1,33,83.6,87.6,26.2
DVM_0048,PCC_009,2025-12-08,relief,72,10.1,20,77.2,80.2,27.5
DVM_0048,PCC_009,2025-12-15,relief,72,13.2,29,77.5,80.5,
DVM_0048,PCC_009,2025-12-22,relief,72,25.7,48,75.4,82.2,26.6
DVM_0048,PCC_009,2025-12-29,relief,72,25.8,47,74.3,87.7,29.3
DVM_0048,PCC_009,2026-01-05,relief,72,11.8,27,73.7,86.4,28.0
DVM_0048,PCC_009,2026-01-12,relief,72,19.7,49,74.5,78.9,26.5
DVM_0048,PCC_009,2026-01-19,relief,72,7.4,21,84.9,92.8,25.3
DVM_0048,PCC_009,2026-01-26,relief,72,16.6,48,81.1,82.8,27.8
DVM_0048,PCC_009,2026-02-02,relief,72,28.1,79,75.6,79.0,25.7
DVM_0048,PCC_009,2026-02-09,relief,72,11.2,31,76.0,85.8,21.4
DVM_0048,PCC_009,2026-02-16,relief,72,15.8,35,78.9,83.2,28.7
DVM_0048,PCC_009,2026-02-23,relief,72,15.7,34,73.5,81.0,30.4
DVM_0048,PCC_009,2026-03-02,relief,72,21.5,46,81.9,80.3,28.1
DVM_0048,PCC_009,2026-03-09,relief,72,24.4,45,77.7,79.7,31.1
DVM_0048,PCC_009,2026-03-16,relief,72,16.4,39,73.7,86.8,35.0
DVM_0048,PCC_009,2026-03-23,relief,72,15.8,37,79.9,88.5,27.4
DVM_0048,PCC_009,2026-03-30,relief,72,10.7,23,83.8,82.0,26.2
DVM_0048,PCC_009,2026-04-06,relief,72,29.7,67,83.1,81.6,29.1
DVM_0048,PCC_009,2026-04-13,relief,72,15.0,41,86.0,80.5,26.4
DVM_0048,PCC_009,2026-04-20,relief,72,11.9,29,82.3,85.3,31.2
DVM_0048,PCC_009,2026-04-27,RELIEF,72,22.8,41,77.0,82.9,31.7
DVM_0049,PCC_009,2025-11-03,full_time,60,28.3,71,72.8,85.2,22.8
DVM_0049,PCC_009,2025-11-10,full_time,60,32.6,68,79.9,85.1,21.7
DVM_0049,PCC_009,2025-11-17,full_time,60,22.5,65,79.5,87.4,23.1
DVM_0049,PCC_009,2025-11-24,full_time,60,30.3,55,84.0,80.6,22.1
DVM_0049,PCC_009,2025-12-01,full_time,60,30.9,62,79.4,83.4,22.5
DVM_0049,PCC_009,2025-12-15,full_time,60,32.8,62,73.3,80.3,21.2
DVM_0049,PCC_009,2025-12-22,full_time,60,39.9,99,85.4,86.9,21.5
DVM_0049,PCC_009,2026-01-12,full_time,60,34.8,79,72.3,83.0,26.0
DVM_0049,PCC_009,2026-01-19,full_time,60,27.3,54,77.1,80.1,21.4
DVM_0049,PCC_009,2026-01-26,full_time,60,36.9,69,73.1,89.9,23.1
DVM_0049,PCC_009,2026-02-02,full_time,60,32.3,71,73.9,87.1,23.8
DVM_0049,PCC_009,2026-02-09,full_time,60,33.0,71,78.3,84.5,21.9
DVM_0049,PCC_009,2026-02-16,full_time,60,23.4,53,85.4,82.7,22.6
DVM_0049,PCC_009,2026-02-23,full_time,60,31.6,63,78.3,79.8,21.1
DVM_0049,PCC_009,2026-03-02,full_time,60,30.0,66,76.0,79.3,24.2
DVM_0049,PCC_009,2026-03-09,full_time,60,23.4,53,71.0,81.0,21.5
DVM_0049,PCC_009,2026-03-16,full_time,60,40.9,85,79.4,83.7,22.8
DVM_0049,PCC_009,2026-03-23,full_time,60,34.7,80,78.8,83.4,23.6
DVM_0049,PCC_009,2026-04-13,full_time,60,22.1,47,70.5,86.1,20.7
DVM_0049,PCC_009,2026-04-20,full_time,60,31.7,78,79.4,81.4,21.8
DVM_0049,PCC_009,2026-04-27,full_time,60,29.3,47,72.1,82.5,22.6
DVM_0050,PCC_010,2025-12-29,full_time,15,37.9,102,85.7,89.5,28.0
DVM_0050,PCC_010,2026-01-05,full_time,15,36.0,91,95.7,90.0,21.8
DVM_0050,PCC_010,2026-01-12,full_time,15,39.0,90,88.0,93.9,24.7
DVM_0050,PCC_010,2026-01-26,full_time,15,24.1,53,94.3,92.8,27.2
DVM_0050,PCC_010,2026-02-09,full_time,15,36.9,94,89.0,88.5,23.6
DVM_0050,PCC_010,2026-02-16,full_time,15,36.3,86,93.7,89.2,24.5
DVM_0050,PCC_010,2026-02-23,full_time,15,29.6,73,87.2,92.6,26.0
DVM_0050,PCC_010,2026-03-02,full_time,15,36.5,87,91.6,100.0,24.2
DVM_0050,PCC_010,2026-03-09,full_time,15,33.3,93,84.9,89.8,25.4
DVM_0050,PCC_010,2026-03-16,full_time,15,39.3,89,84.3,88.8,20.9
DVM_0050,PCC_010,2026-03-23,full_time,15,33.0,87,100.0,80.3,19.3
DVM_0050,PCC_010,2026-03-30,full_time,15,34.6,102,88.4,91.6,26.3
DVM_0050,PCC_010,2026-04-06,full_time,15,36.3,80,91.6,87.9,25.2
DVM_0050,PCC_010,2026-04-13,full_time,15,36.4,80,89.5,94.3,23.2
DVM_0050,PCC_010,2026-04-20,full_time,15,29.9,75,86.2,88.6,25.3
DVM_0050,PCC_010,2026-04-27,full_time,15,28.9,63,90.3,100.0,26.7
DVM_0051,PCC_010,2026-01-05,full_time,53,35.0,83,85.0,98.3,30.4
DVM_0051,PCC_010,2026-01-12,full_time,53,34.8,103,86.3,100.0,25.8
DVM_0051,PCC_010,2026-01-26,full_time,53,35.4,89,82.6,95.0,29.3
DVM_0051,PCC_010,2026-02-02,full_time,53,37.2,94,84.8,100.0,33.9
DVM_0051,PCC_010,2026-02-09,full_time,53,34.0,95,90.1,100.0,28.0
DVM_0051,PCC_010,2026-02-16,full_time,53,39.6,109,80.9,100.0,31.6
DVM_0051,PCC_010,2026-02-23,full_time,53,30.2,76,81.2,99.8,29.6
DVM_0051,PCC_010,2026-03-02,full_time,53,31.1,66,89.5,92.7,28.2
DVM_0051,PCC_010,2026-03-09,full_time,53,29.5,73,84.5,91.4,27.2
DVM_0051,PCC_010,2026-03-23,full_time,53,25.1,69,79.1,99.9,29.5
DVM_0051,PCC_010,2026-03-30,full_time,53,40.3,87,80.6,96.1,29.8
DVM_0051,PCC_010,2026-04-06,full_time,53,30.0,71,85.2,100.0,26.6
DVM_0051,PCC_010,2026-04-13,full_time,53,25.4,72,78.8,97.6,30.9
DVM_0051,PCC_010,2026-04-20,full_time,53,27.5,62,86.6,94.1,29.7
DVM_0051,PCC_010,2026-04-27,full_time,53,32.0,63,70.2,96.8,32.7
DVM_0052,PCC_010,2025-12-29,relief,55,17.7,52,75.7,95.0,32.0
DVM_0052,PCC_010,2026-01-05,relief,55,20.7,50,72.4,92.4,33.6
DVM_0052,PCC_010,2026-01-12,relief,55,18.3,30,79.3,97.2,32.1
DVM_0052,PCC_010,2026-01-19,relief,55,21.9,53,79.4,87.1,30.1
DVM_0052,PCC_010,2026-02-02,relief,55,22.6,56,81.3,88.9,36.3
DVM_0052,PCC_010,2026-02-09,relief,55,11.7,35,80.8,92.6,32.2
DVM_0052,PCC_010,2026-02-16,relief,55,12.0,31,85.5,98.4,30.9
DVM_0052,PCC_010,2026-02-23,relief,55,14.1,33,78.4,88.9,27.6
DVM_0052,PCC_010,2026-03-02,relief,55,18.1,43,80.7,89.6,30.0
DVM_0052,PCC_010,2026-03-09,relief,55,27.9,82,76.7,88.7,28.9
DVM_0052,PCC_010,2026-03-16,relief,55,9.8,26,84.5,89.9,31.2
DVM_0052,PCC_010,2026-03-23,relief,55,24.7,61,78.8,91.2,31.2
DVM_0052,PCC_010,2026-03-30,relief,55,22.2,58,81.0,83.3,30.7
DVM_0052,PCC_010,2026-04-06,relief,55,14.9,43,77.9,86.4,26.8
DVM_0052,PCC_010,2026-04-13,relief,55,11.5,37,80.4,89.1,32.9
DVM_0052,PCC_010,2026-04-20,relief,55,13.3,34,76.6,91.6,33.5
DVM_0052,PCC_010,2026-04-27,relief,55,20.0,51,80.0,88.7,30.8
DVM_0053,PCC_010,2025-12-29,full_time,55,22.7,56,77.2,100.0,31.8
DVM_0053,PCC_010,2026-01-12,full_time,55,34.7,94,78.8,99.1,26.4
DVM_0053,PCC_010,2026-01-19,full_time,55,44.6,81,78.7,97.9,27.5
DVM_0053,PCC_010,2026-02-02,full_time,55,25.7,70,77.9,100.0,26.0
DVM_0053,PCC_010,2026-02-09,full_time,55,41.0,109,68.6,100.0,28.6
DVM_0053,PCC_010,2026-02-16,full_time,55,34.0,72,72.3,98.9,28.8
DVM_0053,PCC_010,2026-02-23,full_time,55,23.8,53,61.1,100.0,29.6
DVM_0053,PCC_010,2026-03-02,full_time,55,27.3,73,72.1,100.0,26.8
DVM_0053,PCC_010,2026-03-09,full_time,55,35.8,100,76.7,100.0,25.5
DVM_0053,PCC_010,2026-03-16,full_time,55,34.6,95,70.8,100.0,29.2
DVM_0053,PCC_010,2026-03-23,full_time,55,40.6,98,72.5,100.0,29.6
DVM_0053,PCC_010,2026-03-30,full_time,55,31.8,93,72.3,99.3,22.1
DVM_0053,PCC_010,2026-04-20,full_time,55,23.1,60,78.7,93.7,27.2
DVM_0053,PCC_010,2026-04-27,full_time,55,38.9,88,68.2,99.6,27.0
DVM_0054,PCC_010,2025-12-29,full_time,85,25.2,63,88.0,89.0,23.7
DVM_0054,PCC_010,2026-01-12,full_time,85,27.9,65,87.9,91.6,25.2
DVM_0054,PCC_010,2026-01-19,full_time,85,35.5,84,84.1,91.2,25.3
DVM_0054,PCC_010,2026-01-26,full_time,85,39.4,102,88.9,88.5,24.0
DVM_0054,PCC_010,2026-02-02,full_time,85,17.2,34,80.5,100.0,19.5
DVM_0054,PCC_010,2026-02-09,full_time,85,35.9,88,83.3,92.9,20.7
DVM_0054,PCC_010,2026-02-16,full_time,85,37.4,94,81.8,92.8,20.4
DVM_0054,PCC_010,2026-02-23,full_time,85,26.9,61,87.2,99.7,23.2
DVM_0054,PCC_010,2026-03-02,full_time,85,26.5,59,87.4,88.4,23.3
DVM_0054,PCC_010,2026-03-16,full_time,85,29.3,74,80.2,89.4,21.0
DVM_0054,PCC_010,2026-03-23,full_time,85,36.0,83,84.7,94.4,23.7
DVM_0054,PCC_010,2026-03-30,full_time,85,21.1,57,81.6,92.6,18.2
DVM_0054,PCC_010,2026-04-06,full_time,85,38.3,91,88.6,94.7,22.2
DVM_0054,PCC_010,2026-04-13,full_time,85,27.6,68,81.5,98.8,21.3
DVM_0054,PCC_010,2026-04-20,full_time,85,25.5,67,85.8,90.5,25.2
DVM_0054,PCC_010,2026-04-27,full_time,85,20.2,43,87.8,93.3,22.1
DVM_0055,PCC_010,2025-12-29,part_time,32,13.2,38,80.4,94.4,29.4
DVM_0055,PCC_010,2026-01-05,part_time,32,21.2,54,88.8,100.0,26.4
DVM_0055,PCC_010,2026-01-12,part_time,32,14.2,38,81.9,97.2,27.1
DVM_0055,PCC_010,2026-01-19,part_time,32,14.0,34,74.7,90.7,28.0
DVM_0055,PCC_010,2026-02-02,part_time,32,10.4,27,81.2,97.5,
DVM_0055,PCC_010,2026-02-09,part_time,32,15.3,39,78.7,100.0,29.1
DVM_0055,PCC_010,2026-02-16,part_time,32,12.7,32,79.2,93.3,27.8
DVM_0055,PCC_010,2026-02-23,part_time,32,14.8,44,87.7,92.3,25.6
DVM_0055,PCC_010,2026-03-02,part_time,32,14.5,35,84.6,94.8,27.5
DVM_0055,PCC_010,2026-03-09,part_time,32,14.9,38,75.8,90.8,31.7
DVM_0055,PCC_010,2026-03-16,part_time,32,17.4,42,86.6,96.4,24.3
DVM_0055,PCC_010,2026-03-23,part_time,32,11.3,24,73.1,89.7,32.6
DVM_0055,PCC_010,2026-03-30,part_time,32,18.3,30,91.3,97.4,31.4
DVM_0055,PCC_010,2026-04-06,part_time,32,18.8,50,86.1,93.1,25.1
DVM_0055,PCC_010,2026-04-20,part_time,32,11.2,24,74.7,100.0,21.2
DVM_0056,PCC_011,2025-11-03,full_time,46,20.1,61,77.5,90.5,29.2
DVM_0056,PCC_011,2025-11-17,full_time,46,21.0,59,92.3,83.3,34.7
DVM_0056,PCC_011,2025-11-24,full_time,46,30.7,81,82.8,84.7,34.4
DVM_0056,PCC_011,2025-12-01,full_time,46,38.0,122,81.9,87.5,27.7
DVM_0056,PCC_011,2025-12-08,full_time,46,23.4,67,88.0,85.3,33.0
DVM_0056,PCC_011,2025-12-15,full_time,46,44.8,116,82.1,93.2,30.4
DVM_0056,PCC_011,2025-12-22,full_time,46,34.9,98,80.2,83.3,33.3
DVM_0056,PCC_011,2025-12-29,full_time,46,19.7,53,85.0,91.5,27.5
DVM_0056,PCC_011,2026-01-05,full_time,46,30.1,91,86.7,85.0,32.2
DVM_0056,PCC_011,2026-01-12,full_time,46,37.1,79,81.3,90.7,32.6
DVM_0056,PCC_011,2026-01-19,full_time,46,42.9,131,84.1,90.2,27.5
DVM_0056,PCC_011,2026-01-26,full_time,46,35.6,91,81.0,87.7,32.7
DVM_0056,PCC_011,2026-02-02,full_time,46,32.5,92,85.9,93.2,29.1
DVM_0056,PCC_011,2026-02-09,full_time,46,40.5,102,86.2,94.2,28.0
DVM_0056,PCC_011,2026-02-23,full_time,46,28.3,79,81.4,90.6,30.2
DVM_0056,PCC_011,2026-03-02,full_time,46,27.6,64,77.6,87.3,30.2
DVM_0056,PCC_011,2026-03-16,full_time,46,35.4,109,82.5,79.0,30.8
DVM_0056,PCC_011,2026-03-23,FULL_TIME,46,39.7,119,88.9,80.7,28.1
DVM_0056,PCC_011,2026-03-30,full_time,46,26.5,56,77.7,74.9,31.6
DVM_0056,PCC_011,2026-04-06,full_time,46,21.5,61,78.6,74.0,33.3
DVM_0056,PCC_011,2026-04-13,full_time,46,20.1,49,84.6,76.1,34.9
DVM_0056,PCC_011,2026-04-20,full_time,46,42.0,122,85.8,72.0,28.6
DVM_0056,PCC_011,2026-04-27,full_time,46,40.7,105,85.3,84.3,29.5
DVM_0057,PCC_011,2025-11-03,full_time,49,35.5,116,82.9,88.3,33.9
DVM_0057,PCC_011,2025-11-10,full_time,49,23.5,60,80.9,90.4,33.6
DVM_0057,PCC_011,2025-11-17,full_time,49,32.3,96,86.5,89.1,
DVM_0057,PCC_011,2025-11-24,full_time,49,35.8,77,88.2,92.9,32.6
DVM_0057,PCC_011,2025-12-01,full_time,49,24.7,80,77.5,86.4,35.4
DVM_0057,PCC_011,2025-12-08,full_time,49,33.9,86,94.0,91.0,33.2
DVM_0057,PCC_011,2025-12-15,full_time,49,24.8,75,81.4,94.9,34.7
DVM_0057,PCC_011,2025-12-22,full_time,49,25.7,75,88.3,97.7,30.2
DVM_0057,PCC_011,2025-12-29,full_time,49,23.1,61,86.9,98.1,32.1
DVM_0057,PCC_011,2026-01-05,full_time,49,27.5,73,86.9,100.0,30.4
DVM_0057,PCC_011,2026-01-12,full_time,49,25.7,68,80.1,90.9,30.9
DVM_0057,PCC_011,2026-01-19,full_time,49,34.1,99,88.3,98.1,31.3
DVM_0057,PCC_011,2026-01-26,full_time,49,33.6,87,83.3,90.4,32.2
DVM_0057,PCC_011,2026-02-02,full_time,49,25.2,64,91.7,88.8,31.9
DVM_0057,PCC_011,2026-02-09,full_time,49,30.3,85,86.4,90.9,31.9
DVM_0057,PCC_011,2026-02-16,full_time,49,19.4,58,81.9,86.0,30.9
DVM_0057,PCC_011,2026-02-23,full_time,49,36.2,94,91.1,91.7,29.3
DVM_0057,PCC_011,2026-03-02,full_time,49,24.5,54,87.2,82.0,36.4
DVM_0057,PCC_011,2026-03-09,full_time,49,34.9,91,83.7,85.0,33.4
DVM_0057,PCC_011,2026-03-16,FULL_TIME,49,39.4,122,88.1,81.4,34.7
DVM_0057,PCC_011,2026-03-23,full_time,49,26.3,78,90.3,69.5,32.4
DVM_0057,PCC_011,2026-03-30,full_time,49,26.0,84,85.7,76.7,29.6
DVM_0057,PCC_011,2026-04-06,full_time,49,33.8,110,89.2,77.4,33.9
DVM_0057,PCC_011,2026-04-13,full_time,49,27.3,91,85.5,80.8,31.7
DVM_0057,PCC_011,2026-04-20,full_time,49,33.8,94,89.9,83.3,35.9
DVM_0057,PCC_011,2026-04-27,full_time,49,41.2,113,90.7,78.2,33.1
DVM_0058,PCC_011,2025-11-03,full_time,62,47.9,150,86.7,89.4,26.6
DVM_0058,PCC_011,2025-11-10,full_time,62,29.0,89,82.3,93.5,28.2
DVM_0058,PCC_011,2025-11-17,full_time,62,24.0,64,96.7,87.3,26.9
DVM_0058,PCC_011,2025-11-24,full_time,62,37.0,89,77.5,91.9,29.9
DVM_0058,PCC_011,2025-12-01,full_time,62,38.4,124,87.0,96.6,25.2
DVM_0058,PCC_011,2025-12-15,full_time,62,25.8,64,81.3,99.2,24.1
DVM_0058,PCC_011,2025-12-22,full_time,62,39.2,137,86.3,96.0,25.2
DVM_0058,PCC_011,2025-12-29,full_time,62,35.0,99,87.0,92.4,25.2
DVM_0058,PCC_011,2026-01-12,full_time,62,28.1,79,80.9,92.3,28.1
DVM_0058,PCC_011,2026-01-19,full_time,62,34.6,95,83.5,97.8,22.3
DVM_0058,PCC_011,2026-01-26,full_time,62,42.7,104,78.6,93.3,26.1
DVM_0058,PCC_011,2026-02-02,full_time,62,41.3,102,77.4,100.0,26.8
DVM_0058,PCC_011,2026-02-16,full_time,62,23.4,65,75.9,90.2,24.9
DVM_0058,PCC_011,2026-02-23,full_time,62,31.0,67,81.6,89.0,25.0
DVM_0058,PCC_011,2026-03-02,full_time,62,21.2,63,94.1,92.7,25.4
DVM_0058,PCC_011,2026-03-09,full_time,62,37.6,100,80.5,94.4,17.8
DVM_0058,PCC_011,2026-03-23,FULL_TIME,62,30.6,84,89.2,84.6,21.9
DVM_0058,PCC_011,2026-03-30,full_time,62,32.8,101,79.6,85.5,24.2
DVM_0058,PCC_011,2026-04-20,full_time,62,26.4,67,87.0,83.0,23.1
DVM_0058,PCC_011,2026-04-27,full_time,62,24.1,84,85.8,83.2,26.3
DVM_0059,PCC_011,2025-11-03,full_time,44,26.9,84,74.6,89.4,31.1
DVM_0059,PCC_011,2025-11-10,full_time,44,37.1,76,68.3,91.7,29.4
DVM_0059,PCC_011,2025-11-17,full_time,44,24.1,67,74.5,95.2,32.3
DVM_0059,PCC_011,2025-11-24,full_time,44,30.6,92,83.7,88.8,32.4
DVM_0059,PCC_011,2025-12-01,full_time,44,28.6,77,73.7,93.3,34.0
DVM_0059,PCC_011,2025-12-08,full_time,44,28.4,86,78.4,90.1,31.5
DVM_0059,PCC_011,2025-12-15,full_time,44,31.6,85,79.2,88.1,32.3
DVM_0059,PCC_011,2025-12-22,full_time,44,33.0,79,79.9,84.7,35.2
DVM_0059,PCC_011,2025-12-29,full_time,44,31.4,73,70.0,90.3,27.2
DVM_0059,PCC_011,2026-01-05,full_time,44,34.8,91,72.8,91.8,29.9
DVM_0059,PCC_011,2026-01-12,full_time,44,28.6,90,70.6,89.0,35.7
DVM_0059,PCC_011,2026-01-19,full_time,44,31.7,85,75.6,87.4,31.3
DVM_0059,PCC_011,2026-01-26,full_time,44,31.5,79,75.2,91.6,34.2
DVM_0059,PCC_011,2026-02-02,full_time,44,34.2,100,77.5,85.6,29.4
DVM_0059,PCC_011,2026-02-16,full_time,44,29.1,77,76.5,91.5,31.6
DVM_0059,PCC_011,2026-02-23,full_time,44,33.7,103,73.2,74.9,29.4
DVM_0059,PCC_011,2026-03-02,full_time,44,39.2,115,71.3,84.1,32.7
DVM_0059,PCC_011,2026-03-09,full_time,44,26.9,79,71.4,84.2,31.2
DVM_0059,PCC_011,2026-03-16,full_time,44,41.2,116,70.8,84.0,32.7
DVM_0059,PCC_011,2026-03-23,full_time,44,36.4,93,73.3,80.7,31.2
DVM_0059,PCC_011,2026-03-30,full_time,44,35.7,116,79.5,84.7,30.7
DVM_0059,PCC_011,2026-04-06,full_time,44,28.4,86,71.8,72.3,32.3
DVM_0059,PCC_011,2026-04-13,full_time,44,36.3,109,85.3,77.6,28.9
DVM_0059,PCC_011,2026-04-20,full_time,44,33.3,89,77.6,76.9,30.1
DVM_0059,PCC_011,2026-04-27,full_time,44,40.1,99,65.6,73.6,35.5
DVM_0060,PCC_012,2025-11-03,part_time,8,14.0,47,63.9,82.2,19.6
DVM_0060,PCC_012,2025-11-10,part_time,8,20.4,60,75.3,100.0,19.2
DVM_0060,PCC_012,2025-11-17,part_time,8,10.9,32,75.3,88.3,16.9
DVM_0060,PCC_012,2025-11-24,part_time,8,15.2,43,71.7,86.3,16.1
DVM_0060,PCC_012,2025-12-01,part_time,8,4.0,10,70.2,86.1,18.1
DVM_0060,PCC_012,2025-12-15,part_time,8,12.2,35,66.2,80.6,18.6
DVM_0060,PCC_012,2025-12-22,part_time,8,9.9,26,67.9,87.6,22.3
DVM_0060,PCC_012,2025-12-29,part_time,8,10.2,29,68.5,92.4,14.9
DVM_0060,PCC_012,2026-01-05,part_time,8,19.9,54,69.8,87.1,18.0
DVM_0060,PCC_012,2026-01-12,part_time,8,21.6,53,61.2,81.7,21.0
DVM_0060,PCC_012,2026-01-19,part_time,8,7.7,24,65.6,90.5,20.3
DVM_0060,PCC_012,2026-01-26,part_time,8,7.4,18,70.6,92.2,17.5
DVM_0060,PCC_012,2026-02-02,part_time,8,20.9,62,67.5,91.1,20.0
DVM_0060,PCC_012,2026-02-09,part_time,8,14.6,46,67.6,86.2,19.6
DVM_0060,PCC_012,2026-02-23,part_time,8,15.8,49,71.5,93.2,21.3
DVM_0060,PCC_012,2026-03-02,part_time,8,10.1,27,68.9,84.6,18.4
DVM_0060,PCC_012,2026-03-09,part_time,8,8.9,25,72.5,84.1,15.5
DVM_0060,PCC_012,2026-03-16,part_time,8,17.4,43,66.1,80.5,20.4
DVM_0060,PCC_012,2026-03-23,part_time,8,22.5,50,64.2,83.2,19.2
DVM_0060,PCC_012,2026-03-30,part_time,8,15.6,45,61.1,91.4,21.7
DVM_0060,PCC_012,2026-04-06,part_time,8,14.6,44,69.6,84.2,21.2
DVM_0060,PCC_012,2026-04-13,part_time,8,19.8,53,61.2,85.8,16.1
DVM_0060,PCC_012,2026-04-27,part_time,8,12.7,32,69.2,83.7,19.7
DVM_0061,PCC_012,2025-11-03,relief,47,25.2,71,74.2,92.7,21.3
DVM_0061,PCC_012,2025-11-10,relief,47,27.6,68,73.0,84.1,23.5
DVM_0061,PCC_012,2025-11-17,relief,47,15.6,34,71.7,86.2,19.9
DVM_0061,PCC_012,2025-11-24,relief,47,18.2,51,76.7,88.8,21.5
DVM_0061,PCC_012,2025-12-01,relief,47,13.3,37,70.2,85.0,23.6
DVM_0061,PCC_012,2025-12-08,relief,47,19.3,51,79.5,94.6,22.5
DVM_0061,PCC_012,2025-12-15,relief,47,21.9,52,73.6,78.3,19.7
DVM_0061,PCC_012,2025-12-22,relief,47,13.0,37,71.4,86.4,19.9
DVM_0061,PCC_012,2025-12-29,relief,47,25.8,62,80.9,81.9,25.2
DVM_0061,PCC_012,2026-01-05,relief,47,25.7,74,74.8,85.4,22.7
DVM_0061,PCC_012,2026-01-12,relief,47,22.5,64,71.0,83.9,25.2
DVM_0061,PCC_012,2026-01-19,relief,47,23.2,63,75.7,85.7,21.9
DVM_0061,PCC_012,2026-01-26,relief,47,23.0,70,73.1,84.1,18.9
DVM_0061,PCC_012,2026-02-02,relief,47,24.0,70,67.3,85.9,24.9
DVM_0061,PCC_012,2026-02-09,relief,47,13.1,33,71.4,84.7,17.8
DVM_0061,PCC_012,2026-02-16,relief,47,28.2,94,80.8,81.7,22.3
DVM_0061,PCC_012,2026-02-23,RELIEF,47,35.9,82,73.4,93.9,24.8
DVM_0061,PCC_012,2026-03-02,relief,47,16.1,43,71.1,77.4,22.4
DVM_0061,PCC_012,2026-03-09,relief,47,14.2,39,77.3,87.9,20.3
DVM_0061,PCC_012,2026-03-16,relief,47,11.1,28,76.2,86.1,23.4
DVM_0061,PCC_012,2026-03-23,relief,47,22.2,70,83.4,86.3,21.1
DVM_0061,PCC_012,2026-03-30,relief,47,25.6,74,76.0,89.9,20.5
DVM_0061,PCC_012,2026-04-06,relief,47,19.6,47,75.4,89.3,19.6
DVM_0061,PCC_012,2026-04-13,relief,47,24.0,54,69.4,90.7,21.5
DVM_0061,PCC_012,2026-04-20,relief,47,17.3,54,76.4,83.2,24.6
DVM_0061,PCC_012,2026-04-27,relief,47,17.2,55,70.7,95.1,21.7
DVM_0062,PCC_012,2025-11-03,FULL_TIME,61,34.8,106,72.9,87.8,28.5
DVM_0062,PCC_012,2025-11-10,full_time,61,27.5,65,68.4,89.1,30.6
DVM_0062,PCC_012,2025-11-17,full_time,61,41.8,109,72.8,87.7,28.1
DVM_0062,PCC_012,2025-11-24,full_time,61,30.9,84,70.3,91.4,29.5
DVM_0062,PCC_012,2025-12-01,full_time,61,32.5,85,72.2,89.3,28.6
DVM_0062,PCC_012,2025-12-08,full_time,61,35.5,82,68.0,92.3,29.8
DVM_0062,PCC_012,2025-12-15,full_time,61,34.8,82,71.9,93.5,28.9
DVM_0062,PCC_012,2025-12-22,full_time,61,26.6,80,71.6,93.0,27.5
DVM_0062,PCC_012,2025-12-29,full_time,61,31.2,75,68.3,93.3,30.1
DVM_0062,PCC_012,2026-01-05,full_time,61,32.6,116,67.2,87.5,29.1
DVM_0062,PCC_012,2026-01-12,full_time,61,25.8,71,69.7,87.6,27.2
DVM_0062,PCC_012,2026-01-19,full_time,61,33.1,84,70.7,95.4,27.8
DVM_0062,PCC_012,2026-01-26,full_time,61,41.0,104,72.8,90.3,29.1
DVM_0062,PCC_012,2026-02-02,full_time,61,17.4,37,64.3,92.5,27.3
DVM_0062,PCC_012,2026-02-09,full_time,61,45.8,113,74.1,91.9,31.6
DVM_0062,PCC_012,2026-02-16,full_time,61,31.2,88,72.3,91.7,27.6
DVM_0062,PCC_012,2026-02-23,full_time,61,25.1,71,58.6,80.8,34.3
DVM_0062,PCC_012,2026-03-02,full_time,61,28.5,82,72.5,89.0,28.5
DVM_0062,PCC_012,2026-03-09,full_time,61,30.1,81,72.6,87.4,27.7
DVM_0062,PCC_012,2026-03-16,full_time,61,31.2,75,64.8,92.6,30.5
DVM_0062,PCC_012,2026-03-23,full_time,61,39.6,123,74.4,87.5,32.5
DVM_0062,PCC_012,2026-03-30,full_time,61,21.1,50,80.2,87.3,28.5
DVM_0062,PCC_012,2026-04-06,full_time,61,34.0,90,70.0,88.6,29.3
DVM_0062,PCC_012,2026-04-13,full_time,61,24.6,71,75.5,85.9,32.1
DVM_0062,PCC_012,2026-04-20,full_time,61,33.0,99,75.1,87.7,30.8
DVM_0062,PCC_012,2026-04-27,full_time,61,32.1,75,73.5,84.9,33.7
DVM_0063,PCC_012,2025-11-03,full_time,8,22.3,53,74.1,87.4,27.1
DVM_0063,PCC_012,2025-11-10,full_time,8,32.7,81,81.2,81.5,34.7
DVM_0063,PCC_012,2025-11-17,full_time,8,29.0,89,74.5,82.1,32.7
DVM_0063,PCC_012,2025-12-01,full_time,8,34.0,95,83.7,85.2,31.5
DVM_0063,PCC_012,2025-12-08,full_time,8,32.7,82,76.9,80.4,36.7
DVM_0063,PCC_012,2025-12-15,full_time,8,37.2,93,73.5,85.1,31.3
DVM_0063,PCC_012,2025-12-22,full_time,8,30.3,87,69.3,85.2,37.3
DVM_0063,PCC_012,2025-12-29,full_time,8,33.2,87,82.5,88.3,32.2
DVM_0063,PCC_012,2026-01-05,full_time,8,27.6,74,80.6,85.2,36.5
DVM_0063,PCC_012,2026-01-12,full_time,8,24.9,58,73.0,82.2,35.1
DVM_0063,PCC_012,2026-01-19,full_time,8,41.0,133,78.7,83.2,31.6
DVM_0063,PCC_012,2026-01-26,full_time,8,37.6,107,74.5,88.5,34.3
DVM_0063,PCC_012,2026-02-02,full_time,8,28.5,70,84.2,78.2,33.2
DVM_0063,PCC_012,2026-02-09,full_time,8,25.4,69,76.7,87.6,38.4
DVM_0063,PCC_012,2026-02-16,full_time,8,30.1,89,70.3,94.4,33.1
DVM_0063,PCC_012,2026-03-02,full_time,8,36.5,108,81.1,88.2,33.6
DVM_0063,PCC_012,2026-03-09,full_time,8,28.4,75,83.4,88.8,34.2
DVM_0063,PCC_012,2026-03-23,full_time,8,35.6,88,73.1,82.8,31.2
DVM_0063,PCC_012,2026-03-30,full_time,8,24.2,67,74.7,81.9,34.2
DVM_0063,PCC_012,2026-04-06,full_time,8,44.5,137,71.3,85.3,33.6
DVM_0063,PCC_012,2026-04-13,full_time,8,26.1,67,78.3,81.3,34.6
DVM_0063,PCC_012,2026-04-20,full_time,8,30.5,104,75.0,83.5,28.7
DVM_0063,PCC_012,2026-04-27,full_time,8,26.6,75,70.3,87.8,31.8
DVM_0064,PCC_012,2025-11-03,full_time,35,30.7,85,77.7,77.9,26.7
DVM_0064,PCC_012,2025-11-10,FULL_TIME,35,30.4,79,69.8,74.6,25.0
DVM_0064,PCC_012,2025-11-17,full_time,35,29.5,74,85.2,80.5,24.2
DVM_0064,PCC_012,2025-11-24,full_time,35,32.4,104,78.8,86.3,28.5
DVM_0064,PCC_012,2025-12-01,full_time,35,38.6,80,81.0,90.0,25.6
DVM_0064,PCC_012,2025-12-08,full_time,35,25.4,75,85.8,83.8,24.8
DVM_0064,PCC_012,2025-12-15,full_time,35,36.4,99,76.4,86.4,22.5
DVM_0064,PCC_012,2025-12-22,full_time,35,37.8,105,80.3,84.1,25.0
DVM_0064,PCC_012,2025-12-29,FULL_TIME,35,32.1,96,71.4,85.2,26.6
DVM_0064,PCC_012,2026-01-05,full_time,35,29.0,87,74.1,82.6,30.9
DVM_0064,PCC_012,2026-01-12,full_time,35,20.1,46,83.1,80.8,29.0
DVM_0064,PCC_012,2026-01-19,full_time,35,29.8,78,76.8,87.1,
DVM_0064,PCC_012,2026-01-26,full_time,35,43.1,137,67.7,76.2,22.2
DVM_0064,PCC_012,2026-02-02,full_time,35,23.8,54,82.0,82.6,26.5
DVM_0064,PCC_012,2026-02-09,full_time,35,18.8,46,82.5,80.0,27.6
DVM_0064,PCC_012,2026-02-16,full_time,35,35.8,96,69.6,83.5,26.9
DVM_0064,PCC_012,2026-02-23,full_time,35,33.2,94,71.9,80.4,26.4
DVM_0064,PCC_012,2026-03-09,full_time,35,30.2,95,77.7,85.3,23.1
DVM_0064,PCC_012,2026-03-16,full_time,35,32.3,86,84.3,82.4,28.3
DVM_0064,PCC_012,2026-03-23,full_time,35,45.8,124,80.4,81.3,29.1
DVM_0064,PCC_012,2026-04-06,full_time,35,30.6,73,81.4,79.5,24.9
DVM_0064,PCC_012,2026-04-13,full_time,35,35.7,91,83.0,85.9,29.9
DVM_0064,PCC_012,2026-04-20,full_time,35,27.0,73,80.6,75.8,19.8
DVM_0064,PCC_012,2026-04-27,full_time,35,37.9,107,88.7,83.2,28.0
DVM_0065,PCC_012,2025-11-03,part_time,63,24.2,43,81.5,91.8,27.1
DVM_0065,PCC_012,2025-11-10,part_time,63,17.1,46,72.1,93.5,24.3
DVM_0065,PCC_012,2025-11-17,part_time,63,24.2,63,79.5,87.6,24.3
DVM_0065,PCC_012,2025-11-24,part_time,63,20.0,47,78.2,94.6,22.2
DVM_0065,PCC_012,2025-12-01,part_time,63,22.0,66,75.5,92.2,23.9
DVM_0065,PCC_012,2025-12-08,part_time,63,11.5,37,78.2,97.0,24.3
DVM_0065,PCC_012,2025-12-15,part_time,63,15.6,45,79.0,96.1,25.5
DVM_0065,PCC_012,2025-12-22,part_time,63,25.8,61,73.4,97.4,25.3
DVM_0065,PCC_012,2025-12-29,part_time,63,4.0,14,63.9,94.7,22.0
DVM_0065,PCC_012,2026-01-05,part_time,63,20.2,57,81.5,95.0,
DVM_0065,PCC_012,2026-01-12,part_time,63,14.1,32,76.7,99.5,23.9
DVM_0065,PCC_012,2026-01-19,PART_TIME,63,18.9,58,77.2,89.8,24.9
DVM_0065,PCC_012,2026-01-26,part_time,63,29.3,97,79.3,98.4,23.8
DVM_0065,PCC_012,2026-02-09,part_time,63,13.7,37,81.8,98.4,25.5
DVM_0065,PCC_012,2026-02-16,part_time,63,17.0,42,74.5,90.2,21.2
DVM_0065,PCC_012,2026-03-02,part_time,63,23.5,81,80.8,95.0,27.0
DVM_0065,PCC_012,2026-03-09,PART_TIME,63,22.3,76,79.1,99.5,26.9
DVM_0065,PCC_012,2026-03-16,part_time,63,19.4,48,80.5,93.9,27.0
DVM_0065,PCC_012,2026-03-23,part_time,63,22.9,75,72.8,91.5,20.6
DVM_0065,PCC_012,2026-03-30,part_time,63,18.6,45,76.1,92.6,25.5
DVM_0065,PCC_012,2026-04-06,PART_TIME,63,24.0,75,77.1,96.3,25.3
DVM_0065,PCC_012,2026-04-13,part_time,63,25.8,59,74.8,89.5,24.2
DVM_0065,PCC_012,2026-04-20,part_time,63,22.3,68,81.1,91.9,22.2
DVM_0065,PCC_012,2026-04-27,part_time,63,22.8,57,72.0,95.9,26.4
DVM_0066,PCC_012,2025-11-03,full_time,12,36.7,111,79.1,91.8,31.7
DVM_0066,PCC_012,2025-11-10,full_time,12,35.4,88,75.0,94.3,29.0
DVM_0066,PCC_012,2025-11-17,full_time,12,33.4,85,68.5,86.7,25.4
DVM_0066,PCC_012,2025-11-24,full_time,12,22.2,66,75.8,93.2,29.0
DVM_0066,PCC_012,2025-12-01,full_time,12,26.6,67,77.9,97.8,30.9
DVM_0066,PCC_012,2025-12-08,full_time,12,31.8,84,74.1,84.0,32.3
DVM_0066,PCC_012,2025-12-15,full_time,12,34.2,94,76.5,91.2,29.5
DVM_0066,PCC_012,2025-12-22,full_time,12,32.5,93,72.5,93.0,31.8
DVM_0066,PCC_012,2025-12-29,full_time,12,27.5,87,74.7,85.0,30.0
DVM_0066,PCC_012,2026-01-05,FULL_TIME,12,30.4,96,71.0,91.0,27.6
DVM_0066,PCC_012,2026-01-12,full_time,12,28.9,80,84.4,86.5,30.5
DVM_0066,PCC_012,2026-01-19,full_time,12,30.8,80,74.1,92.8,25.0
DVM_0066,PCC_012,2026-01-26,full_time,12,26.3,66,69.6,86.9,31.8
DVM_0066,PCC_012,2026-02-02,full_time,12,38.4,89,70.4,98.1,
DVM_0066,PCC_012,2026-02-09,full_time,12,37.1,112,78.0,83.6,29.2
DVM_0066,PCC_012,2026-02-16,full_time,12,28.2,65,78.4,94.3,29.9
DVM_0066,PCC_012,2026-02-23,full_time,12,36.1,106,75.0,93.8,29.5
DVM_0066,PCC_012,2026-03-09,full_time,12,36.1,88,71.6,92.1,30.1
DVM_0066,PCC_012,2026-03-16,full_time,12,31.2,105,75.1,91.1,27.4
DVM_0066,PCC_012,2026-03-23,full_time,12,29.4,90,67.1,91.5,29.7
DVM_0066,PCC_012,2026-04-06,full_time,12,36.7,101,72.2,91.1,30.7
DVM_0066,PCC_012,2026-04-13,full_time,12,40.6,102,70.6,91.8,28.1
DVM_0066,PCC_012,2026-04-20,full_time,12,24.7,72,73.3,93.7,31.7
DVM_0066,PCC_012,2026-04-27,FULL_TIME,12,28.8,80,73.3,94.1,30.3
DVM_0067,PCC_013,2025-11-03,full_time,7,33.0,99,75.9,88.9,20.5
DVM_0067,PCC_013,2025-11-10,full_time,7,23.9,66,68.6,89.3,25.6
DVM_0067,PCC_013,2025-11-17,full_time,7,46.0,146,74.7,87.5,30.4
DVM_0067,PCC_013,2025-11-24,full_time,7,25.0,69,76.0,88.1,29.0
DVM_0067,PCC_013,2025-12-01,full_time,7,29.6,83,73.0,88.5,28.9
DVM_0067,PCC_013,2025-12-08,full_time,7,24.7,62,72.7,85.0,26.3
DVM_0067,PCC_013,2025-12-15,full_time,7,35.4,99,75.1,84.2,30.6
DVM_0067,PCC_013,2025-12-22,FULL_TIME,7,39.7,102,70.3,85.3,28.1
DVM_0067,PCC_013,2025-12-29,full_time,7,26.9,64,71.8,82.6,25.7
DVM_0067,PCC_013,2026-01-05,full_time,7,34.8,100,65.9,83.7,26.1
DVM_0067,PCC_013,2026-01-12,full_time,7,42.5,115,76.1,80.7,25.8
DVM_0067,PCC_013,2026-01-19,full_time,7,32.5,86,73.1,79.9,25.5
DVM_0067,PCC_013,2026-01-26,full_time,7,30.5,79,73.9,91.4,29.0
DVM_0067,PCC_013,2026-02-02,full_time,7,32.4,78,76.6,81.9,25.9
DVM_0067,PCC_013,2026-02-09,full_time,7,32.1,64,77.4,86.7,26.0
DVM_0067,PCC_013,2026-02-16,full_time,7,32.6,78,67.4,84.6,26.2
DVM_0067,PCC_013,2026-02-23,full_time,7,36.9,83,76.0,81.2,26.1
DVM_0067,PCC_013,2026-03-02,full_time,7,29.2,82,76.7,91.8,
DVM_0067,PCC_013,2026-03-09,full_time,7,23.1,52,78.7,89.5,29.6
DVM_0067,PCC_013,2026-03-16,full_time,7,23.2,67,73.4,83.5,27.5
DVM_0067,PCC_013,2026-03-30,full_time,7,30.2,90,71.5,84.3,29.5
DVM_0067,PCC_013,2026-04-06,full_time,7,32.6,75,71.8,88.5,25.9
DVM_0067,PCC_013,2026-04-20,full_time,7,44.7,116,70.9,87.3,31.0
DVM_0067,PCC_013,2026-04-27,full_time,7,44.9,111,78.2,89.8,25.0
DVM_0068,PCC_013,2025-11-03,full_time,57,33.1,91,72.0,89.1,29.3
DVM_0068,PCC_013,2025-11-10,full_time,57,34.3,87,77.1,90.0,30.3
DVM_0068,PCC_013,2025-11-17,full_time,57,32.2,82,68.2,85.4,32.9
DVM_0068,PCC_013,2025-11-24,full_time,57,36.5,126,70.0,83.6,31.5
DVM_0068,PCC_013,2025-12-01,FULL_TIME,57,21.2,57,75.1,87.8,31.6
DVM_0068,PCC_013,2025-12-08,full_time,57,35.6,93,75.5,81.2,27.5
DVM_0068,PCC_013,2025-12-15,full_time,57,23.1,69,81.0,91.2,25.1
DVM_0068,PCC_013,2025-12-29,full_time,57,35.0,84,74.5,83.6,29.4
DVM_0068,PCC_013,2026-01-05,full_time,57,29.9,87,73.6,87.0,28.6
DVM_0068,PCC_013,2026-01-12,full_time,57,37.6,98,68.9,84.3,28.6
DVM_0068,PCC_013,2026-01-19,full_time,57,39.2,99,77.6,85.4,26.9
DVM_0068,PCC_013,2026-01-26,full_time,57,40.2,86,69.2,95.7,28.9
DVM_0068,PCC_013,2026-02-02,full_time,57,43.7,117,69.4,89.2,29.9
DVM_0068,PCC_013,2026-02-16,full_time,57,41.9,114,80.0,94.0,27.6
DVM_0068,PCC_013,2026-02-23,full_time,57,26.2,65,76.0,83.1,30.0
DVM_0068,PCC_013,2026-03-02,full_time,57,32.3,62,89.0,94.2,26.0
DVM_0068,PCC_013,2026-03-16,full_time,57,37.1,94,83.2,93.4,28.1
DVM_0068,PCC_013,2026-03-23,full_time,57,30.5,77,84.4,88.7,28.5
DVM_0068,PCC_013,2026-03-30,full_time,57,27.3,71,75.4,89.8,29.5
DVM_0068,PCC_013,2026-04-06,full_time,57,23.6,71,79.5,94.9,27.7
DVM_0068,PCC_013,2026-04-13,full_time,57,34.2,105,73.5,88.5,28.6
DVM_0068,PCC_013,2026-04-20,full_time,57,19.1,57,87.0,83.4,25.7
DVM_0068,PCC_013,2026-04-27,full_time,57,33.3,91,76.4,94.6,27.4
DVM_0069,PCC_013,2025-11-03,relief,89,11.4,36,76.8,72.2,
DVM_0069,PCC_013,2025-11-10,relief,89,25.6,72,81.0,60.3,27.8
DVM_0069,PCC_013,2025-11-17,relief,89,23.5,57,74.2,81.4,28.8
DVM_0069,PCC_013,2025-11-24,relief,89,21.8,63,73.9,72.6,28.9
DVM_0069,PCC_013,2025-12-01,relief,89,19.6,56,73.1,70.2,28.7
DVM_0069,PCC_013,2025-12-08,relief,89,11.1,31,65.3,65.6,28.8
DVM_0069,PCC_013,2025-12-15,relief,89,14.0,31,74.6,71.0,23.3
DVM_0069,PCC_013,2025-12-29,relief,89,12.9,39,70.7,79.3,28.3
DVM_0069,PCC_013,2026-01-05,relief,89,20.2,59,71.0,69.7,26.3
DVM_0069,PCC_013,2026-01-12,relief,89,20.7,51,63.0,73.4,27.5
DVM_0069,PCC_013,2026-01-19,relief,89,14.2,38,67.1,70.3,26.9
DVM_0069,PCC_013,2026-01-26,relief,89,12.1,37,72.1,69.2,30.5
DVM_0069,PCC_013,2026-02-02,relief,89,13.3,32,75.1,73.4,28.3
DVM_0069,PCC_013,2026-02-09,RELIEF,89,23.5,73,69.2,67.5,25.7
DVM_0069,PCC_013,2026-02-16,relief,89,15.0,43,73.5,74.5,29.3
DVM_0069,PCC_013,2026-03-02,relief,89,21.5,57,74.3,75.0,32.1
DVM_0069,PCC_013,2026-03-09,relief,89,24.2,70,71.7,69.5,27.8
DVM_0069,PCC_013,2026-03-16,relief,89,9.2,22,74.1,75.0,24.2
DVM_0069,PCC_013,2026-03-23,relief,89,17.1,47,79.2,68.0,26.8
DVM_0069,PCC_013,2026-04-06,relief,89,8.9,22,74.0,75.0,26.7
DVM_0069,PCC_013,2026-04-13,relief,89,26.5,70,76.1,71.3,25.5
DVM_0069,PCC_013,2026-04-20,relief,89,24.5,66,72.2,73.3,28.8
DVM_0069,PCC_013,2026-04-27,relief,89,20.2,55,74.2,68.9,26.8
DVM_0070,PCC_013,2025-11-03,full_time,17,22.4,58,78.5,76.0,20.8
DVM_0070,PCC_013,2025-11-10,full_time,17,29.7,85,72.6,75.0,20.3
DVM_0070,PCC_013,2025-11-17,full_time,17,24.1,68,82.6,84.9,18.7
DVM_0070,PCC_013,2025-11-24,full_time,17,23.6,57,79.5,74.1,21.3
DVM_0070,PCC_013,2025-12-01,full_time,17,40.0,111,82.7,80.6,22.1
DVM_0070,PCC_013,2025-12-15,full_time,17,30.5,82,80.7,85.8,25.8
DVM_0070,PCC_013,2025-12-22,full_time,17,35.2,88,78.5,77.9,21.0
DVM_0070,PCC_013,2026-01-05,full_time,17,36.7,69,73.1,81.1,21.3
DVM_0070,PCC_013,2026-01-12,full_time,17,25.2,69,84.7,82.1,24.3
DVM_0070,PCC_013,2026-01-19,full_time,17,35.6,92,73.7,78.2,21.5
DVM_0070,PCC_013,2026-01-26,full_time,17,42.8,124,75.6,81.2,18.6
DVM_0070,PCC_013,2026-02-02,full_time,17,29.9,71,80.4,75.3,24.0
DVM_0070,PCC_013,2026-02-09,full_time,17,21.0,50,83.5,80.7,22.1
DVM_0070,PCC_013,2026-02-16,full_time,17,21.9,64,79.5,75.7,21.9
DVM_0070,PCC_013,2026-02-23,full_time,17,31.7,78,78.6,75.8,17.6
DVM_0070,PCC_013,2026-03-02,full_time,17,24.8,65,79.8,80.4,21.9
DVM_0070,PCC_013,2026-03-09,full_time,17,37.5,99,84.4,78.3,26.3
DVM_0070,PCC_013,2026-03-16,FULL_TIME,17,26.2,84,75.0,81.2,21.4
DVM_0070,PCC_013,2026-03-23,full_time,17,30.5,95,74.0,84.5,19.1
DVM_0070,PCC_013,2026-03-30,full_time,17,33.2,87,75.5,77.9,21.3
DVM_0070,PCC_013,2026-04-06,FULL_TIME,17,37.3,103,73.5,80.3,17.0
DVM_0070,PCC_013,2026-04-13,full_time,17,33.8,100,78.8,75.2,18.9
DVM_0070,PCC_013,2026-04-20,full_time,17,32.3,89,74.8,77.6,22.3
DVM_0070,PCC_013,2026-04-27,full_time,17,46.0,131,79.6,82.7,20.4
DVM_0071,PCC_013,2025-11-03,full_time,49,40.7,112,78.0,87.6,18.3
DVM_0071,PCC_013,2025-11-10,full_time,49,32.7,73,70.4,76.4,22.1
DVM_0071,PCC_013,2025-11-17,full_time,49,41.2,80,79.6,76.0,21.4
DVM_0071,PCC_013,2025-11-24,full_time,49,39.9,97,68.2,84.5,23.8
DVM_0071,PCC_013,2025-12-01,full_time,49,27.2,82,74.9,74.6,20.9
DVM_0071,PCC_013,2025-12-08,full_time,49,26.1,62,72.2,84.4,23.9
DVM_0071,PCC_013,2025-12-15,full_time,49,34.9,94,78.8,80.1,22.0
DVM_0071,PCC_013,2025-12-22,full_time,49,30.0,69,73.0,74.2,28.1
DVM_0071,PCC_013,2025-12-29,full_time,49,27.5,77,79.6,85.9,20.2
DVM_0071,PCC_013,2026-01-05,full_time,49,30.8,93,73.4,87.5,19.1
DVM_0071,PCC_013,2026-01-12,full_time,49,43.4,130,81.4,77.5,20.8
DVM_0071,PCC_013,2026-01-19,full_time,49,23.2,65,79.3,84.5,22.9
DVM_0071,PCC_013,2026-01-26,full_time,49,37.2,109,72.0,77.4,19.5
DVM_0071,PCC_013,2026-02-02,full_time,49,41.0,116,76.3,88.9,20.6
DVM_0071,PCC_013,2026-02-09,full_time,49,32.2,85,67.4,82.9,16.8
DVM_0071,PCC_013,2026-02-16,full_time,49,34.1,88,72.3,89.5,21.1
DVM_0071,PCC_013,2026-02-23,full_time,49,32.2,69,74.4,77.7,21.6
DVM_0071,PCC_013,2026-03-02,FULL_TIME,49,26.5,56,74.8,85.5,21.5
DVM_0071,PCC_013,2026-03-09,full_time,49,36.2,127,74.4,83.1,23.2
DVM_0071,PCC_013,2026-03-16,full_time,49,33.0,87,75.1,82.6,19.7
DVM_0071,PCC_013,2026-03-23,FULL_TIME,49,38.5,109,78.0,82.0,22.7
DVM_0071,PCC_013,2026-03-30,full_time,49,22.8,46,78.3,75.8,24.1
DVM_0071,PCC_013,2026-04-06,full_time,49,31.8,87,83.5,87.1,24.1
DVM_0071,PCC_013,2026-04-13,full_time,49,32.7,71,74.6,87.2,19.3
DVM_0071,PCC_013,2026-04-20,full_time,49,30.8,95,71.8,87.1,23.4
DVM_0071,PCC_013,2026-04-27,full_time,49,38.9,91,70.8,75.4,20.9
DVM_0072,PCC_014,2025-11-03,part_time,92,20.1,51,85.2,92.2,23.5
DVM_0072,PCC_014,2025-11-10,part_time,92,23.3,61,88.4,99.1,23.5
DVM_0072,PCC_014,2025-11-17,part_time,92,11.4,36,99.8,91.0,23.5
DVM_0072,PCC_014,2025-11-24,part_time,92,8.1,21,88.0,89.3,27.3
DVM_0072,PCC_014,2025-12-01,part_time,92,22.8,59,90.2,92.8,30.2
DVM_0072,PCC_014,2025-12-08,part_time,92,14.7,41,84.4,78.6,
DVM_0072,PCC_014,2025-12-15,part_time,92,6.9,19,84.3,90.2,26.2
DVM_0072,PCC_014,2025-12-22,part_time,92,21.9,51,88.2,89.9,24.5
DVM_0072,PCC_014,2025-12-29,part_time,92,19.0,54,97.6,89.5,28.6
DVM_0072,PCC_014,2026-01-05,part_time,92,13.7,36,88.8,86.7,30.6
DVM_0072,PCC_014,2026-01-12,part_time,92,17.6,51,87.9,91.7,28.6
DVM_0072,PCC_014,2026-01-19,part_time,92,14.5,38,87.9,93.7,26.0
DVM_0072,PCC_014,2026-01-26,part_time,92,23.2,68,88.0,91.0,27.7
DVM_0072,PCC_014,2026-02-02,part_time,92,15.3,47,91.0,90.5,23.2
DVM_0072,PCC_014,2026-02-09,part_time,92,4.0,10,97.7,87.6,25.3
DVM_0072,PCC_014,2026-02-16,part_time,92,13.8,38,98.4,94.7,26.3
DVM_0072,PCC_014,2026-02-23,part_time,92,14.2,39,97.3,83.6,28.7
DVM_0072,PCC_014,2026-03-02,part_time,92,10.1,30,86.6,94.2,28.8
DVM_0072,PCC_014,2026-03-09,PART_TIME,92,33.0,93,87.1,91.5,22.7
DVM_0072,PCC_014,2026-03-16,part_time,92,18.0,54,84.3,90.1,26.7
DVM_0072,PCC_014,2026-03-23,part_time,92,9.9,29,87.5,93.2,26.1
DVM_0072,PCC_014,2026-03-30,part_time,92,17.0,40,87.9,83.5,28.2
DVM_0072,PCC_014,2026-04-13,part_time,92,10.1,23,89.8,91.1,23.7
DVM_0072,PCC_014,2026-04-20,part_time,92,19.9,49,90.5,88.5,29.0
DVM_0072,PCC_014,2026-04-27,part_time,92,22.1,46,82.9,91.9,24.5
DVM_0073,PCC_014,2025-11-03,FULL_TIME,83,22.0,68,76.3,94.3,19.2
DVM_0073,PCC_014,2025-11-10,FULL_TIME,83,23.4,74,84.1,88.0,19.1
DVM_0073,PCC_014,2025-11-17,full_time,83,27.7,82,81.6,96.1,21.8
DVM_0073,PCC_014,2025-11-24,full_time,83,26.5,83,83.1,92.6,20.9
DVM_0073,PCC_014,2025-12-01,full_time,83,38.7,101,76.3,94.5,17.6
DVM_0073,PCC_014,2025-12-08,full_time,83,34.8,111,85.1,98.4,20.8
DVM_0073,PCC_014,2025-12-15,full_time,83,26.7,66,73.8,95.5,21.0
DVM_0073,PCC_014,2025-12-22,full_time,83,26.5,81,86.4,88.9,24.7
DVM_0073,PCC_014,2025-12-29,full_time,83,36.6,94,80.3,94.1,25.0
DVM_0073,PCC_014,2026-01-12,full_time,83,24.2,66,85.2,96.0,19.5
DVM_0073,PCC_014,2026-01-19,full_time,83,36.9,90,84.0,89.8,24.0
DVM_0073,PCC_014,2026-01-26,full_time,83,32.5,94,83.8,95.7,20.3
DVM_0073,PCC_014,2026-02-02,full_time,83,26.6,76,85.1,96.5,24.5
DVM_0073,PCC_014,2026-02-09,full_time,83,26.1,66,85.7,90.6,24.8
DVM_0073,PCC_014,2026-03-02,full_time,83,25.5,63,79.7,94.2,20.1
DVM_0073,PCC_014,2026-03-09,full_time,83,33.9,79,84.9,91.7,22.5
DVM_0073,PCC_014,2026-03-16,full_time,83,22.3,54,93.0,93.0,25.2
DVM_0073,PCC_014,2026-03-23,full_time,83,33.0,76,78.2,95.7,21.9
DVM_0073,PCC_014,2026-03-30,full_time,83,35.3,112,87.9,95.0,20.2
DVM_0073,PCC_014,2026-04-06,full_time,83,23.4,59,83.1,81.3,19.3
DVM_0073,PCC_014,2026-04-13,full_time,83,26.4,69,85.7,94.7,20.6
DVM_0073,PCC_014,2026-04-20,FULL_TIME,83,33.0,86,77.1,89.1,21.0
DVM_0073,PCC_014,2026-04-27,full_time,83,29.7,71,85.0,94.5,20.3
DVM_0074,PCC_014,2025-11-03,full_time,73,27.8,58,86.4,100.0,23.9
DVM_0074,PCC_014,2025-11-10,full_time,73,26.9,73,88.7,98.1,26.2
DVM_0074,PCC_014,2025-11-17,full_time,73,33.3,97,85.2,100.0,29.6
DVM_0074,PCC_014,2025-11-24,full_time,73,29.6,68,81.1,100.0,23.5
DVM_0074,PCC_014,2025-12-01,full_time,73,36.2,82,94.7,100.0,29.6
DVM_0074,PCC_014,2025-12-08,full_time,73,24.1,61,82.9,100.0,25.2
DVM_0074,PCC_014,2025-12-15,full_time,73,36.1,98,94.3,100.0,25.5
DVM_0074,PCC_014,2025-12-22,full_time,73,41.5,93,81.0,100.0,27.1
DVM_0074,PCC_014,2025-12-29,full_time,73,29.4,81,82.9,97.7,25.0
DVM_0074,PCC_014,2026-01-05,full_time,73,29.9,76,87.6,100.0,26.7
DVM_0074,PCC_014,2026-01-12,full_time,73,36.3,98,94.9,100.0,23.8
DVM_0074,PCC_014,2026-01-26,full_time,73,42.3,115,88.9,100.0,25.5
DVM_0074,PCC_014,2026-02-09,full_time,73,27.3,89,89.3,100.0,28.6
DVM_0074,PCC_014,2026-02-16,full_time,73,36.5,104,93.7,99.3,27.8
DVM_0074,PCC_014,2026-02-23,full_time,73,30.0,87,85.5,100.0,26.1
DVM_0074,PCC_014,2026-03-02,full_time,73,34.6,68,81.2,100.0,25.5
DVM_0074,PCC_014,2026-03-09,full_time,73,39.3,114,79.8,100.0,26.2
DVM_0074,PCC_014,2026-03-16,full_time,73,38.8,112,86.9,100.0,26.0
DVM_0074,PCC_014,2026-03-30,full_time,73,30.6,97,87.8,100.0,28.5
DVM_0074,PCC_014,2026-04-06,full_time,73,32.7,82,79.6,99.9,25.6
DVM_0074,PCC_014,2026-04-13,full_time,73,37.4,100,87.2,95.4,23.4
DVM_0074,PCC_014,2026-04-20,full_time,73,39.9,114,88.4,100.0,26.7
DVM_0074,PCC_014,2026-04-27,full_time,73,30.9,92,90.6,100.0,21.2
DVM_0075,PCC_014,2025-11-03,full_time,34,31.6,102,82.0,93.3,32.3
DVM_0075,PCC_014,2025-11-10,full_time,34,27.0,74,94.2,95.5,29.7
DVM_0075,PCC_014,2025-11-17,full_time,34,28.2,78,83.0,92.3,29.3
DVM_0075,PCC_014,2025-11-24,full_time,34,39.3,116,89.7,96.3,28.5
DVM_0075,PCC_014,2025-12-01,full_time,34,30.0,93,89.1,93.7,30.4
DVM_0075,PCC_014,2025-12-08,full_time,34,34.0,95,81.9,93.0,29.1
DVM_0075,PCC_014,2025-12-15,full_time,34,33.0,78,85.2,91.9,31.0
DVM_0075,PCC_014,2025-12-22,FULL_TIME,34,19.6,49,83.1,100.0,33.8
DVM_0075,PCC_014,2025-12-29,full_time,34,30.9,84,85.4,94.2,28.6
DVM_0075,PCC_014,2026-01-05,full_time,34,26.9,72,77.7,99.9,34.5
DVM_0075,PCC_014,2026-01-12,full_time,34,34.2,103,88.3,99.6,30.5
DVM_0075,PCC_014,2026-01-19,full_time,34,33.1,94,77.4,87.3,33.3
DVM_0075,PCC_014,2026-01-26,full_time,34,30.3,93,87.3,93.4,29.6
DVM_0075,PCC_014,2026-02-02,full_time,34,41.1,115,84.1,97.6,33.7
DVM_0075,PCC_014,2026-02-09,full_time,34,34.0,112,80.2,91.6,29.2
DVM_0075,PCC_014,2026-02-16,full_time,34,41.6,97,85.4,95.3,27.8
DVM_0075,PCC_014,2026-02-23,full_time,34,26.2,78,77.6,93.2,34.5
DVM_0075,PCC_014,2026-03-02,FULL_TIME,34,30.3,87,93.5,96.1,28.0
DVM_0075,PCC_014,2026-03-09,full_time,34,23.0,67,87.4,95.4,28.8
DVM_0075,PCC_014,2026-03-16,full_time,34,28.1,80,84.9,98.2,28.5
DVM_0075,PCC_014,2026-03-23,full_time,34,28.9,79,83.4,96.8,29.0
DVM_0075,PCC_014,2026-03-30,full_time,34,45.0,125,87.1,96.0,29.2
DVM_0075,PCC_014,2026-04-06,full_time,34,43.5,127,83.1,91.1,31.8
DVM_0075,PCC_014,2026-04-13,full_time,34,38.8,118,82.2,90.1,28.7
DVM_0075,PCC_014,2026-04-20,full_time,34,34.2,93,84.5,91.4,29.2
DVM_0075,PCC_014,2026-04-27,full_time,34,37.7,99,82.8,92.9,21.8
DVM_0076,PCC_015,2025-11-03,full_time,14,39.9,89,80.2,94.9,27.3
DVM_0076,PCC_015,2025-11-17,full_time,14,40.3,111,88.8,93.9,25.3
DVM_0076,PCC_015,2025-11-24,full_time,14,27.9,68,85.1,86.2,21.2
DVM_0076,PCC_015,2025-12-01,full_time,14,37.9,106,91.4,93.0,21.7
DVM_0076,PCC_015,2025-12-08,full_time,14,36.0,87,84.5,97.2,23.6
DVM_0076,PCC_015,2025-12-15,full_time,14,29.9,86,81.2,95.6,21.9
DVM_0076,PCC_015,2025-12-22,full_time,14,26.6,67,83.4,100.0,19.4
DVM_0076,PCC_015,2025-12-29,full_time,14,34.1,73,85.3,100.0,22.4
DVM_0076,PCC_015,2026-01-05,full_time,14,22.6,64,81.5,89.5,21.3
DVM_0076,PCC_015,2026-01-12,full_time,14,18.7,58,88.0,94.4,23.7
DVM_0076,PCC_015,2026-01-19,full_time,14,28.5,60,84.5,100.0,20.5
DVM_0076,PCC_015,2026-02-02,full_time,14,22.4,58,89.0,95.9,20.6
DVM_0076,PCC_015,2026-02-09,full_time,14,41.8,96,75.5,94.4,25.2
DVM_0076,PCC_015,2026-02-16,full_time,14,31.3,78,78.3,88.5,18.8
DVM_0076,PCC_015,2026-02-23,full_time,14,42.0,104,81.9,91.4,28.1
DVM_0076,PCC_015,2026-03-02,full_time,14,21.9,68,85.1,90.0,23.5
DVM_0076,PCC_015,2026-03-16,full_time,14,21.3,52,77.6,94.7,23.3
DVM_0076,PCC_015,2026-03-23,full_time,14,34.5,76,81.5,89.5,25.3
DVM_0076,PCC_015,2026-03-30,full_time,14,31.8,78,89.8,91.1,22.7
DVM_0076,PCC_015,2026-04-06,full_time,14,29.9,87,91.4,94.7,25.1
DVM_0076,PCC_015,2026-04-13,full_time,14,26.5,72,84.6,96.8,22.2
DVM_0076,PCC_015,2026-04-20,full_time,14,25.9,67,83.3,95.2,18.0
DVM_0076,PCC_015,2026-04-27,full_time,14,36.6,87,80.1,91.2,22.7
DVM_0077,PCC_015,2025-11-03,part_time,39,26.1,70,81.4,93.8,28.8
DVM_0077,PCC_015,2025-11-10,part_time,39,24.8,67,83.9,100.0,33.9
DVM_0077,PCC_015,2025-11-17,part_time,39,15.0,40,87.4,96.6,30.7
DVM_0077,PCC_015,2025-11-24,part_time,39,26.4,62,83.9,94.7,29.5
DVM_0077,PCC_015,2025-12-01,part_time,39,18.0,40,82.2,90.4,31.7
DVM_0077,PCC_015,2025-12-08,part_time,39,23.2,63,85.8,94.3,28.5
DVM_0077,PCC_015,2025-12-15,part_time,39,16.0,45,82.7,99.4,30.0
DVM_0077,PCC_015,2025-12-22,part_time,39,14.1,39,83.8,89.4,31.5
DVM_0077,PCC_015,2025-12-29,part_time,39,19.3,53,90.5,96.6,31.0
DVM_0077,PCC_015,2026-01-12,PART_TIME,39,12.3,27,80.4,94.4,29.4
DVM_0077,PCC_015,2026-01-19,part_time,39,18.0,47,88.5,99.6,28.6
DVM_0077,PCC_015,2026-01-26,part_time,39,25.5,71,83.6,100.0,27.0
DVM_0077,PCC_015,2026-02-02,part_time,39,19.1,54,83.4,100.0,31.0
DVM_0077,PCC_015,2026-02-09,part_time,39,21.7,55,80.6,100.0,30.5
DVM_0077,PCC_015,2026-02-23,part_time,39,12.5,27,91.4,100.0,28.4
DVM_0077,PCC_015,2026-03-02,part_time,39,17.3,42,85.1,100.0,34.8
DVM_0077,PCC_015,2026-03-09,part_time,39,15.8,46,71.7,97.2,27.5
DVM_0077,PCC_015,2026-03-16,part_time,39,7.4,19,79.7,95.2,24.8
DVM_0077,PCC_015,2026-03-23,part_time,39,22.7,60,78.3,88.7,31.2
DVM_0077,PCC_015,2026-03-30,part_time,39,18.8,42,75.9,90.7,28.9
DVM_0077,PCC_015,2026-04-06,part_time,39,6.9,17,88.0,93.8,33.8
DVM_0077,PCC_015,2026-04-13,part_time,39,25.0,78,82.3,99.8,29.3
DVM_0077,PCC_015,2026-04-20,part_time,39,16.3,36,83.7,95.1,32.2
DVM_0077,PCC_015,2026-04-27,part_time,39,11.0,33,81.2,99.1,29.4
DVM_0078,PCC_015,2025-11-03,full_time,85,28.6,79,93.5,93.5,36.6
DVM_0078,PCC_015,2025-11-10,full_time,85,29.7,75,87.3,90.6,35.7
DVM_0078,PCC_015,2025-11-17,full_time,85,30.0,92,99.0,89.3,35.5
DVM_0078,PCC_015,2025-11-24,FULL_TIME,85,28.0,75,88.2,84.8,37.6
DVM_0078,PCC_015,2025-12-01,full_time,85,25.7,58,92.5,88.6,31.8
DVM_0078,PCC_015,2025-12-08,full_time,85,35.4,91,94.0,94.4,32.9
DVM_0078,PCC_015,2025-12-15,full_time,85,32.5,85,88.0,92.2,34.6
DVM_0078,PCC_015,2025-12-22,full_time,85,38.4,86,90.8,92.1,35.5
DVM_0078,PCC_015,2025-12-29,full_time,85,26.3,78,84.4,81.5,34.1
DVM_0078,PCC_015,2026-01-05,full_time,85,32.1,70,90.8,89.4,36.9
DVM_0078,PCC_015,2026-01-12,full_time,85,31.4,86,86.3,93.1,33.0
DVM_0078,PCC_015,2026-01-19,full_time,85,23.4,57,98.6,87.7,31.4
DVM_0078,PCC_015,2026-01-26,full_time,85,35.2,88,88.6,88.5,35.3
DVM_0078,PCC_015,2026-02-02,full_time,85,34.7,90,93.3,85.1,33.4
DVM_0078,PCC_015,2026-02-09,full_time,85,24.8,58,94.1,93.0,32.2
DVM_0078,PCC_015,2026-02-16,full_time,85,25.5,69,92.2,89.0,38.0
DVM_0078,PCC_015,2026-03-02,full_time,85,33.4,86,92.1,88.0,35.9
DVM_0078,PCC_015,2026-03-09,full_time,85,30.8,90,86.0,83.8,35.0
DVM_0078,PCC_015,2026-03-16,full_time,85,44.0,107,90.8,89.3,36.5
DVM_0078,PCC_015,2026-03-23,full_time,85,36.9,91,100.0,90.4,38.3
DVM_0078,PCC_015,2026-03-30,full_time,85,27.1,84,90.2,89.0,33.8
DVM_0078,PCC_015,2026-04-06,full_time,85,34.5,90,91.0,86.6,34.3
DVM_0078,PCC_015,2026-04-20,full_time,85,41.0,122,85.1,87.1,32.9
DVM_0078,PCC_015,2026-04-27,full_time,85,23.0,70,100.0,86.9,35.3
DVM_0079,PCC_015,2025-11-10,full_time,77,26.8,83,85.0,83.7,22.6
DVM_0079,PCC_015,2025-11-24,full_time,77,24.2,56,75.5,90.3,23.4
DVM_0079,PCC_015,2025-12-01,full_time,77,30.8,84,79.7,88.9,23.1
DVM_0079,PCC_015,2025-12-08,full_time,77,30.3,91,82.5,92.2,22.3
DVM_0079,PCC_015,2025-12-15,full_time,77,38.0,122,82.1,81.1,24.5
DVM_0079,PCC_015,2025-12-22,full_time,77,38.8,85,79.6,89.3,25.0
DVM_0079,PCC_015,2025-12-29,full_time,77,32.4,97,84.1,87.1,18.7
DVM_0079,PCC_015,2026-01-05,full_time,77,29.5,76,76.6,92.0,17.9
DVM_0079,PCC_015,2026-01-12,full_time,77,26.4,72,77.1,85.5,22.2
DVM_0079,PCC_015,2026-01-19,full_time,77,28.0,72,77.9,87.4,23.8
DVM_0079,PCC_015,2026-01-26,full_time,77,23.3,62,79.4,91.8,21.1
DVM_0079,PCC_015,2026-02-02,full_time,77,22.7,55,81.6,89.2,24.6
DVM_0079,PCC_015,2026-02-09,full_time,77,34.2,87,80.7,92.2,19.6
DVM_0079,PCC_015,2026-02-16,full_time,77,35.0,104,78.2,91.4,16.1
DVM_0079,PCC_015,2026-03-02,full_time,77,20.5,61,71.4,91.5,24.2
DVM_0079,PCC_015,2026-03-09,FULL_TIME,77,33.9,107,82.4,87.2,22.0
DVM_0079,PCC_015,2026-03-16,full_time,77,31.1,68,78.6,88.6,22.3
DVM_0079,PCC_015,2026-03-23,full_time,77,37.2,99,76.6,85.7,22.3
DVM_0079,PCC_015,2026-04-06,full_time,77,30.9,83,80.0,89.9,22.2
DVM_0079,PCC_015,2026-04-13,full_time,77,30.4,85,77.6,89.7,22.9
DVM_0079,PCC_015,2026-04-20,full_time,77,19.9,51,78.5,84.3,26.6
DVM_0079,PCC_015,2026-04-27,full_time,77,36.6,85,81.2,89.7,21.1
DVM_0080,PCC_016,2025-11-03,part_time,29,26.5,50,75.6,82.3,24.0
DVM_0080,PCC_016,2025-11-17,part_time,29,19.7,44,74.7,82.1,20.2
DVM_0080,PCC_016,2025-11-24,part_time,29,8.6,20,78.1,74.0,22.4
DVM_0080,PCC_016,2025-12-01,part_time,29,12.4,32,77.3,78.6,21.6
DVM_0080,PCC_016,2025-12-08,part_time,29,20.2,50,73.3,79.7,23.1
DVM_0080,PCC_016,2025-12-15,part_time,29,23.3,43,73.8,82.3,27.1
DVM_0080,PCC_016,2025-12-22,part_time,29,18.3,48,77.0,86.0,27.0
DVM_0080,PCC_016,2025-12-29,part_time,29,13.9,34,76.7,85.1,26.2
DVM_0080,PCC_016,2026-01-05,part_time,29,29.5,58,71.9,83.9,20.9
DVM_0080,PCC_016,2026-01-12,part_time,29,10.1,26,69.4,85.8,20.7
DVM_0080,PCC_016,2026-01-19,part_time,29,13.2,34,74.3,89.3,23.5
DVM_0080,PCC_016,2026-01-26,part_time,29,17.9,47,71.9,84.5,24.0
DVM_0080,PCC_016,2026-02-02,part_time,29,11.0,26,82.7,90.4,22.0
DVM_0080,PCC_016,2026-02-09,part_time,29,20.4,44,68.2,81.4,27.0
DVM_0080,PCC_016,2026-02-16,part_time,29,21.9,64,73.4,88.6,26.6
DVM_0080,PCC_016,2026-03-02,part_time,29,23.2,58,72.1,77.5,22.9
DVM_0080,PCC_016,2026-03-09,part_time,29,22.6,61,77.3,83.2,24.7
DVM_0080,PCC_016,2026-03-16,part_time,29,20.2,45,71.0,82.4,22.8
DVM_0080,PCC_016,2026-03-23,part_time,29,24.3,71,72.3,80.0,26.5
DVM_0080,PCC_016,2026-03-30,part_time,29,21.7,66,73.5,84.0,25.8
DVM_0080,PCC_016,2026-04-06,part_time,29,12.2,38,81.1,83.7,23.4
DVM_0080,PCC_016,2026-04-13,part_time,29,11.6,34,76.3,92.3,23.9
DVM_0080,PCC_016,2026-04-20,part_time,29,12.8,27,65.5,89.1,28.3
DVM_0080,PCC_016,2026-04-27,part_time,29,23.3,67,72.2,77.2,26.1
DVM_0081,PCC_016,2025-11-03,full_time,26,34.4,87,65.0,82.6,29.0
DVM_0081,PCC_016,2025-11-10,full_time,26,32.5,74,61.9,83.8,26.5
DVM_0081,PCC_016,2025-11-17,full_time,26,27.6,70,66.6,87.4,27.4
DVM_0081,PCC_016,2025-11-24,full_time,26,26.4,48,71.6,86.2,25.2
DVM_0081,PCC_016,2025-12-01,full_time,26,40.5,93,66.3,81.6,30.4
DVM_0081,PCC_016,2025-12-08,full_time,26,23.7,63,69.0,88.4,27.5
DVM_0081,PCC_016,2025-12-15,full_time,26,40.9,107,73.5,85.9,24.5
DVM_0081,PCC_016,2025-12-22,full_time,26,40.9,99,75.6,89.2,26.9
DVM_0081,PCC_016,2025-12-29,full_time,26,36.3,88,68.0,91.9,25.5
DVM_0081,PCC_016,2026-01-05,full_time,26,41.7,86,64.4,88.9,29.1
DVM_0081,PCC_016,2026-01-12,full_time,26,32.3,85,63.0,94.1,25.5
DVM_0081,PCC_016,2026-01-19,full_time,26,37.9,106,71.3,85.6,30.8
DVM_0081,PCC_016,2026-01-26,full_time,26,30.8,82,75.0,77.9,30.5
DVM_0081,PCC_016,2026-02-02,full_time,26,48.0,134,68.8,87.7,24.9
DVM_0081,PCC_016,2026-02-09,full_time,26,30.7,78,69.7,88.1,23.8
DVM_0081,PCC_016,2026-02-16,full_time,26,33.8,77,70.0,91.0,26.3
DVM_0081,PCC_016,2026-02-23,full_time,26,29.7,85,70.4,86.2,31.9
DVM_0081,PCC_016,2026-03-02,full_time,26,35.3,88,71.9,85.0,25.0
DVM_0081,PCC_016,2026-03-09,full_time,26,36.8,80,68.2,85.4,27.0
DVM_0081,PCC_016,2026-03-16,full_time,26,17.8,44,63.8,90.0,29.5
DVM_0081,PCC_016,2026-03-23,full_time,26,33.0,88,66.2,90.3,30.7
DVM_0081,PCC_016,2026-03-30,full_time,26,37.2,94,68.6,88.7,27.7
DVM_0081,PCC_016,2026-04-06,full_time,26,38.1,89,69.1,86.1,34.7
DVM_0081,PCC_016,2026-04-13,full_time,26,32.8,88,72.1,89.0,29.7
DVM_0081,PCC_016,2026-04-20,full_time,26,28.4,78,70.5,90.2,30.5
DVM_0081,PCC_016,2026-04-27,full_time,26,32.0,86,72.6,86.9,35.2
DVM_0082,PCC_016,2025-11-03,full_time,53,32.0,93,75.7,87.8,25.5
DVM_0082,PCC_016,2025-11-10,full_time,53,31.3,90,81.2,97.7,24.3
DVM_0082,PCC_016,2025-11-17,full_time,53,24.3,68,77.4,97.9,29.2
DVM_0082,PCC_016,2025-11-24,full_time,53,37.3,112,83.4,92.7,27.3
DVM_0082,PCC_016,2025-12-01,full_time,53,30.7,88,76.6,92.7,27.3
DVM_0082,PCC_016,2025-12-08,full_time,53,28.0,62,81.9,91.3,24.4
DVM_0082,PCC_016,2025-12-15,full_time,53,37.9,98,80.8,91.7,22.3
DVM_0082,PCC_016,2025-12-22,full_time,53,31.4,87,79.2,92.5,27.4
DVM_0082,PCC_016,2025-12-29,full_time,53,30.4,74,74.3,93.4,25.1
DVM_0082,PCC_016,2026-01-05,full_time,53,30.8,82,78.0,92.0,25.3
DVM_0082,PCC_016,2026-01-12,full_time,53,37.2,94,80.4,94.2,23.2
DVM_0082,PCC_016,2026-01-19,full_time,53,34.8,81,73.4,96.4,23.3
DVM_0082,PCC_016,2026-01-26,full_time,53,19.2,54,87.7,93.1,24.3
DVM_0082,PCC_016,2026-02-02,full_time,53,28.4,77,75.7,94.7,27.2
DVM_0082,PCC_016,2026-02-09,full_time,53,29.2,65,73.4,92.2,25.9
DVM_0082,PCC_016,2026-02-23,full_time,53,34.5,99,77.7,86.7,23.4
DVM_0082,PCC_016,2026-03-02,full_time,53,18.7,51,64.0,84.6,25.8
DVM_0082,PCC_016,2026-03-09,full_time,53,43.8,108,71.3,86.1,23.5
DVM_0082,PCC_016,2026-03-16,full_time,53,30.4,63,78.6,86.0,24.1
DVM_0082,PCC_016,2026-03-23,full_time,53,42.8,94,71.3,94.4,21.4
DVM_0082,PCC_016,2026-03-30,full_time,53,34.4,84,73.0,94.4,24.6
DVM_0082,PCC_016,2026-04-06,full_time,53,29.1,53,80.2,90.5,19.8
DVM_0082,PCC_016,2026-04-13,full_time,53,36.9,92,85.8,95.0,25.4
DVM_0082,PCC_016,2026-04-20,full_time,53,37.3,86,78.6,87.6,19.6
DVM_0082,PCC_016,2026-04-27,full_time,53,37.0,86,72.7,92.5,
DVM_0083,PCC_016,2025-11-03,full_time,15,38.2,103,77.9,91.1,31.6
DVM_0083,PCC_016,2025-11-10,full_time,15,31.7,87,77.9,96.7,27.9
DVM_0083,PCC_016,2025-11-17,full_time,15,33.7,75,84.6,93.0,25.4
DVM_0083,PCC_016,2025-11-24,full_time,15,23.7,53,74.1,100.0,24.8
DVM_0083,PCC_016,2025-12-01,full_time,15,40.5,105,70.1,96.2,27.4
DVM_0083,PCC_016,2025-12-08,full_time,15,38.0,98,81.4,95.8,28.5
DVM_0083,PCC_016,2025-12-22,full_time,15,33.3,96,77.8,100.0,29.8
DVM_0083,PCC_016,2025-12-29,full_time,15,34.5,103,79.9,96.0,28.4
DVM_0083,PCC_016,2026-01-05,full_time,15,36.3,95,80.2,97.4,29.7
DVM_0083,PCC_016,2026-01-12,full_time,15,28.1,53,77.5,96.6,24.5
DVM_0083,PCC_016,2026-01-19,full_time,15,33.0,78,78.5,97.7,30.2
DVM_0083,PCC_016,2026-01-26,full_time,15,36.8,85,76.0,93.5,27.4
DVM_0083,PCC_016,2026-02-02,full_time,15,32.0,85,76.8,89.9,24.3
DVM_0083,PCC_016,2026-02-09,full_time,15,44.9,79,81.2,95.1,29.9
DVM_0083,PCC_016,2026-02-23,full_time,15,47.1,110,83.2,93.1,28.7
DVM_0083,PCC_016,2026-03-02,full_time,15,31.8,68,79.8,93.7,28.4
DVM_0083,PCC_016,2026-03-09,full_time,15,31.0,78,82.2,94.0,26.9
DVM_0083,PCC_016,2026-03-23,full_time,15,28.4,71,75.0,88.5,26.6
DVM_0083,PCC_016,2026-03-30,full_time,15,25.4,61,75.0,93.7,28.9
DVM_0083,PCC_016,2026-04-06,full_time,15,39.6,94,82.8,95.6,24.1
DVM_0083,PCC_016,2026-04-13,full_time,15,21.1,53,71.8,89.2,27.6
DVM_0083,PCC_016,2026-04-20,full_time,15,34.1,74,81.3,95.4,27.9
DVM_0083,PCC_016,2026-04-27,full_time,15,34.5,77,78.4,87.3,25.2
DVM_0084,PCC_016,2025-11-03,full_time,65,27.1,64,87.2,90.3,20.9
DVM_0084,PCC_016,2025-11-10,full_time,65,31.4,92,78.6,88.1,23.8
DVM_0084,PCC_016,2025-11-17,full_time,65,36.3,82,75.4,91.3,23.9
DVM_0084,PCC_016,2025-11-24,full_time,65,22.0,53,78.4,89.8,18.8
DVM_0084,PCC_016,2025-12-01,full_time,65,33.8,97,81.7,86.1,19.3
DVM_0084,PCC_016,2025-12-08,full_time,65,37.6,87,88.8,95.8,22.8
DVM_0084,PCC_016,2025-12-15,full_time,65,38.0,114,87.3,90.7,24.3
DVM_0084,PCC_016,2025-12-22,full_time,65,36.9,89,85.6,86.8,21.7
DVM_0084,PCC_016,2025-12-29,full_time,65,32.1,71,84.3,91.1,22.1
DVM_0084,PCC_016,2026-01-05,full_time,65,31.6,68,81.0,92.2,19.9
DVM_0084,PCC_016,2026-01-12,full_time,65,40.0,108,82.9,85.8,22.5
DVM_0084,PCC_016,2026-01-19,full_time,65,45.0,110,77.8,84.7,22.2
DVM_0084,PCC_016,2026-01-26,full_time,65,30.4,91,83.5,94.1,16.2
DVM_0084,PCC_016,2026-02-02,full_time,65,32.9,90,77.5,94.2,21.0
DVM_0084,PCC_016,2026-02-09,full_time,65,35.8,85,84.9,91.4,20.1
DVM_0084,PCC_016,2026-02-23,full_time,65,40.4,95,85.4,92.0,24.2
DVM_0084,PCC_016,2026-03-02,full_time,65,34.2,63,78.1,87.9,18.4
DVM_0084,PCC_016,2026-03-09,full_time,65,27.0,62,75.5,90.9,22.5
DVM_0084,PCC_016,2026-03-16,full_time,65,17.9,45,75.2,92.4,21.9
DVM_0084,PCC_016,2026-03-23,full_time,65,29.9,97,77.1,93.6,20.2
DVM_0084,PCC_016,2026-03-30,full_time,65,30.2,84,76.9,85.9,22.7
DVM_0084,PCC_016,2026-04-06,full_time,65,37.7,84,69.7,85.2,20.5
DVM_0084,PCC_016,2026-04-13,full_time,65,29.3,62,73.0,78.1,22.3
DVM_0084,PCC_016,2026-04-20,full_time,65,26.1,62,77.3,94.3,24.9
DVM_0084,PCC_016,2026-04-27,full_time,65,37.7,79,75.2,92.4,23.4
DVM_0085,PCC_016,2025-11-10,full_time,78,27.6,82,83.5,93.0,20.4
DVM_0085,PCC_016,2025-11-17,full_time,78,38.6,109,82.3,78.5,21.5
DVM_0085,PCC_016,2025-11-24,full_time,78,24.5,54,76.6,86.6,20.0
DVM_0085,PCC_016,2025-12-01,full_time,78,39.9,93,76.9,78.5,25.7
DVM_0085,PCC_016,2025-12-08,full_time,78,37.8,105,88.2,86.9,22.6
DVM_0085,PCC_016,2025-12-15,full_time,78,32.8,92,78.9,81.4,24.4
DVM_0085,PCC_016,2025-12-22,full_time,78,35.9,70,88.6,91.0,23.9
DVM_0085,PCC_016,2025-12-29,full_time,78,39.2,71,81.3,89.9,24.0
DVM_0085,PCC_016,2026-01-05,full_time,78,26.1,61,77.1,83.5,21.9
DVM_0085,PCC_016,2026-01-12,full_time,78,46.9,129,84.8,79.4,21.9
DVM_0085,PCC_016,2026-01-26,full_time,78,27.9,63,82.9,77.6,23.4
DVM_0085,PCC_016,2026-02-02,full_time,78,25.0,60,78.7,85.9,20.9
DVM_0085,PCC_016,2026-02-09,full_time,78,31.7,76,77.4,79.9,24.6
DVM_0085,PCC_016,2026-02-16,FULL_TIME,78,22.3,57,85.1,81.0,25.3
DVM_0085,PCC_016,2026-02-23,full_time,78,41.1,120,83.2,90.3,19.7
DVM_0085,PCC_016,2026-03-02,full_time,78,24.1,44,81.7,85.5,23.1
DVM_0085,PCC_016,2026-03-09,full_time,78,38.8,92,77.5,81.0,19.5
DVM_0085,PCC_016,2026-03-16,full_time,78,46.4,124,82.9,78.2,25.2
DVM_0085,PCC_016,2026-03-23,full_time,78,34.8,88,82.4,77.4,19.7
DVM_0085,PCC_016,2026-03-30,full_time,78,28.9,71,86.2,87.9,20.0
DVM_0085,PCC_016,2026-04-06,full_time,78,33.6,77,76.9,83.6,21.8
DVM_0085,PCC_016,2026-04-13,full_time,78,36.0,104,85.4,83.2,21.9
DVM_0085,PCC_016,2026-04-20,full_time,78,28.0,74,82.7,79.5,18.0
DVM_0086,PCC_016,2025-11-03,relief,73,6.5,14,73.7,88.8,23.3
DVM_0086,PCC_016,2025-11-10,relief,73,10.8,29,78.7,98.7,25.7
DVM_0086,PCC_016,2025-11-17,relief,73,21.5,47,69.4,91.0,27.6
DVM_0086,PCC_016,2025-11-24,relief,73,22.3,61,73.6,88.0,24.9
DVM_0086,PCC_016,2025-12-01,relief,73,23.9,66,69.1,93.0,22.4
DVM_0086,PCC_016,2025-12-08,relief,73,9.8,24,69.1,85.6,27.0
DVM_0086,PCC_016,2025-12-15,relief,73,10.5,25,65.7,85.9,26.5
DVM_0086,PCC_016,2025-12-22,relief,73,4.0,10,73.6,91.5,25.4
DVM_0086,PCC_016,2025-12-29,relief,73,16.2,40,70.5,89.6,22.3
DVM_0086,PCC_016,2026-01-05,relief,73,23.3,62,83.9,97.6,27.1
DVM_0086,PCC_016,2026-01-12,relief,73,19.6,46,77.5,90.2,25.1
DVM_0086,PCC_016,2026-01-19,relief,73,26.2,78,64.7,93.0,26.8
DVM_0086,PCC_016,2026-01-26,relief,73,14.6,33,74.5,84.5,27.2
DVM_0086,PCC_016,2026-02-02,relief,73,16.0,42,69.8,89.0,25.6
DVM_0086,PCC_016,2026-02-09,relief,73,13.4,31,71.5,92.8,19.5
DVM_0086,PCC_016,2026-02-16,relief,73,10.9,31,70.4,91.0,23.6
DVM_0086,PCC_016,2026-02-23,relief,73,28.5,78,66.8,90.7,27.6
DVM_0086,PCC_016,2026-03-02,relief,73,17.8,38,80.7,85.3,26.0
DVM_0086,PCC_016,2026-03-09,relief,73,18.9,54,76.6,91.9,26.6
DVM_0086,PCC_016,2026-03-16,relief,73,18.9,48,68.5,97.5,28.2
DVM_0086,PCC_016,2026-03-23,relief,73,20.2,49,64.5,86.4,28.1
DVM_0086,PCC_016,2026-03-30,relief,73,18.4,38,75.3,92.2,20.2
DVM_0086,PCC_016,2026-04-06,relief,73,19.9,53,74.0,87.2,25.3
DVM_0086,PCC_016,2026-04-20,RELIEF,73,26.3,65,72.5,87.2,21.5
DVM_0087,PCC_017,2025-11-10,full_time,82,34.0,86,79.9,80.3,23.8
DVM_0087,PCC_017,2025-11-17,full_time,82,29.0,49,91.8,79.5,24.5
DVM_0087,PCC_017,2025-12-01,full_time,82,33.8,76,81.3,90.4,22.3
DVM_0087,PCC_017,2025-12-08,full_time,82,24.9,62,85.9,88.0,17.3
DVM_0087,PCC_017,2025-12-15,full_time,82,27.3,78,76.5,87.3,20.2
DVM_0087,PCC_017,2025-12-22,FULL_TIME,82,36.5,96,82.5,86.6,20.4
DVM_0087,PCC_017,2025-12-29,FULL_TIME,82,31.6,91,88.0,85.6,20.1
DVM_0087,PCC_017,2026-01-05,full_time,82,25.8,81,93.3,83.5,21.1
DVM_0087,PCC_017,2026-01-12,full_time,82,33.1,97,71.9,80.7,21.2
DVM_0087,PCC_017,2026-01-19,full_time,82,35.4,97,78.6,78.5,23.1
DVM_0087,PCC_017,2026-01-26,full_time,82,31.6,86,84.7,86.4,24.7
DVM_0087,PCC_017,2026-02-02,full_time,82,28.3,62,75.4,78.2,26.1
DVM_0087,PCC_017,2026-02-09,full_time,82,31.1,75,80.5,90.5,23.5
DVM_0087,PCC_017,2026-02-16,full_time,82,35.8,80,80.0,89.7,21.3
DVM_0087,PCC_017,2026-02-23,full_time,82,28.0,67,77.7,84.4,21.6
DVM_0087,PCC_017,2026-03-02,full_time,82,34.5,98,83.4,89.1,26.3
DVM_0087,PCC_017,2026-03-09,full_time,82,29.9,79,87.8,85.1,
DVM_0087,PCC_017,2026-03-16,full_time,82,19.5,53,84.8,83.2,23.3
DVM_0087,PCC_017,2026-03-23,full_time,82,29.4,68,90.5,94.6,22.9
DVM_0087,PCC_017,2026-03-30,full_time,82,34.4,78,80.9,89.7,24.7
DVM_0087,PCC_017,2026-04-06,full_time,82,25.3,54,92.6,81.3,24.9
DVM_0087,PCC_017,2026-04-13,full_time,82,24.8,61,76.8,82.0,23.7
DVM_0087,PCC_017,2026-04-20,full_time,82,32.8,72,82.3,86.0,24.8
DVM_0087,PCC_017,2026-04-27,full_time,82,23.5,62,83.8,84.2,22.0
DVM_0088,PCC_017,2025-11-03,full_time,73,44.0,93,66.5,78.9,18.4
DVM_0088,PCC_017,2025-11-10,full_time,73,36.0,81,72.0,68.3,20.0
DVM_0088,PCC_017,2025-11-17,full_time,73,34.0,84,80.0,71.8,20.3
DVM_0088,PCC_017,2025-11-24,full_time,73,34.3,88,77.2,72.7,21.1
DVM_0088,PCC_017,2025-12-01,full_time,73,27.6,64,79.4,73.3,21.5
DVM_0088,PCC_017,2025-12-08,full_time,73,43.3,123,78.3,76.7,22.8
DVM_0088,PCC_017,2025-12-15,full_time,73,25.9,64,75.1,80.9,
DVM_0088,PCC_017,2025-12-22,full_time,73,31.3,74,67.1,75.7,
DVM_0088,PCC_017,2025-12-29,full_time,73,29.0,75,70.9,75.4,20.9
DVM_0088,PCC_017,2026-01-05,full_time,73,41.4,94,70.6,75.0,22.4
DVM_0088,PCC_017,2026-01-12,full_time,73,29.1,64,75.6,74.9,13.3
DVM_0088,PCC_017,2026-01-19,full_time,73,21.8,45,70.8,73.4,19.1
DVM_0088,PCC_017,2026-01-26,full_time,73,31.0,59,76.5,72.4,23.6
DVM_0088,PCC_017,2026-02-02,full_time,73,38.6,86,67.3,75.6,22.3
DVM_0088,PCC_017,2026-02-16,full_time,73,30.8,68,70.1,73.6,21.0
DVM_0088,PCC_017,2026-02-23,full_time,73,21.3,59,73.7,77.7,18.0
DVM_0088,PCC_017,2026-03-02,full_time,73,33.1,86,76.0,71.2,22.1
DVM_0088,PCC_017,2026-03-09,full_time,73,30.8,78,76.4,75.2,21.4
DVM_0088,PCC_017,2026-03-16,full_time,73,35.0,78,75.0,75.7,22.1
DVM_0088,PCC_017,2026-03-23,full_time,73,34.0,95,66.5,70.9,19.8
DVM_0088,PCC_017,2026-03-30,full_time,73,38.2,87,71.0,74.3,22.8
DVM_0088,PCC_017,2026-04-06,full_time,73,32.8,90,72.4,72.6,22.7
DVM_0088,PCC_017,2026-04-13,full_time,73,23.2,63,71.7,73.9,18.5
DVM_0088,PCC_017,2026-04-20,full_time,73,32.7,85,76.2,74.8,19.6
DVM_0088,PCC_017,2026-04-27,full_time,73,31.9,56,70.1,78.7,16.2
DVM_0089,PCC_017,2025-11-03,part_time,71,11.5,27,82.8,86.0,27.1
DVM_0089,PCC_017,2025-11-10,part_time,71,17.6,41,82.9,81.1,23.9
DVM_0089,PCC_017,2025-11-17,part_time,71,17.6,37,86.5,84.6,27.2
DVM_0089,PCC_017,2025-12-01,part_time,71,22.7,63,85.5,84.1,23.9
DVM_0089,PCC_017,2025-12-08,part_time,71,20.3,58,81.6,81.1,26.0
DVM_0089,PCC_017,2025-12-15,part_time,71,11.0,33,86.8,77.8,26.6
DVM_0089,PCC_017,2025-12-22,part_time,71,26.2,74,87.4,78.0,25.8
DVM_0089,PCC_017,2025-12-29,part_time,71,18.2,45,83.9,89.4,25.1
DVM_0089,PCC_017,2026-01-05,part_time,71,27.2,51,85.6,85.8,26.9
DVM_0089,PCC_017,2026-01-12,part_time,71,20.9,60,94.8,86.8,23.2
DVM_0089,PCC_017,2026-01-26,part_time,71,26.0,63,85.6,90.1,31.1
DVM_0089,PCC_017,2026-02-09,part_time,71,5.5,12,88.7,77.8,28.6
DVM_0089,PCC_017,2026-02-23,part_time,71,14.0,34,90.0,80.1,24.4
DVM_0089,PCC_017,2026-03-02,part_time,71,16.7,50,87.5,83.3,27.9
DVM_0089,PCC_017,2026-03-09,part_time,71,21.7,59,83.0,77.0,27.9
DVM_0089,PCC_017,2026-03-16,part_time,71,20.4,56,83.7,83.3,23.3
DVM_0089,PCC_017,2026-03-23,part_time,71,20.3,51,80.1,88.1,27.3
DVM_0089,PCC_017,2026-03-30,part_time,71,12.9,29,89.3,80.6,25.1
DVM_0089,PCC_017,2026-04-06,part_time,71,18.8,44,81.2,81.8,23.4
DVM_0089,PCC_017,2026-04-13,part_time,71,28.3,86,83.1,87.0,27.9
DVM_0089,PCC_017,2026-04-20,part_time,71,19.6,38,85.9,78.0,23.4
DVM_0089,PCC_017,2026-04-27,part_time,71,26.5,75,85.5,78.5,24.3
DVM_0090,PCC_017,2025-11-03,part_time,14,21.9,57,93.3,94.2,33.4
DVM_0090,PCC_017,2025-11-10,part_time,14,15.6,40,92.1,88.5,31.0
DVM_0090,PCC_017,2025-11-17,part_time,14,16.1,33,90.7,90.0,31.5
DVM_0090,PCC_017,2025-11-24,part_time,14,13.0,31,86.9,87.0,28.1
DVM_0090,PCC_017,2025-12-01,part_time,14,21.1,56,90.5,92.5,31.5
DVM_0090,PCC_017,2025-12-08,part_time,14,14.2,38,84.7,91.2,30.8
DVM_0090,PCC_017,2025-12-15,part_time,14,20.9,50,89.6,95.5,32.0
DVM_0090,PCC_017,2025-12-22,part_time,14,25.3,66,84.3,90.5,33.0
DVM_0090,PCC_017,2025-12-29,part_time,14,11.5,28,84.9,93.7,31.1
DVM_0090,PCC_017,2026-01-05,part_time,14,28.4,80,91.2,89.4,31.4
DVM_0090,PCC_017,2026-01-12,part_time,14,16.4,35,86.8,85.6,32.6
DVM_0090,PCC_017,2026-01-19,part_time,14,15.5,46,90.9,93.4,31.4
DVM_0090,PCC_017,2026-02-02,part_time,14,21.6,62,81.9,95.3,31.0
DVM_0090,PCC_017,2026-02-09,part_time,14,18.8,42,84.1,80.5,32.5
DVM_0090,PCC_017,2026-02-23,part_time,14,15.0,38,91.9,81.9,31.8
DVM_0090,PCC_017,2026-03-02,part_time,14,24.4,61,83.8,87.2,31.3
DVM_0090,PCC_017,2026-03-09,part_time,14,21.5,53,93.4,88.4,30.4
DVM_0090,PCC_017,2026-03-16,part_time,14,23.1,47,94.3,79.8,29.6
DVM_0090,PCC_017,2026-03-23,part_time,14,16.3,44,90.2,90.8,31.5
DVM_0090,PCC_017,2026-04-06,part_time,14,19.1,55,85.8,82.2,31.5
DVM_0090,PCC_017,2026-04-13,part_time,14,11.3,31,82.9,90.3,31.2
DVM_0090,PCC_017,2026-04-20,part_time,14,18.9,48,94.9,88.6,28.4
DVM_0090,PCC_017,2026-04-27,part_time,14,24.5,57,89.3,92.9,32.3
DVM_0091,PCC_017,2025-11-03,relief,69,19.2,38,76.5,76.9,31.8
DVM_0091,PCC_017,2025-11-10,relief,69,20.8,59,81.4,76.7,38.8
DVM_0091,PCC_017,2025-11-17,relief,69,21.5,46,69.3,75.3,39.3
DVM_0091,PCC_017,2025-11-24,relief,69,23.5,71,75.3,76.4,29.0
DVM_0091,PCC_017,2025-12-01,relief,69,22.8,73,76.9,86.5,35.6
DVM_0091,PCC_017,2025-12-15,relief,69,15.5,40,67.5,78.1,35.4
DVM_0091,PCC_017,2025-12-22,relief,69,19.8,46,75.3,84.0,32.8
DVM_0091,PCC_017,2025-12-29,relief,69,19.5,45,83.3,80.5,29.2
DVM_0091,PCC_017,2026-01-12,relief,69,27.9,75,67.0,77.2,34.4
DVM_0091,PCC_017,2026-01-19,relief,69,22.3,52,76.3,76.9,32.8
DVM_0091,PCC_017,2026-01-26,relief,69,12.4,32,83.4,76.6,33.0
DVM_0091,PCC_017,2026-02-02,relief,69,11.9,31,69.9,74.1,32.5
DVM_0091,PCC_017,2026-02-09,relief,69,15.4,31,77.8,81.7,34.1
DVM_0091,PCC_017,2026-02-16,relief,69,8.7,20,71.7,79.2,
DVM_0091,PCC_017,2026-02-23,relief,69,19.1,45,71.7,78.8,33.3
DVM_0091,PCC_017,2026-03-02,relief,69,16.6,39,74.7,77.3,34.8
DVM_0091,PCC_017,2026-03-09,relief,69,20.4,54,69.9,80.5,32.0
DVM_0091,PCC_017,2026-03-16,relief,69,20.4,64,69.4,81.6,35.0
DVM_0091,PCC_017,2026-03-23,RELIEF,69,10.7,24,75.7,76.3,38.0
DVM_0091,PCC_017,2026-03-30,relief,69,16.5,36,73.4,76.1,32.2
DVM_0091,PCC_017,2026-04-06,relief,69,20.8,42,81.5,73.3,33.0
DVM_0091,PCC_017,2026-04-13,relief,69,25.4,62,73.3,80.1,32.9
DVM_0092,PCC_017,2025-11-10,full_time,16,25.2,65,72.7,83.0,24.9
DVM_0092,PCC_017,2025-11-17,full_time,16,34.6,100,57.2,79.5,25.0
DVM_0092,PCC_017,2025-11-24,full_time,16,30.1,61,67.7,83.2,24.7
DVM_0092,PCC_017,2025-12-01,full_time,16,27.7,68,68.8,82.9,24.7
DVM_0092,PCC_017,2025-12-08,full_time,16,31.7,84,70.2,82.4,24.9
DVM_0092,PCC_017,2025-12-15,full_time,16,25.3,78,80.5,83.9,24.7
DVM_0092,PCC_017,2025-12-22,full_time,16,41.1,95,56.3,81.5,24.6
DVM_0092,PCC_017,2026-01-05,full_time,16,32.2,88,70.7,79.4,25.5
DVM_0092,PCC_017,2026-01-12,full_time,16,43.9,109,69.7,78.3,28.5
DVM_0092,PCC_017,2026-01-19,full_time,16,41.3,105,68.5,80.5,22.3
DVM_0092,PCC_017,2026-01-26,full_time,16,32.6,52,65.2,78.3,26.7
DVM_0092,PCC_017,2026-02-02,full_time,16,30.5,72,67.3,79.1,26.4
DVM_0092,PCC_017,2026-02-09,full_time,16,34.0,97,70.3,80.0,25.8
DVM_0092,PCC_017,2026-02-16,full_time,16,36.7,86,68.3,75.6,21.6
DVM_0092,PCC_017,2026-02-23,full_time,16,26.5,63,73.9,77.7,24.7
DVM_0092,PCC_017,2026-03-02,full_time,16,33.8,84,68.2,77.0,25.9
DVM_0092,PCC_017,2026-03-09,full_time,16,36.5,100,67.9,79.7,24.4
DVM_0092,PCC_017,2026-03-16,full_time,16,28.0,81,66.8,79.2,25.8
DVM_0092,PCC_017,2026-03-23,full_time,16,37.1,88,78.8,76.5,21.0
DVM_0092,PCC_017,2026-03-30,full_time,16,39.8,103,66.0,83.0,23.3
DVM_0092,PCC_017,2026-04-06,full_time,16,39.9,108,73.0,73.5,28.0
DVM_0092,PCC_017,2026-04-13,full_time,16,34.2,94,70.9,88.9,22.6
DVM_0092,PCC_017,2026-04-20,full_time,16,26.6,63,69.7,77.3,25.5
DVM_0092,PCC_017,2026-04-27,full_time,16,38.6,82,62.6,74.4,24.7
DVM_0093,PCC_018,2025-11-03,full_time,7,46.2,102,89.9,84.5,27.6
DVM_0093,PCC_018,2025-11-10,full_time,7,19.9,59,88.2,85.6,24.9
DVM_0093,PCC_018,2025-11-17,full_time,7,28.4,72,88.1,83.4,26.8
DVM_0093,PCC_018,2025-11-24,full_time,7,32.5,86,94.3,86.4,25.8
DVM_0093,PCC_018,2025-12-08,full_time,7,19.6,44,90.6,82.0,32.2
DVM_0093,PCC_018,2025-12-15,full_time,7,25.4,58,89.1,87.2,23.6
DVM_0093,PCC_018,2025-12-22,full_time,7,33.8,79,88.0,84.6,22.8
DVM_0093,PCC_018,2025-12-29,full_time,7,23.6,54,87.7,80.7,27.5
DVM_0093,PCC_018,2026-01-05,full_time,7,32.9,86,87.0,82.1,20.8
DVM_0093,PCC_018,2026-01-12,full_time,7,45.4,110,92.7,79.2,25.1
DVM_0093,PCC_018,2026-01-19,full_time,7,32.2,78,91.6,82.3,24.4
DVM_0093,PCC_018,2026-01-26,full_time,7,29.0,71,80.1,87.2,24.7
DVM_0093,PCC_018,2026-02-02,full_time,7,29.4,71,100.0,87.8,23.0
DVM_0093,PCC_018,2026-02-09,full_time,7,23.7,49,90.0,82.2,24.4
DVM_0093,PCC_018,2026-02-16,full_time,7,17.2,45,80.6,86.3,23.7
DVM_0093,PCC_018,2026-02-23,full_time,7,32.8,72,90.9,84.0,25.9
DVM_0093,PCC_018,2026-03-02,full_time,7,28.5,87,88.0,76.0,24.4
DVM_0093,PCC_018,2026-03-09,full_time,7,47.4,117,82.8,80.0,23.3
DVM_0093,PCC_018,2026-03-16,full_time,7,33.6,92,92.2,81.0,23.5
DVM_0093,PCC_018,2026-03-23,FULL_TIME,7,25.0,77,84.5,84.6,22.1
DVM_0093,PCC_018,2026-03-30,full_time,7,24.9,63,84.3,86.3,22.7
DVM_0093,PCC_018,2026-04-06,full_time,7,24.5,66,80.8,88.9,20.4
DVM_0093,PCC_018,2026-04-13,full_time,7,32.2,78,93.8,86.2,25.8
DVM_0093,PCC_018,2026-04-20,full_time,7,33.8,69,82.9,86.7,23.4
DVM_0093,PCC_018,2026-04-27,full_time,7,46.1,126,93.7,88.4,21.6
DVM_0094,PCC_018,2025-11-03,full_time,95,25.8,67,76.0,85.8,23.3
DVM_0094,PCC_018,2025-11-10,full_time,95,26.7,54,64.5,86.9,21.3
DVM_0094,PCC_018,2025-11-17,full_time,95,33.5,77,77.3,88.7,22.1
DVM_0094,PCC_018,2025-11-24,full_time,95,34.7,65,71.0,80.7,25.3
DVM_0094,PCC_018,2025-12-08,full_time,95,32.7,89,75.1,79.2,18.9
DVM_0094,PCC_018,2025-12-15,full_time,95,28.6,74,79.8,84.5,26.0
DVM_0094,PCC_018,2025-12-22,full_time,95,37.6,104,79.1,85.3,24.8
DVM_0094,PCC_018,2025-12-29,full_time,95,34.8,87,83.4,84.8,21.0
DVM_0094,PCC_018,2026-01-05,FULL_TIME,95,30.7,81,77.8,90.2,21.9
DVM_0094,PCC_018,2026-01-12,full_time,95,17.0,53,80.4,83.7,24.0
DVM_0094,PCC_018,2026-01-19,full_time,95,38.6,107,79.4,86.7,25.4
DVM_0094,PCC_018,2026-01-26,FULL_TIME,95,30.9,65,77.0,87.1,19.1
DVM_0094,PCC_018,2026-02-02,full_time,95,27.7,74,69.5,92.1,19.9
DVM_0094,PCC_018,2026-02-09,full_time,95,31.1,79,78.9,87.2,22.0
DVM_0094,PCC_018,2026-02-16,full_time,95,31.0,68,74.6,82.7,21.3
DVM_0094,PCC_018,2026-02-23,full_time,95,27.9,76,83.1,90.9,19.8
DVM_0094,PCC_018,2026-03-02,full_time,95,43.9,129,75.0,85.4,20.1
DVM_0094,PCC_018,2026-03-09,full_time,95,33.9,83,78.1,82.2,26.3
DVM_0094,PCC_018,2026-03-16,full_time,95,25.4,54,71.1,81.9,23.9
DVM_0094,PCC_018,2026-03-23,FULL_TIME,95,40.4,82,87.3,92.0,22.5
DVM_0094,PCC_018,2026-03-30,full_time,95,21.9,57,75.0,81.4,20.2
DVM_0094,PCC_018,2026-04-06,full_time,95,28.3,62,68.5,86.9,23.7
DVM_0094,PCC_018,2026-04-13,full_time,95,35.9,83,82.9,86.5,20.3
DVM_0094,PCC_018,2026-04-20,full_time,95,35.2,94,84.0,89.0,20.8
DVM_0094,PCC_018,2026-04-27,FULL_TIME,95,18.0,49,75.4,87.1,
DVM_0095,PCC_018,2025-11-03,full_time,32,31.9,95,88.8,83.0,27.4
DVM_0095,PCC_018,2025-11-10,full_time,32,31.5,96,96.3,81.6,26.2
DVM_0095,PCC_018,2025-11-17,full_time,32,21.0,54,94.8,95.4,23.1
DVM_0095,PCC_018,2025-11-24,full_time,32,35.0,80,92.6,97.5,23.5
DVM_0095,PCC_018,2025-12-01,full_time,32,29.1,68,82.9,85.6,29.5
DVM_0095,PCC_018,2025-12-08,full_time,32,33.7,74,86.3,94.0,27.8
DVM_0095,PCC_018,2025-12-15,full_time,32,32.5,81,87.3,91.9,25.7
DVM_0095,PCC_018,2025-12-29,full_time,32,37.0,89,87.2,92.3,20.5
DVM_0095,PCC_018,2026-01-05,full_time,32,31.5,86,81.1,84.3,30.1
DVM_0095,PCC_018,2026-01-12,full_time,32,40.5,105,100.0,87.7,30.1
DVM_0095,PCC_018,2026-01-19,full_time,32,22.7,49,84.0,94.8,24.1
DVM_0095,PCC_018,2026-01-26,full_time,32,41.0,125,86.5,97.8,
DVM_0095,PCC_018,2026-02-02,full_time,32,35.3,103,94.6,88.2,25.5
DVM_0095,PCC_018,2026-02-09,full_time,32,33.8,85,87.9,92.6,28.0
DVM_0095,PCC_018,2026-02-16,full_time,32,35.7,108,90.8,88.6,25.0
DVM_0095,PCC_018,2026-02-23,full_time,32,34.9,90,90.4,86.9,25.7
DVM_0095,PCC_018,2026-03-02,full_time,32,36.5,113,88.7,89.6,27.1
DVM_0095,PCC_018,2026-03-09,full_time,32,42.0,108,92.4,88.7,21.5
DVM_0095,PCC_018,2026-03-16,full_time,32,35.3,93,89.5,83.0,22.8
DVM_0095,PCC_018,2026-03-23,full_time,32,34.1,94,88.9,91.0,21.2
DVM_0095,PCC_018,2026-03-30,full_time,32,35.4,110,93.1,87.4,26.4
DVM_0095,PCC_018,2026-04-06,full_time,32,37.1,94,86.6,78.3,27.1
DVM_0095,PCC_018,2026-04-13,full_time,32,40.4,93,88.0,87.9,23.6
DVM_0095,PCC_018,2026-04-27,full_time,32,24.4,52,87.6,84.7,27.0
DVM_0096,PCC_018,2025-11-03,relief,61,20.1,47,96.4,90.9,21.3
DVM_0096,PCC_018,2025-11-10,relief,61,27.5,74,81.2,91.9,21.9
DVM_0096,PCC_018,2025-11-17,relief,61,25.1,66,84.9,81.5,20.2
DVM_0096,PCC_018,2025-11-24,relief,61,15.7,41,92.1,88.6,21.4
DVM_0096,PCC_018,2025-12-01,relief,61,19.3,46,89.5,84.1,20.3
DVM_0096,PCC_018,2025-12-08,relief,61,15.0,35,94.9,91.7,19.5
DVM_0096,PCC_018,2025-12-15,relief,61,15.1,44,90.7,84.8,26.9
DVM_0096,PCC_018,2025-12-22,relief,61,17.5,39,86.7,82.6,23.4
DVM_0096,PCC_018,2025-12-29,relief,61,20.8,52,88.7,88.9,27.0
DVM_0096,PCC_018,2026-01-05,relief,61,11.2,21,91.5,85.2,21.6
DVM_0096,PCC_018,2026-01-12,relief,61,18.3,40,84.8,89.7,23.9
DVM_0096,PCC_018,2026-01-19,relief,61,21.0,38,84.0,93.0,19.6
DVM_0096,PCC_018,2026-01-26,relief,61,10.3,24,93.0,96.7,21.2
DVM_0096,PCC_018,2026-02-02,relief,61,20.3,45,98.2,93.6,22.9
DVM_0096,PCC_018,2026-02-09,relief,61,14.3,30,92.6,85.0,21.2
DVM_0096,PCC_018,2026-02-16,relief,61,19.3,50,95.2,87.8,23.8
DVM_0096,PCC_018,2026-02-23,relief,61,18.2,44,73.2,82.5,22.1
DVM_0096,PCC_018,2026-03-02,RELIEF,61,24.4,70,91.2,87.3,23.4
DVM_0096,PCC_018,2026-03-09,relief,61,19.3,51,88.6,86.9,23.5
DVM_0096,PCC_018,2026-03-16,relief,61,24.2,59,82.4,87.5,23.4
DVM_0096,PCC_018,2026-03-23,relief,61,26.5,61,83.8,88.5,22.4
DVM_0096,PCC_018,2026-03-30,relief,61,15.3,30,78.2,87.7,23.8
DVM_0096,PCC_018,2026-04-06,relief,61,11.4,27,83.8,92.0,22.3
DVM_0096,PCC_018,2026-04-13,relief,61,16.9,48,88.1,94.4,21.2
DVM_0096,PCC_018,2026-04-20,relief,61,29.7,74,97.7,88.0,22.0
DVM_0096,PCC_018,2026-04-27,relief,61,19.6,52,89.6,90.8,21.5
DVM_0097,PCC_019,2025-11-03,full_time,59,23.6,51,86.9,92.7,27.1
DVM_0097,PCC_019,2025-11-10,full_time,59,30.2,55,85.8,95.0,26.9
DVM_0097,PCC_019,2025-11-17,full_time,59,31.5,85,94.2,100.0,25.7
DVM_0097,PCC_019,2025-11-24,full_time,59,35.5,62,89.0,96.7,22.3
DVM_0097,PCC_019,2025-12-01,full_time,59,30.3,82,84.0,92.0,26.9
DVM_0097,PCC_019,2025-12-08,full_time,59,25.3,59,84.9,99.1,27.3
DVM_0097,PCC_019,2025-12-15,full_time,59,36.6,70,90.9,92.4,25.8
DVM_0097,PCC_019,2025-12-22,full_time,59,19.1,47,86.9,95.6,26.7
DVM_0097,PCC_019,2025-12-29,full_time,59,34.2,80,77.0,94.1,26.9
DVM_0097,PCC_019,2026-01-05,full_time,59,30.5,64,92.4,84.3,29.7
DVM_0097,PCC_019,2026-01-12,full_time,59,37.0,82,90.0,98.1,26.3
DVM_0097,PCC_019,2026-01-19,FULL_TIME,59,43.3,97,92.3,96.6,28.8
DVM_0097,PCC_019,2026-01-26,full_time,59,37.1,73,86.3,97.0,27.9
DVM_0097,PCC_019,2026-02-02,full_time,59,35.1,92,90.8,97.2,26.3
DVM_0097,PCC_019,2026-02-09,full_time,59,33.4,65,93.2,99.3,26.2
DVM_0097,PCC_019,2026-02-16,full_time,59,26.6,54,87.6,94.9,26.8
DVM_0097,PCC_019,2026-02-23,full_time,59,30.4,64,81.8,93.3,30.3
DVM_0097,PCC_019,2026-03-09,full_time,59,30.3,62,88.3,91.2,24.0
DVM_0097,PCC_019,2026-03-16,full_time,59,25.0,71,84.9,100.0,27.6
DVM_0097,PCC_019,2026-03-23,FULL_TIME,59,41.3,98,89.1,89.4,27.9
DVM_0097,PCC_019,2026-03-30,FULL_TIME,59,27.4,70,93.0,93.9,23.1
DVM_0097,PCC_019,2026-04-13,full_time,59,45.1,119,86.1,93.6,31.1
DVM_0097,PCC_019,2026-04-20,full_time,59,33.7,58,95.5,90.5,27.6
DVM_0097,PCC_019,2026-04-27,full_time,59,18.1,37,79.8,88.0,23.7
DVM_0098,PCC_019,2025-11-03,part_time,11,29.1,70,88.7,95.5,21.0
DVM_0098,PCC_019,2025-11-10,part_time,11,21.7,50,84.9,100.0,23.8
DVM_0098,PCC_019,2025-11-17,part_time,11,22.9,63,91.4,93.4,23.9
DVM_0098,PCC_019,2025-11-24,part_time,11,21.4,55,82.3,94.3,25.8
DVM_0098,PCC_019,2025-12-01,part_time,11,21.9,42,83.1,100.0,24.5
DVM_0098,PCC_019,2025-12-08,part_time,11,21.6,50,83.3,100.0,25.3
DVM_0098,PCC_019,2025-12-15,PART_TIME,11,21.4,47,86.1,93.8,21.7
DVM_0098,PCC_019,2025-12-22,part_time,11,23.7,55,90.7,95.0,27.4
DVM_0098,PCC_019,2025-12-29,part_time,11,14.4,32,84.8,95.0,21.5
DVM_0098,PCC_019,2026-01-05,part_time,11,16.1,39,88.8,99.7,30.5
DVM_0098,PCC_019,2026-01-12,part_time,11,16.1,31,84.5,97.9,26.7
DVM_0098,PCC_019,2026-01-19,part_time,11,10.8,22,87.4,97.9,23.4
DVM_0098,PCC_019,2026-02-02,part_time,11,27.1,65,81.7,95.4,23.4
DVM_0098,PCC_019,2026-02-09,part_time,11,15.8,37,78.9,91.6,24.6
DVM_0098,PCC_019,2026-02-16,part_time,11,13.4,35,81.8,100.0,28.5
DVM_0098,PCC_019,2026-02-23,part_time,11,10.1,21,90.4,97.2,22.9
DVM_0098,PCC_019,2026-03-02,part_time,11,16.2,36,90.4,91.9,31.4
DVM_0098,PCC_019,2026-03-09,part_time,11,17.7,34,85.9,100.0,24.4
DVM_0098,PCC_019,2026-03-23,part_time,11,18.9,47,87.2,100.0,24.5
DVM_0098,PCC_019,2026-03-30,part_time,11,18.1,53,86.7,93.1,26.0
DVM_0098,PCC_019,2026-04-06,part_time,11,7.0,16,97.0,100.0,22.2
DVM_0098,PCC_019,2026-04-13,part_time,11,9.0,23,89.1,100.0,28.6
DVM_0098,PCC_019,2026-04-20,part_time,11,12.6,30,87.1,94.4,21.0
DVM_0098,PCC_019,2026-04-27,part_time,11,6.8,13,91.5,92.5,27.1
DVM_0099,PCC_019,2025-11-03,full_time,40,39.8,100,94.0,83.4,32.7
DVM_0099,PCC_019,2025-11-10,full_time,40,32.0,74,81.4,90.6,31.2
DVM_0099,PCC_019,2025-11-24,full_time,40,35.7,79,82.5,85.1,35.9
DVM_0099,PCC_019,2025-12-01,full_time,40,32.8,79,81.6,76.5,28.0
DVM_0099,PCC_019,2025-12-08,full_time,40,35.8,84,92.6,89.2,31.7
DVM_0099,PCC_019,2025-12-15,full_time,40,31.1,74,82.7,83.7,29.3
DVM_0099,PCC_019,2025-12-22,full_time,40,39.7,103,94.1,84.3,35.1
DVM_0099,PCC_019,2025-12-29,full_time,40,34.2,74,86.4,92.4,31.4
DVM_0099,PCC_019,2026-01-05,full_time,40,31.4,70,87.9,91.7,29.5
DVM_0099,PCC_019,2026-01-12,FULL_TIME,40,26.8,58,85.7,90.4,31.1
DVM_0099,PCC_019,2026-01-19,full_time,40,48.0,141,91.2,81.6,32.8
DVM_0099,PCC_019,2026-01-26,full_time,40,33.9,72,94.8,84.2,36.6
DVM_0099,PCC_019,2026-02-02,full_time,40,37.1,75,90.0,86.3,37.0
DVM_0099,PCC_019,2026-02-09,full_time,40,14.7,24,90.4,80.9,34.6
DVM_0099,PCC_019,2026-02-16,full_time,40,22.6,66,95.3,82.0,31.5
DVM_0099,PCC_019,2026-02-23,full_time,40,30.8,64,82.1,89.7,36.9
DVM_0099,PCC_019,2026-03-02,full_time,40,19.6,39,90.2,87.9,33.3
DVM_0099,PCC_019,2026-03-09,full_time,40,37.5,100,91.8,80.3,31.3
DVM_0099,PCC_019,2026-03-16,full_time,40,31.9,79,89.3,87.4,35.3
DVM_0099,PCC_019,2026-03-23,full_time,40,33.5,73,82.4,87.2,34.7
DVM_0099,PCC_019,2026-03-30,full_time,40,30.1,76,81.2,89.5,33.8
DVM_0099,PCC_019,2026-04-06,full_time,40,30.9,58,80.4,94.0,33.7
DVM_0099,PCC_019,2026-04-13,full_time,40,25.9,76,94.8,90.5,34.7
DVM_0099,PCC_019,2026-04-20,full_time,40,33.6,84,93.9,83.2,33.6
DVM_0099,PCC_019,2026-04-27,full_time,40,37.3,85,84.6,84.3,32.8
DVM_0100,PCC_019,2025-11-03,full_time,56,23.4,47,90.2,88.8,30.3
DVM_0100,PCC_019,2025-11-10,full_time,56,36.3,77,81.0,89.0,30.6
DVM_0100,PCC_019,2025-11-17,full_time,56,38.9,76,91.3,83.2,32.2
DVM_0100,PCC_019,2025-11-24,full_time,56,37.1,78,93.9,88.2,34.0
DVM_0100,PCC_019,2025-12-01,full_time,56,31.0,73,89.3,90.0,33.4
DVM_0100,PCC_019,2025-12-08,full_time,56,34.1,95,89.5,87.1,27.4
DVM_0100,PCC_019,2025-12-15,full_time,56,37.9,87,92.5,89.5,33.6
DVM_0100,PCC_019,2025-12-22,full_time,56,38.2,83,85.4,97.3,27.9
DVM_0100,PCC_019,2025-12-29,full_time,56,30.8,81,93.4,91.0,28.6
DVM_0100,PCC_019,2026-01-05,full_time,56,33.0,87,92.0,95.3,32.9
DVM_0100,PCC_019,2026-01-12,full_time,56,37.5,75,94.8,92.2,29.1
DVM_0100,PCC_019,2026-01-19,full_time,56,23.8,45,94.3,86.8,30.8
DVM_0100,PCC_019,2026-01-26,full_time,56,22.6,57,89.2,88.9,32.2
DVM_0100,PCC_019,2026-02-02,full_time,56,32.5,90,85.7,89.4,29.7
DVM_0100,PCC_019,2026-02-09,full_time,56,35.6,70,90.5,83.0,33.1
DVM_0100,PCC_019,2026-02-16,full_time,56,39.0,81,95.0,90.4,31.6
DVM_0100,PCC_019,2026-02-23,full_time,56,35.7,79,94.3,86.0,32.3
DVM_0100,PCC_019,2026-03-02,full_time,56,32.6,112,93.0,87.0,31.7
DVM_0100,PCC_019,2026-03-09,full_time,56,37.0,97,90.8,91.0,30.6
DVM_0100,PCC_019,2026-03-16,full_time,56,37.4,87,90.4,84.7,28.7
DVM_0100,PCC_019,2026-03-30,full_time,56,23.7,49,95.6,90.3,31.5
DVM_0100,PCC_019,2026-04-06,FULL_TIME,56,30.7,53,91.0,92.9,34.5
DVM_0100,PCC_019,2026-04-13,full_time,56,33.5,94,92.3,90.1,33.9
DVM_0100,PCC_019,2026-04-20,full_time,56,28.9,62,92.5,88.5,32.1
DVM_0100,PCC_019,2026-04-27,full_time,56,30.5,62,89.7,88.7,30.8
DVM_0101,PCC_019,2025-11-03,full_time,7,30.0,69,86.3,83.7,24.0
DVM_0101,PCC_019,2025-11-10,FULL_TIME,7,22.8,52,91.1,79.5,24.1
DVM_0101,PCC_019,2025-11-17,full_time,7,38.3,81,95.6,86.1,27.7
DVM_0101,PCC_019,2025-11-24,full_time,7,29.4,83,80.0,92.2,26.3
DVM_0101,PCC_019,2025-12-01,full_time,7,29.3,51,89.2,81.2,22.9
DVM_0101,PCC_019,2025-12-08,full_time,7,34.0,70,80.6,90.0,28.1
DVM_0101,PCC_019,2025-12-15,full_time,7,34.7,73,87.4,82.3,26.9
DVM_0101,PCC_019,2025-12-22,full_time,7,28.9,79,87.5,84.3,25.0
DVM_0101,PCC_019,2025-12-29,full_time,7,30.3,67,90.6,87.5,26.6
DVM_0101,PCC_019,2026-01-05,full_time,7,27.0,58,91.8,83.6,26.8
DVM_0101,PCC_019,2026-01-12,full_time,7,26.8,69,87.6,84.0,27.1
DVM_0101,PCC_019,2026-01-19,full_time,7,37.1,68,88.8,84.7,28.5
DVM_0101,PCC_019,2026-01-26,full_time,7,40.1,106,92.5,81.9,28.8
DVM_0101,PCC_019,2026-02-02,full_time,7,20.0,43,91.7,83.6,29.9
DVM_0101,PCC_019,2026-02-09,full_time,7,33.0,49,82.6,87.2,29.1
DVM_0101,PCC_019,2026-02-16,full_time,7,28.6,62,94.9,84.9,25.8
DVM_0101,PCC_019,2026-02-23,full_time,7,42.2,99,91.7,84.3,26.4
DVM_0101,PCC_019,2026-03-02,full_time,7,44.6,97,94.6,82.3,28.9
DVM_0101,PCC_019,2026-03-09,full_time,7,29.8,54,80.4,83.9,27.0
DVM_0101,PCC_019,2026-03-23,full_time,7,32.9,72,95.6,83.6,23.6
DVM_0101,PCC_019,2026-03-30,FULL_TIME,7,36.5,80,86.8,78.8,25.7
DVM_0101,PCC_019,2026-04-06,full_time,7,42.4,108,84.5,83.2,30.1
DVM_0101,PCC_019,2026-04-13,full_time,7,23.0,54,97.2,83.8,28.5
DVM_0101,PCC_019,2026-04-20,full_time,7,38.5,94,89.6,91.6,31.8
DVM_0101,PCC_019,2026-04-27,FULL_TIME,7,30.3,72,86.5,86.8,24.7
DVM_0102,PCC_020,2025-11-03,full_time,55,23.3,54,82.5,89.5,29.8
DVM_0102,PCC_020,2025-11-10,FULL_TIME,55,31.4,86,77.7,97.6,30.5
DVM_0102,PCC_020,2025-11-17,full_time,55,40.5,96,78.4,89.3,26.4
DVM_0102,PCC_020,2025-11-24,full_time,55,27.7,76,76.1,92.5,
DVM_0102,PCC_020,2025-12-01,full_time,55,27.0,88,80.7,85.3,27.6
DVM_0102,PCC_020,2025-12-08,full_time,55,36.7,98,79.5,90.5,29.8
DVM_0102,PCC_020,2025-12-15,FULL_TIME,55,32.8,85,80.5,80.3,29.2
DVM_0102,PCC_020,2025-12-22,full_time,55,36.0,96,79.6,87.4,30.0
DVM_0102,PCC_020,2025-12-29,full_time,55,18.9,43,79.5,88.3,32.2
DVM_0102,PCC_020,2026-01-12,full_time,55,35.7,91,75.4,82.1,29.0
DVM_0102,PCC_020,2026-01-19,full_time,55,36.6,103,73.1,88.7,28.7
DVM_0102,PCC_020,2026-01-26,full_time,55,38.7,112,83.3,87.1,31.9
DVM_0102,PCC_020,2026-02-02,full_time,55,26.9,79,84.5,92.6,29.4
DVM_0102,PCC_020,2026-02-16,full_time,55,35.4,97,82.9,87.5,27.3
DVM_0102,PCC_020,2026-02-23,full_time,55,40.1,135,77.4,80.6,28.5
DVM_0102,PCC_020,2026-03-02,full_time,55,32.3,88,80.2,88.9,26.5
DVM_0102,PCC_020,2026-03-09,full_time,55,29.9,78,79.0,87.9,27.3
DVM_0102,PCC_020,2026-03-16,full_time,55,41.2,114,78.6,89.1,31.5
DVM_0102,PCC_020,2026-03-23,full_time,55,23.3,47,76.8,88.3,29.7
DVM_0102,PCC_020,2026-03-30,full_time,55,38.2,98,74.0,94.0,28.2
DVM_0102,PCC_020,2026-04-06,full_time,55,28.0,70,81.2,88.0,30.4
DVM_0102,PCC_020,2026-04-13,full_time,55,26.1,77,81.5,87.0,28.8
DVM_0102,PCC_020,2026-04-20,full_time,55,22.8,62,82.0,86.0,30.5
DVM_0102,PCC_020,2026-04-27,full_time,55,30.4,90,77.9,82.5,29.3
DVM_0103,PCC_020,2025-11-03,full_time,91,28.8,96,61.5,100.0,30.9
DVM_0103,PCC_020,2025-11-10,full_time,91,36.5,93,77.9,90.8,30.2
DVM_0103,PCC_020,2025-11-17,full_time,91,38.8,103,71.1,96.2,31.3
DVM_0103,PCC_020,2025-11-24,full_time,91,48.0,134,65.0,92.2,32.1
DVM_0103,PCC_020,2025-12-01,full_time,91,37.3,86,67.9,93.9,27.0
DVM_0103,PCC_020,2025-12-08,full_time,91,24.9,71,69.6,100.0,30.5
DVM_0103,PCC_020,2025-12-15,full_time,91,37.6,103,70.3,92.0,29.3
DVM_0103,PCC_020,2025-12-22,full_time,91,26.4,75,71.3,91.0,32.9
DVM_0103,PCC_020,2025-12-29,full_time,91,37.9,99,69.0,92.9,33.3
DVM_0103,PCC_020,2026-01-05,full_time,91,35.5,108,68.6,100.0,35.3
DVM_0103,PCC_020,2026-01-19,full_time,91,33.1,92,69.5,100.0,29.7
DVM_0103,PCC_020,2026-02-02,full_time,91,29.3,85,71.5,99.1,32.3
DVM_0103,PCC_020,2026-02-09,full_time,91,31.6,74,68.4,96.5,29.8
DVM_0103,PCC_020,2026-02-16,full_time,91,28.3,79,71.5,95.1,29.2
DVM_0103,PCC_020,2026-03-02,full_time,91,36.7,103,69.6,96.0,36.1
DVM_0103,PCC_020,2026-03-09,full_time,91,33.9,93,70.7,92.7,34.5
DVM_0103,PCC_020,2026-03-16,full_time,91,28.6,83,69.2,92.9,31.6
DVM_0103,PCC_020,2026-03-23,full_time,91,25.6,91,75.6,95.2,28.1
DVM_0103,PCC_020,2026-03-30,full_time,91,31.3,91,72.3,96.3,37.0
DVM_0103,PCC_020,2026-04-06,full_time,91,27.2,79,72.8,100.0,28.4
DVM_0103,PCC_020,2026-04-13,full_time,91,34.8,101,75.7,95.1,30.0
DVM_0103,PCC_020,2026-04-20,full_time,91,31.2,85,70.2,100.0,31.1
DVM_0104,PCC_020,2025-11-03,full_time,42,30.6,93,83.4,97.7,24.2
DVM_0104,PCC_020,2025-11-10,full_time,42,39.6,129,84.8,95.4,21.4
DVM_0104,PCC_020,2025-11-17,full_time,42,22.3,63,88.5,94.1,19.2
DVM_0104,PCC_020,2025-11-24,full_time,42,19.0,52,83.3,91.2,27.4
DVM_0104,PCC_020,2025-12-01,full_time,42,37.9,109,84.9,93.1,24.4
DVM_0104,PCC_020,2025-12-15,full_time,42,32.4,81,83.7,87.1,26.3
DVM_0104,PCC_020,2025-12-22,full_time,42,34.5,84,82.3,94.7,21.9
DVM_0104,PCC_020,2025-12-29,FULL_TIME,42,35.8,114,85.2,96.6,25.0
DVM_0104,PCC_020,2026-01-05,FULL_TIME,42,31.0,78,82.4,96.9,21.3
DVM_0104,PCC_020,2026-01-12,full_time,42,35.6,99,81.8,92.9,20.0
DVM_0104,PCC_020,2026-01-19,full_time,42,26.9,78,90.0,94.3,20.3
DVM_0104,PCC_020,2026-01-26,full_time,42,28.8,87,83.5,84.7,
DVM_0104,PCC_020,2026-02-02,full_time,42,35.8,97,87.0,91.1,20.8
DVM_0104,PCC_020,2026-02-16,full_time,42,28.6,70,90.7,96.3,25.0
DVM_0104,PCC_020,2026-03-09,full_time,42,38.7,119,87.2,96.1,21.0
DVM_0104,PCC_020,2026-03-16,full_time,42,28.6,62,79.9,87.5,22.9
DVM_0104,PCC_020,2026-03-23,full_time,42,32.4,80,80.0,89.2,26.8
DVM_0104,PCC_020,2026-03-30,full_time,42,43.9,100,89.1,81.4,22.4
DVM_0104,PCC_020,2026-04-06,full_time,42,30.2,75,88.5,96.8,20.1
DVM_0104,PCC_020,2026-04-13,full_time,42,32.5,79,94.0,89.8,21.5
DVM_0104,PCC_020,2026-04-20,full_time,42,20.6,62,85.5,99.2,21.0
DVM_0105,PCC_020,2025-11-03,full_time,58,41.0,119,87.7,90.7,31.6
DVM_0105,PCC_020,2025-11-10,full_time,58,35.6,94,78.2,98.5,30.6
DVM_0105,PCC_020,2025-11-17,full_time,58,28.4,81,85.4,100.0,27.9
DVM_0105,PCC_020,2025-11-24,full_time,58,28.6,78,84.2,95.9,27.4
DVM_0105,PCC_020,2025-12-01,full_time,58,30.8,80,80.8,96.1,28.4
DVM_0105,PCC_020,2025-12-08,full_time,58,32.7,90,72.4,97.4,34.2
DVM_0105,PCC_020,2025-12-15,full_time,58,33.4,114,79.2,93.3,29.2
DVM_0105,PCC_020,2025-12-22,full_time,58,42.8,87,85.2,100.0,32.1
DVM_0105,PCC_020,2025-12-29,full_time,58,26.2,73,83.4,90.9,30.6
DVM_0105,PCC_020,2026-01-05,full_time,58,30.9,68,79.8,100.0,28.2
DVM_0105,PCC_020,2026-01-19,full_time,58,34.3,102,84.3,95.7,28.8
DVM_0105,PCC_020,2026-01-26,full_time,58,26.8,71,85.3,92.9,28.3
DVM_0105,PCC_020,2026-02-02,full_time,58,38.6,124,83.6,99.6,28.6
DVM_0105,PCC_020,2026-02-09,full_time,58,35.4,103,78.2,100.0,25.4
DVM_0105,PCC_020,2026-02-16,full_time,58,27.4,73,77.9,96.7,29.3
DVM_0105,PCC_020,2026-02-23,full_time,58,32.6,104,81.8,90.9,30.9
DVM_0105,PCC_020,2026-03-02,full_time,58,36.6,95,85.3,95.1,29.2
DVM_0105,PCC_020,2026-03-09,full_time,58,28.9,79,77.5,90.1,30.9
DVM_0105,PCC_020,2026-03-16,full_time,58,37.3,113,76.8,100.0,31.4
DVM_0105,PCC_020,2026-03-23,full_time,58,27.9,72,81.9,93.8,33.1
DVM_0105,PCC_020,2026-03-30,full_time,58,31.8,88,73.1,97.3,27.0
DVM_0105,PCC_020,2026-04-06,full_time,58,35.4,81,81.1,92.5,32.7
DVM_0105,PCC_020,2026-04-13,full_time,58,33.4,104,81.4,100.0,32.6
DVM_0105,PCC_020,2026-04-20,full_time,58,29.3,89,82.6,89.0,31.4
DVM_0106,PCC_021,2025-11-03,relief,47,18.8,45,80.0,89.4,31.6
DVM_0106,PCC_021,2025-11-10,RELIEF,47,19.9,57,86.7,90.5,33.1
DVM_0106,PCC_021,2025-11-17,relief,47,18.1,63,90.1,79.4,34.9
DVM_0106,PCC_021,2025-11-24,relief,47,23.3,67,86.1,92.2,32.8
DVM_0106,PCC_021,2025-12-01,relief,47,18.0,51,87.2,92.2,32.8
DVM_0106,PCC_021,2025-12-08,relief,47,14.3,42,83.6,91.3,31.6
DVM_0106,PCC_021,2025-12-15,relief,47,29.5,83,86.5,87.9,29.8
DVM_0106,PCC_021,2025-12-22,relief,47,23.6,77,92.5,94.1,32.2
DVM_0106,PCC_021,2025-12-29,relief,47,18.3,52,87.5,87.3,31.2
DVM_0106,PCC_021,2026-01-05,relief,47,24.0,74,82.5,94.0,29.5
DVM_0106,PCC_021,2026-01-12,relief,47,14.6,45,96.1,94.2,32.4
DVM_0106,PCC_021,2026-01-19,relief,47,15.7,53,77.9,84.8,34.1
DVM_0106,PCC_021,2026-01-26,relief,47,14.9,38,84.6,88.0,27.3
DVM_0106,PCC_021,2026-02-02,relief,47,11.6,44,84.4,88.4,27.0
DVM_0106,PCC_021,2026-02-09,relief,47,10.5,34,90.6,92.8,32.8
DVM_0106,PCC_021,2026-02-16,relief,47,4.0,13,88.6,82.0,28.6
DVM_0106,PCC_021,2026-02-23,relief,47,16.5,47,80.4,93.2,32.6
DVM_0106,PCC_021,2026-03-02,relief,47,27.2,85,88.7,90.4,30.6
DVM_0106,PCC_021,2026-03-09,RELIEF,47,8.1,25,89.5,94.1,31.3
DVM_0106,PCC_021,2026-03-16,relief,47,17.6,55,90.2,86.7,31.2
DVM_0106,PCC_021,2026-03-23,relief,47,14.3,48,77.3,97.2,31.1
DVM_0106,PCC_021,2026-03-30,relief,47,18.6,55,85.0,91.6,29.4
DVM_0106,PCC_021,2026-04-06,relief,47,13.0,39,91.7,85.5,33.8
DVM_0106,PCC_021,2026-04-13,relief,47,27.9,95,84.6,84.8,
DVM_0106,PCC_021,2026-04-20,relief,47,18.4,57,89.2,87.2,28.9
DVM_0106,PCC_021,2026-04-27,relief,47,9.5,34,86.0,94.1,28.9
DVM_0107,PCC_021,2025-11-03,full_time,66,27.0,78,80.6,87.0,31.3
DVM_0107,PCC_021,2025-11-10,full_time,66,45.0,138,81.6,88.3,31.2
DVM_0107,PCC_021,2025-11-17,full_time,66,33.8,113,79.9,96.6,32.5
DVM_0107,PCC_021,2025-11-24,full_time,66,33.0,106,83.2,86.4,28.4
DVM_0107,PCC_021,2025-12-01,full_time,66,26.6,84,72.2,88.7,32.4
DVM_0107,PCC_021,2025-12-08,full_time,66,30.5,84,77.8,95.3,32.2
DVM_0107,PCC_021,2025-12-15,full_time,66,32.1,100,81.0,92.4,31.3
DVM_0107,PCC_021,2025-12-22,full_time,66,24.6,75,77.8,87.7,28.9
DVM_0107,PCC_021,2025-12-29,full_time,66,26.9,83,86.5,95.2,31.1
DVM_0107,PCC_021,2026-01-05,full_time,66,34.8,107,74.4,89.5,30.8
DVM_0107,PCC_021,2026-01-12,full_time,66,39.2,125,81.6,96.1,30.6
DVM_0107,PCC_021,2026-01-19,full_time,66,30.4,85,76.4,90.2,30.4
DVM_0107,PCC_021,2026-01-26,full_time,66,28.6,83,79.9,89.1,30.4
DVM_0107,PCC_021,2026-02-02,full_time,66,23.6,75,76.8,94.5,27.0
DVM_0107,PCC_021,2026-02-09,full_time,66,27.1,94,83.8,92.4,26.3
DVM_0107,PCC_021,2026-02-16,full_time,66,26.4,60,74.5,91.4,30.9
DVM_0107,PCC_021,2026-02-23,full_time,66,30.6,98,84.9,91.2,29.0
DVM_0107,PCC_021,2026-03-02,full_time,66,28.4,87,76.3,97.9,24.7
DVM_0107,PCC_021,2026-03-09,full_time,66,33.7,88,79.3,90.6,29.4
DVM_0107,PCC_021,2026-03-16,full_time,66,28.7,89,82.9,85.8,30.5
DVM_0107,PCC_021,2026-03-23,full_time,66,38.8,115,76.6,90.3,26.9
DVM_0107,PCC_021,2026-03-30,full_time,66,31.2,104,78.3,100.0,31.1
DVM_0107,PCC_021,2026-04-06,full_time,66,24.8,72,82.5,90.3,32.4
DVM_0107,PCC_021,2026-04-13,full_time,66,35.5,108,73.3,86.9,30.3
DVM_0107,PCC_021,2026-04-20,full_time,66,29.7,96,88.0,88.8,32.5
DVM_0107,PCC_021,2026-04-27,full_time,66,40.9,111,84.0,87.9,35.4
DVM_0108,PCC_021,2025-11-03,full_time,2,40.1,128,94.6,83.9,27.9
DVM_0108,PCC_021,2025-11-17,full_time,2,48.0,147,100.0,91.7,25.6
DVM_0108,PCC_021,2025-11-24,full_time,2,35.4,107,90.8,93.7,27.0
DVM_0108,PCC_021,2025-12-01,full_time,2,36.3,100,99.7,90.7,26.3
DVM_0108,PCC_021,2025-12-08,full_time,2,30.9,105,100.0,85.4,23.9
DVM_0108,PCC_021,2025-12-15,full_time,2,37.2,121,97.8,92.1,26.2
DVM_0108,PCC_021,2025-12-22,FULL_TIME,2,30.9,93,94.7,87.3,28.0
DVM_0108,PCC_021,2025-12-29,full_time,2,43.4,128,92.2,86.7,24.5
DVM_0108,PCC_021,2026-01-12,full_time,2,32.7,92,92.8,80.7,27.5
DVM_0108,PCC_021,2026-01-19,full_time,2,38.6,127,98.1,82.1,22.6
DVM_0108,PCC_021,2026-01-26,full_time,2,38.5,114,100.0,86.1,28.5
DVM_0108,PCC_021,2026-02-02,full_time,2,22.6,66,97.1,97.0,27.9
DVM_0108,PCC_021,2026-02-09,full_time,2,38.0,102,95.0,86.3,23.6
DVM_0108,PCC_021,2026-02-16,full_time,2,30.4,93,100.0,90.8,26.8
DVM_0108,PCC_021,2026-02-23,full_time,2,36.1,108,96.2,90.7,27.2
DVM_0108,PCC_021,2026-03-02,full_time,2,48.0,169,97.5,86.1,22.4
DVM_0108,PCC_021,2026-03-09,full_time,2,36.1,107,100.0,90.0,27.7
DVM_0108,PCC_021,2026-03-16,full_time,2,33.5,125,93.3,87.1,28.7
DVM_0108,PCC_021,2026-03-23,full_time,2,34.7,97,92.3,85.4,27.0
DVM_0108,PCC_021,2026-03-30,full_time,2,33.1,122,97.6,88.3,24.9
DVM_0108,PCC_021,2026-04-06,full_time,2,27.0,91,94.5,88.9,26.7
DVM_0108,PCC_021,2026-04-13,full_time,2,38.7,144,100.0,86.7,27.6
DVM_0108,PCC_021,2026-04-20,full_time,2,34.3,87,92.2,82.7,24.4
DVM_0108,PCC_021,2026-04-27,full_time,2,32.1,108,95.8,94.1,25.3
DVM_0109,PCC_021,2025-11-03,full_time,70,26.4,94,91.6,91.0,26.4
DVM_0109,PCC_021,2025-11-10,full_time,70,32.4,92,98.5,95.5,25.5
DVM_0109,PCC_021,2025-11-24,FULL_TIME,70,38.4,117,94.9,96.4,26.3
DVM_0109,PCC_021,2025-12-01,full_time,70,28.6,77,92.7,96.9,23.7
DVM_0109,PCC_021,2025-12-08,full_time,70,32.7,110,95.2,91.2,26.1
DVM_0109,PCC_021,2025-12-15,full_time,70,30.8,92,95.3,100.0,23.5
DVM_0109,PCC_021,2025-12-22,full_time,70,37.4,126,89.5,93.5,24.4
DVM_0109,PCC_021,2025-12-29,full_time,70,39.7,117,92.2,95.5,20.7
DVM_0109,PCC_021,2026-01-05,full_time,70,25.3,87,95.8,90.3,24.7
DVM_0109,PCC_021,2026-01-12,full_time,70,42.5,138,99.6,99.5,24.8
DVM_0109,PCC_021,2026-01-19,full_time,70,20.3,71,94.6,92.1,24.3
DVM_0109,PCC_021,2026-01-26,full_time,70,29.1,82,96.2,100.0,23.4
DVM_0109,PCC_021,2026-02-02,full_time,70,21.3,67,97.6,97.6,26.7
DVM_0109,PCC_021,2026-02-09,full_time,70,47.7,136,88.8,93.9,24.9
DVM_0109,PCC_021,2026-02-16,full_time,70,34.1,104,93.8,88.8,29.7
DVM_0109,PCC_021,2026-02-23,full_time,70,33.6,105,88.0,100.0,23.6
DVM_0109,PCC_021,2026-03-02,full_time,70,31.0,90,96.4,95.1,28.3
DVM_0109,PCC_021,2026-03-09,full_time,70,42.0,150,100.0,94.3,24.0
DVM_0109,PCC_021,2026-03-16,full_time,70,34.0,107,91.2,96.1,23.6
DVM_0109,PCC_021,2026-03-23,full_time,70,40.9,133,90.8,92.5,24.9
DVM_0109,PCC_021,2026-03-30,full_time,70,24.9,66,94.9,91.4,26.9
DVM_0109,PCC_021,2026-04-06,full_time,70,25.7,88,99.8,97.2,22.6
DVM_0109,PCC_021,2026-04-13,full_time,70,19.4,64,92.0,95.5,25.2
DVM_0109,PCC_021,2026-04-20,full_time,70,33.8,97,95.3,93.3,26.7
DVM_0109,PCC_021,2026-04-27,full_time,70,22.4,65,93.2,100.0,27.7
DVM_0110,PCC_021,2025-11-10,relief,73,15.3,50,87.1,89.1,35.0
DVM_0110,PCC_021,2025-11-17,relief,73,7.8,26,100.0,87.8,32.9
DVM_0110,PCC_021,2025-11-24,relief,73,16.3,45,90.8,89.7,35.4
DVM_0110,PCC_021,2025-12-01,relief,73,16.6,58,87.5,85.0,30.9
DVM_0110,PCC_021,2025-12-08,relief,73,20.2,72,92.5,85.4,35.8
DVM_0110,PCC_021,2025-12-15,relief,73,13.5,41,89.7,84.5,
DVM_0110,PCC_021,2025-12-22,relief,73,11.0,35,90.2,83.1,36.9
DVM_0110,PCC_021,2025-12-29,relief,73,13.9,51,94.6,80.8,32.7
DVM_0110,PCC_021,2026-01-05,relief,73,16.7,48,94.1,85.6,33.9
DVM_0110,PCC_021,2026-01-12,relief,73,11.7,34,91.6,87.6,34.4
DVM_0110,PCC_021,2026-01-19,relief,73,14.5,49,87.0,94.4,32.4
DVM_0110,PCC_021,2026-01-26,relief,73,21.0,63,93.0,83.9,36.5
DVM_0110,PCC_021,2026-02-02,relief,73,18.2,58,85.3,83.2,33.3
DVM_0110,PCC_021,2026-02-09,relief,73,6.6,19,88.4,83.8,36.3
DVM_0110,PCC_021,2026-02-16,relief,73,12.7,38,91.4,90.7,37.4
DVM_0110,PCC_021,2026-02-23,relief,73,11.9,36,94.4,83.9,31.6
DVM_0110,PCC_021,2026-03-02,relief,73,18.5,58,91.2,82.4,36.3
DVM_0110,PCC_021,2026-03-09,relief,73,11.7,33,97.7,89.9,36.2
DVM_0110,PCC_021,2026-03-16,relief,73,14.6,46,95.6,94.5,32.5
DVM_0110,PCC_021,2026-03-23,relief,73,18.5,53,87.2,81.2,35.7
DVM_0110,PCC_021,2026-04-06,relief,73,18.6,57,86.2,88.5,34.4
DVM_0110,PCC_021,2026-04-13,relief,73,12.8,41,96.7,88.5,37.9
DVM_0110,PCC_021,2026-04-20,relief,73,25.0,80,98.0,89.5,34.9
DVM_0110,PCC_021,2026-04-27,relief,73,14.6,44,97.0,88.9,34.5
DVM_0111,PCC_022,2025-11-03,full_time,66,30.9,89,78.7,93.0,24.3
DVM_0111,PCC_022,2025-11-10,full_time,66,17.4,48,88.6,93.4,22.1
DVM_0111,PCC_022,2025-11-17,full_time,66,35.2,85,81.4,99.3,25.3
DVM_0111,PCC_022,2025-11-24,full_time,66,32.2,77,80.7,89.0,24.4
DVM_0111,PCC_022,2025-12-01,full_time,66,33.9,65,85.7,92.3,26.4
DVM_0111,PCC_022,2025-12-08,full_time,66,31.0,59,87.2,94.8,30.1
DVM_0111,PCC_022,2025-12-15,full_time,66,37.9,80,82.4,94.8,32.1
DVM_0111,PCC_022,2025-12-22,full_time,66,33.7,68,88.7,98.3,27.2
DVM_0111,PCC_022,2025-12-29,full_time,66,24.7,55,82.8,97.6,27.6
DVM_0111,PCC_022,2026-01-05,full_time,66,18.6,50,87.6,97.0,22.0
DVM_0111,PCC_022,2026-01-12,full_time,66,27.4,73,87.6,89.7,26.8
DVM_0111,PCC_022,2026-01-19,full_time,66,43.5,97,83.4,100.0,23.3
DVM_0111,PCC_022,2026-01-26,full_time,66,35.2,77,96.4,97.5,25.9
DVM_0111,PCC_022,2026-02-02,full_time,66,41.9,87,83.7,95.4,29.0
DVM_0111,PCC_022,2026-02-09,full_time,66,20.8,55,78.9,92.5,26.3
DVM_0111,PCC_022,2026-02-16,full_time,66,32.4,84,85.7,96.3,20.6
DVM_0111,PCC_022,2026-02-23,full_time,66,35.0,66,82.3,100.0,24.1
DVM_0111,PCC_022,2026-03-02,full_time,66,28.3,59,73.9,95.7,26.6
DVM_0111,PCC_022,2026-03-09,full_time,66,30.0,77,79.9,91.2,25.4
DVM_0111,PCC_022,2026-03-16,full_time,66,35.2,91,82.1,93.0,26.2
DVM_0111,PCC_022,2026-03-23,full_time,66,37.1,66,87.9,92.4,27.0
DVM_0111,PCC_022,2026-03-30,full_time,66,28.6,71,89.6,98.6,
DVM_0111,PCC_022,2026-04-06,full_time,66,39.7,100,88.0,90.7,25.2
DVM_0111,PCC_022,2026-04-13,full_time,66,46.6,111,94.8,97.6,24.8
DVM_0111,PCC_022,2026-04-20,full_time,66,27.8,64,88.4,97.6,21.5
DVM_0112,PCC_022,2025-11-03,part_time,87,13.8,31,85.4,95.2,24.4
DVM_0112,PCC_022,2025-11-10,part_time,87,16.2,39,91.3,98.5,23.3
DVM_0112,PCC_022,2025-11-17,part_time,87,19.4,54,88.6,91.4,28.4
DVM_0112,PCC_022,2025-11-24,part_time,87,13.0,34,86.2,95.8,
DVM_0112,PCC_022,2025-12-01,part_time,87,22.2,49,96.9,92.0,27.3
DVM_0112,PCC_022,2025-12-08,part_time,87,16.8,38,86.0,96.7,23.0
DVM_0112,PCC_022,2025-12-15,part_time,87,19.4,41,90.2,96.7,27.1
DVM_0112,PCC_022,2025-12-22,part_time,87,17.5,42,88.9,91.5,24.7
DVM_0112,PCC_022,2025-12-29,part_time,87,4.1,10,87.5,97.0,21.3
DVM_0112,PCC_022,2026-01-05,part_time,87,12.2,28,89.0,91.4,24.4
DVM_0112,PCC_022,2026-01-12,part_time,87,15.2,42,84.0,92.0,25.8
DVM_0112,PCC_022,2026-01-19,part_time,87,21.5,40,83.7,98.9,24.3
DVM_0112,PCC_022,2026-01-26,part_time,87,21.6,44,95.0,86.0,22.4
DVM_0112,PCC_022,2026-02-02,part_time,87,9.0,20,82.0,98.3,25.2
DVM_0112,PCC_022,2026-02-09,part_time,87,20.5,55,81.4,91.8,25.5
DVM_0112,PCC_022,2026-02-16,part_time,87,14.2,31,87.1,98.1,29.5
DVM_0112,PCC_022,2026-02-23,part_time,87,11.8,25,88.2,89.4,27.7
DVM_0112,PCC_022,2026-03-02,part_time,87,17.1,43,90.7,93.0,23.9
DVM_0112,PCC_022,2026-03-09,part_time,87,11.4,26,88.6,88.8,23.0
DVM_0112,PCC_022,2026-03-16,part_time,87,30.8,78,88.6,98.2,29.9
DVM_0112,PCC_022,2026-03-23,part_time,87,17.3,40,84.3,93.9,
DVM_0112,PCC_022,2026-03-30,part_time,87,13.5,30,87.9,96.8,24.4
DVM_0112,PCC_022,2026-04-06,part_time,87,16.4,39,92.6,97.2,26.2
DVM_0112,PCC_022,2026-04-13,part_time,87,12.9,31,81.2,98.5,23.3
DVM_0112,PCC_022,2026-04-27,part_time,87,13.0,29,85.1,96.0,23.9
DVM_0113,PCC_022,2025-11-03,full_time,61,28.6,60,69.4,95.0,37.4
DVM_0113,PCC_022,2025-11-10,full_time,61,14.8,32,75.1,86.6,35.9
DVM_0113,PCC_022,2025-11-17,full_time,61,38.2,118,71.5,97.5,37.7
DVM_0113,PCC_022,2025-11-24,full_time,61,23.4,59,72.0,86.8,37.1
DVM_0113,PCC_022,2025-12-01,full_time,61,37.6,75,70.7,94.3,38.0
DVM_0113,PCC_022,2025-12-08,full_time,61,40.2,92,79.1,92.3,31.7
DVM_0113,PCC_022,2025-12-22,full_time,61,35.7,75,68.6,94.4,31.5
DVM_0113,PCC_022,2025-12-29,full_time,61,29.9,58,75.6,93.9,37.6
DVM_0113,PCC_022,2026-01-05,full_time,61,34.2,79,68.0,96.3,35.3
DVM_0113,PCC_022,2026-01-19,full_time,61,35.9,69,75.4,88.8,38.0
DVM_0113,PCC_022,2026-01-26,full_time,61,44.9,123,76.8,96.6,35.0
DVM_0113,PCC_022,2026-02-02,full_time,61,30.5,71,79.2,87.8,40.3
DVM_0113,PCC_022,2026-02-09,full_time,61,41.7,113,80.6,88.8,40.1
DVM_0113,PCC_022,2026-02-23,full_time,61,25.5,47,70.7,96.2,34.7
DVM_0113,PCC_022,2026-03-02,full_time,61,32.9,66,75.8,94.7,
DVM_0113,PCC_022,2026-03-09,full_time,61,23.2,58,73.2,95.0,35.5
DVM_0113,PCC_022,2026-03-16,full_time,61,31.3,81,76.1,88.2,38.1
DVM_0113,PCC_022,2026-03-23,FULL_TIME,61,36.4,87,70.3,100.0,36.9
DVM_0113,PCC_022,2026-03-30,full_time,61,26.9,64,71.4,84.6,32.8
DVM_0113,PCC_022,2026-04-06,full_time,61,43.9,94,75.9,96.7,33.5
DVM_0113,PCC_022,2026-04-13,full_time,61,38.8,85,77.9,91.8,35.9
DVM_0113,PCC_022,2026-04-20,full_time,61,32.6,96,74.7,91.5,35.6
DVM_0113,PCC_022,2026-04-27,full_time,61,24.9,73,72.8,85.4,38.4
DVM_0114,PCC_022,2025-11-03,relief,27,20.7,54,91.9,82.9,29.6
DVM_0114,PCC_022,2025-11-10,relief,27,27.6,56,89.2,84.5,28.1
DVM_0114,PCC_022,2025-11-17,relief,27,26.9,71,95.7,87.1,27.6
DVM_0114,PCC_022,2025-11-24,relief,27,29.1,71,88.8,82.8,30.4
DVM_0114,PCC_022,2025-12-01,relief,27,12.6,29,88.4,88.6,25.7
DVM_0114,PCC_022,2025-12-08,relief,27,18.8,39,88.9,84.1,28.7
DVM_0114,PCC_022,2025-12-15,relief,27,12.5,29,82.9,79.4,32.7
DVM_0114,PCC_022,2025-12-22,relief,27,22.8,49,93.5,95.1,30.5
DVM_0114,PCC_022,2025-12-29,relief,27,10.4,26,91.4,87.8,
DVM_0114,PCC_022,2026-01-05,relief,27,14.0,35,89.8,88.7,32.1
DVM_0114,PCC_022,2026-01-12,relief,27,24.1,51,88.7,85.3,31.8
DVM_0114,PCC_022,2026-01-19,relief,27,28.7,69,82.5,87.8,29.2
DVM_0114,PCC_022,2026-01-26,relief,27,20.8,57,98.6,86.2,30.0
DVM_0114,PCC_022,2026-02-02,relief,27,15.2,37,90.3,84.3,31.4
DVM_0114,PCC_022,2026-02-09,relief,27,7.1,16,90.2,83.4,29.7
DVM_0114,PCC_022,2026-02-16,relief,27,9.9,22,88.7,86.7,27.0
DVM_0114,PCC_022,2026-02-23,relief,27,18.0,45,92.4,85.2,30.8
DVM_0114,PCC_022,2026-03-02,relief,27,23.1,59,91.0,81.8,31.4
DVM_0114,PCC_022,2026-03-09,relief,27,9.2,22,86.6,87.6,26.5
DVM_0114,PCC_022,2026-03-16,relief,27,22.3,43,83.6,85.3,32.9
DVM_0114,PCC_022,2026-03-23,relief,27,13.4,36,87.0,91.1,31.8
DVM_0114,PCC_022,2026-03-30,relief,27,13.9,38,89.2,83.2,33.0
DVM_0114,PCC_022,2026-04-13,relief,27,23.2,50,92.5,90.1,31.4
DVM_0114,PCC_022,2026-04-20,relief,27,13.4,32,89.0,87.2,32.6
DVM_0114,PCC_022,2026-04-27,relief,27,5.1,11,95.4,79.2,30.9
DVM_0115,PCC_022,2025-11-03,relief,70,16.0,48,72.4,98.1,21.5
DVM_0115,PCC_022,2025-11-10,relief,70,29.7,83,80.4,100.0,18.9
DVM_0115,PCC_022,2025-11-17,relief,70,15.1,35,73.7,94.9,19.4
DVM_0115,PCC_022,2025-11-24,relief,70,15.1,36,79.7,86.6,19.5
DVM_0115,PCC_022,2025-12-08,relief,70,17.0,31,82.5,97.3,18.9
DVM_0115,PCC_022,2025-12-15,relief,70,14.6,32,71.4,87.1,14.7
DVM_0115,PCC_022,2025-12-22,relief,70,7.1,13,73.1,94.1,22.5
DVM_0115,PCC_022,2025-12-29,relief,70,14.1,23,73.9,91.9,19.2
DVM_0115,PCC_022,2026-01-05,relief,70,13.9,34,84.4,94.0,19.8
DVM_0115,PCC_022,2026-01-12,relief,70,14.3,22,74.3,93.7,18.4
DVM_0115,PCC_022,2026-01-19,relief,70,19.4,44,71.9,92.0,23.6
DVM_0115,PCC_022,2026-01-26,relief,70,9.2,14,76.5,89.4,18.3
DVM_0115,PCC_022,2026-02-02,relief,70,9.1,18,75.9,98.0,21.4
DVM_0115,PCC_022,2026-02-09,relief,70,21.7,47,78.5,88.9,20.4
DVM_0115,PCC_022,2026-02-16,relief,70,8.9,25,79.0,92.7,16.6
DVM_0115,PCC_022,2026-02-23,relief,70,19.1,45,72.7,96.9,17.4
DVM_0115,PCC_022,2026-03-02,relief,70,20.5,50,73.5,95.9,14.4
DVM_0115,PCC_022,2026-03-09,relief,70,17.2,45,79.4,95.0,17.2
DVM_0115,PCC_022,2026-03-16,relief,70,18.7,41,68.2,91.4,19.6
DVM_0115,PCC_022,2026-03-23,relief,70,20.0,45,80.2,94.6,18.8
DVM_0115,PCC_022,2026-03-30,relief,70,8.5,20,76.0,88.6,18.4
DVM_0115,PCC_022,2026-04-06,relief,70,10.3,30,75.0,85.7,18.0
DVM_0115,PCC_022,2026-04-13,relief,70,18.9,34,77.8,89.5,25.6
DVM_0115,PCC_022,2026-04-20,relief,70,5.3,11,80.2,91.9,19.5
DVM_0115,PCC_022,2026-04-27,relief,70,20.6,49,83.7,89.2,18.6
DVM_0116,PCC_023,2025-11-10,part_time,29,15.3,34,79.6,100.0,26.9
DVM_0116,PCC_023,2025-11-17,part_time,29,23.3,44,79.1,100.0,28.0
DVM_0116,PCC_023,2025-11-24,part_time,29,22.6,54,82.1,100.0,27.3
DVM_0116,PCC_023,2025-12-08,part_time,29,13.2,28,84.1,98.5,26.6
DVM_0116,PCC_023,2025-12-15,part_time,29,17.6,35,85.8,98.3,27.0
DVM_0116,PCC_023,2025-12-22,part_time,29,13.6,34,79.7,100.0,28.5
DVM_0116,PCC_023,2025-12-29,part_time,29,7.7,15,79.7,100.0,28.0
DVM_0116,PCC_023,2026-01-05,part_time,29,12.2,27,88.8,95.3,26.8
DVM_0116,PCC_023,2026-01-12,part_time,29,29.7,85,87.9,100.0,26.8
DVM_0116,PCC_023,2026-01-19,part_time,29,28.3,61,85.4,99.3,31.0
DVM_0116,PCC_023,2026-01-26,part_time,29,13.7,31,77.5,95.5,26.1
DVM_0116,PCC_023,2026-02-02,part_time,29,15.9,30,86.9,100.0,26.3
DVM_0116,PCC_023,2026-02-09,part_time,29,25.1,55,84.1,100.0,29.1
DVM_0116,PCC_023,2026-02-16,part_time,29,29.5,56,76.4,95.4,29.3
DVM_0116,PCC_023,2026-02-23,part_time,29,21.7,41,83.7,94.4,26.5
DVM_0116,PCC_023,2026-03-09,part_time,29,22.3,47,94.4,98.1,27.4
DVM_0116,PCC_023,2026-03-16,part_time,29,29.0,74,89.8,100.0,27.5
DVM_0116,PCC_023,2026-03-23,part_time,29,20.2,42,77.6,100.0,29.0
DVM_0116,PCC_023,2026-03-30,part_time,29,30.4,68,84.8,98.0,25.4
DVM_0116,PCC_023,2026-04-13,part_time,29,6.9,19,80.6,93.8,31.5
DVM_0116,PCC_023,2026-04-20,part_time,29,14.7,29,79.4,94.8,25.6
DVM_0116,PCC_023,2026-04-27,part_time,29,11.1,23,80.4,100.0,29.1
DVM_0117,PCC_023,2025-11-03,full_time,62,39.3,79,85.7,85.6,29.3
DVM_0117,PCC_023,2025-11-10,full_time,62,36.2,81,86.3,90.8,29.6
DVM_0117,PCC_023,2025-11-17,full_time,62,35.6,87,86.5,89.8,26.4
DVM_0117,PCC_023,2025-11-24,full_time,62,22.0,40,92.6,87.8,32.0
DVM_0117,PCC_023,2025-12-01,full_time,62,24.3,48,82.3,89.3,27.8
DVM_0117,PCC_023,2025-12-08,full_time,62,35.2,108,85.7,81.1,32.9
DVM_0117,PCC_023,2025-12-15,full_time,62,25.8,46,83.1,90.6,37.6
DVM_0117,PCC_023,2025-12-22,full_time,62,47.3,112,83.8,89.5,28.3
DVM_0117,PCC_023,2025-12-29,full_time,62,23.5,55,83.7,87.2,30.5
DVM_0117,PCC_023,2026-01-19,full_time,62,29.5,59,80.4,91.6,26.8
DVM_0117,PCC_023,2026-01-26,full_time,62,26.8,68,80.9,89.9,31.0
DVM_0117,PCC_023,2026-02-02,full_time,62,27.2,74,86.6,86.5,28.1
DVM_0117,PCC_023,2026-02-09,full_time,62,25.3,61,82.0,93.6,28.0
DVM_0117,PCC_023,2026-02-16,full_time,62,25.6,45,94.3,91.5,28.1
DVM_0117,PCC_023,2026-02-23,full_time,62,26.7,54,87.9,83.8,30.6
DVM_0117,PCC_023,2026-03-02,full_time,62,34.3,78,84.7,88.8,29.2
DVM_0117,PCC_023,2026-03-09,full_time,62,28.2,63,79.7,89.4,29.9
DVM_0117,PCC_023,2026-03-16,full_time,62,30.5,70,84.5,85.3,30.8
DVM_0117,PCC_023,2026-03-23,full_time,62,33.2,82,85.9,92.3,29.6
DVM_0117,PCC_023,2026-03-30,full_time,62,22.1,50,87.2,87.9,28.0
DVM_0117,PCC_023,2026-04-06,full_time,62,39.8,88,76.0,89.7,29.1
DVM_0117,PCC_023,2026-04-13,full_time,62,22.0,40,88.0,88.7,
DVM_0117,PCC_023,2026-04-20,full_time,62,28.2,59,85.5,90.2,34.2
DVM_0117,PCC_023,2026-04-27,full_time,62,29.9,85,76.7,90.3,29.5
DVM_0118,PCC_023,2025-11-03,part_time,57,14.3,28,79.3,89.0,25.7
DVM_0118,PCC_023,2025-11-10,part_time,57,20.2,43,83.4,82.8,23.1
DVM_0118,PCC_023,2025-11-17,part_time,57,20.5,37,85.9,94.2,26.4
DVM_0118,PCC_023,2025-11-24,part_time,57,20.5,51,81.0,91.8,24.5
DVM_0118,PCC_023,2025-12-01,part_time,57,19.4,43,78.4,89.2,26.6
DVM_0118,PCC_023,2025-12-08,part_time,57,15.0,33,78.6,85.8,21.5
DVM_0118,PCC_023,2025-12-15,part_time,57,24.9,57,76.2,85.7,22.5
DVM_0118,PCC_023,2025-12-22,part_time,57,14.2,32,82.4,90.3,28.0
DVM_0118,PCC_023,2025-12-29,part_time,57,18.7,45,70.5,90.0,23.2
DVM_0118,PCC_023,2026-01-05,part_time,57,15.2,32,95.0,89.1,26.0
DVM_0118,PCC_023,2026-01-12,part_time,57,4.9,10,82.0,100.0,25.1
DVM_0118,PCC_023,2026-01-19,part_time,57,7.7,14,90.7,89.1,25.4
DVM_0118,PCC_023,2026-01-26,part_time,57,20.1,51,82.0,96.4,26.7
DVM_0118,PCC_023,2026-02-02,part_time,57,18.5,46,79.3,92.4,26.7
DVM_0118,PCC_023,2026-02-09,part_time,57,22.1,49,76.0,95.0,21.6
DVM_0118,PCC_023,2026-02-16,part_time,57,17.0,43,76.4,89.7,24.8
DVM_0118,PCC_023,2026-02-23,part_time,57,20.5,50,83.6,92.1,20.2
DVM_0118,PCC_023,2026-03-02,part_time,57,20.3,49,83.0,90.5,23.4
DVM_0118,PCC_023,2026-03-09,part_time,57,18.5,44,76.5,92.1,23.2
DVM_0118,PCC_023,2026-03-16,part_time,57,17.2,42,75.4,93.2,20.9
DVM_0118,PCC_023,2026-03-23,part_time,57,5.3,14,82.3,97.4,24.6
DVM_0118,PCC_023,2026-03-30,part_time,57,13.0,29,82.6,95.4,30.4
DVM_0118,PCC_023,2026-04-06,part_time,57,11.3,25,72.5,96.5,22.6
DVM_0118,PCC_023,2026-04-13,part_time,57,21.1,37,84.8,83.9,27.5
DVM_0118,PCC_023,2026-04-20,part_time,57,28.9,58,81.3,87.0,23.1
DVM_0118,PCC_023,2026-04-27,part_time,57,13.8,37,77.9,84.3,27.5
DVM_0119,PCC_023,2025-11-03,full_time,65,36.9,99,78.2,92.0,28.0
DVM_0119,PCC_023,2025-11-10,full_time,65,20.6,42,80.2,89.3,33.1
DVM_0119,PCC_023,2025-11-24,full_time,65,24.1,50,79.9,92.5,29.8
DVM_0119,PCC_023,2025-12-01,full_time,65,42.7,112,84.5,84.2,27.5
DVM_0119,PCC_023,2025-12-22,full_time,65,35.5,81,92.0,96.5,29.0
DVM_0119,PCC_023,2025-12-29,full_time,65,27.8,61,84.3,88.3,29.8
DVM_0119,PCC_023,2026-01-05,full_time,65,31.8,56,80.6,89.2,29.8
DVM_0119,PCC_023,2026-01-19,full_time,65,31.0,60,74.7,91.4,27.2
DVM_0119,PCC_023,2026-01-26,full_time,65,46.3,115,79.7,93.6,26.8
DVM_0119,PCC_023,2026-02-02,full_time,65,28.2,56,91.2,91.2,28.0
DVM_0119,PCC_023,2026-02-09,full_time,65,31.9,72,82.8,92.1,27.9
DVM_0119,PCC_023,2026-02-16,full_time,65,39.6,79,88.5,88.4,28.0
DVM_0119,PCC_023,2026-02-23,full_time,65,22.4,56,79.8,86.8,27.7
DVM_0119,PCC_023,2026-03-02,full_time,65,35.0,82,91.1,95.4,24.7
DVM_0119,PCC_023,2026-03-16,full_time,65,25.2,63,80.3,88.7,25.3
DVM_0119,PCC_023,2026-03-23,full_time,65,36.5,81,89.3,88.5,29.5
DVM_0119,PCC_023,2026-03-30,full_time,65,32.4,77,83.3,92.3,29.8
DVM_0119,PCC_023,2026-04-06,full_time,65,32.1,68,91.7,91.7,29.0
DVM_0119,PCC_023,2026-04-13,full_time,65,30.8,75,89.2,90.8,27.7
DVM_0119,PCC_023,2026-04-20,full_time,65,34.3,83,86.6,90.1,28.4
DVM_0119,PCC_023,2026-04-27,full_time,65,30.1,55,85.5,88.5,26.6
DVM_0120,PCC_023,2025-11-03,relief,51,27.9,67,87.3,93.2,24.2
DVM_0120,PCC_023,2025-11-10,relief,51,9.1,21,89.6,88.7,24.4
DVM_0120,PCC_023,2025-11-17,relief,51,15.1,32,87.4,84.1,24.6
DVM_0120,PCC_023,2025-11-24,relief,51,14.7,32,89.3,93.7,24.7
DVM_0120,PCC_023,2025-12-01,relief,51,11.6,27,87.8,92.8,25.4
DVM_0120,PCC_023,2025-12-08,relief,51,20.3,46,89.6,91.3,23.7
DVM_0120,PCC_023,2025-12-15,relief,51,33.9,70,89.0,93.7,24.2
DVM_0120,PCC_023,2025-12-22,relief,51,13.5,32,90.0,94.0,27.9
DVM_0120,PCC_023,2025-12-29,relief,51,19.0,39,79.9,90.2,26.4
DVM_0120,PCC_023,2026-01-05,relief,51,15.7,30,95.5,91.9,27.9
DVM_0120,PCC_023,2026-01-12,relief,51,15.7,34,85.7,86.6,22.4
DVM_0120,PCC_023,2026-01-19,relief,51,9.4,26,92.9,89.6,25.0
DVM_0120,PCC_023,2026-01-26,relief,51,14.3,36,84.9,100.0,26.0
DVM_0120,PCC_023,2026-02-02,relief,51,10.7,26,89.2,97.4,25.7
DVM_0120,PCC_023,2026-02-09,relief,51,15.7,42,89.0,95.0,23.2
DVM_0120,PCC_023,2026-02-16,relief,51,17.7,26,94.1,92.3,22.1
DVM_0120,PCC_023,2026-02-23,RELIEF,51,15.8,36,91.1,91.2,23.9
DVM_0120,PCC_023,2026-03-02,relief,51,20.2,53,84.2,95.1,23.4
DVM_0120,PCC_023,2026-03-09,relief,51,14.5,34,82.2,90.1,16.3
DVM_0120,PCC_023,2026-03-23,relief,51,26.0,71,88.2,91.9,23.6
DVM_0120,PCC_023,2026-04-06,relief,51,21.8,48,84.6,93.9,24.1
DVM_0120,PCC_023,2026-04-13,relief,51,16.6,40,92.9,95.6,23.5
DVM_0120,PCC_023,2026-04-27,relief,51,20.0,40,87.6,86.3,24.4
DVM_0121,PCC_024,2025-11-03,part_time,29,19.7,65,80.0,88.0,27.2
DVM_0121,PCC_024,2025-11-10,part_time,29,20.1,55,77.7,89.8,26.5
DVM_0121,PCC_024,2025-11-17,part_time,29,22.2,68,80.0,79.8,28.8
DVM_0121,PCC_024,2025-11-24,part_time,29,17.4,47,83.4,88.0,27.2
DVM_0121,PCC_024,2025-12-01,part_time,29,20.9,54,86.0,89.6,22.6
DVM_0121,PCC_024,2025-12-08,part_time,29,24.7,72,81.4,84.8,25.8
DVM_0121,PCC_024,2025-12-15,part_time,29,16.5,40,76.6,91.5,27.7
DVM_0121,PCC_024,2025-12-22,part_time,29,12.8,32,76.9,89.5,26.3
DVM_0121,PCC_024,2025-12-29,part_time,29,19.5,61,79.9,94.1,26.8
DVM_0121,PCC_024,2026-01-05,part_time,29,13.3,31,74.5,88.9,26.1
DVM_0121,PCC_024,2026-01-12,part_time,29,27.5,76,86.2,83.1,27.3
DVM_0121,PCC_024,2026-01-19,part_time,29,25.0,66,88.2,89.4,25.8
DVM_0121,PCC_024,2026-01-26,part_time,29,23.2,74,77.0,90.0,30.5
DVM_0121,PCC_024,2026-02-02,part_time,29,22.8,58,80.4,88.2,27.1
DVM_0121,PCC_024,2026-02-09,part_time,29,24.8,67,84.3,77.1,25.2
DVM_0121,PCC_024,2026-02-16,part_time,29,21.3,58,79.2,91.8,28.4
DVM_0121,PCC_024,2026-02-23,part_time,29,22.0,61,77.3,89.3,30.3
DVM_0121,PCC_024,2026-03-02,part_time,29,22.6,58,80.3,90.4,26.9
DVM_0121,PCC_024,2026-03-09,part_time,29,23.0,74,80.9,93.0,23.3
DVM_0121,PCC_024,2026-03-16,part_time,29,21.2,55,72.9,84.7,30.9
DVM_0121,PCC_024,2026-03-23,part_time,29,27.2,70,82.1,86.9,25.4
DVM_0121,PCC_024,2026-03-30,part_time,29,16.6,42,84.1,89.2,24.8
DVM_0121,PCC_024,2026-04-06,part_time,29,18.7,59,75.8,90.0,29.3
DVM_0121,PCC_024,2026-04-13,part_time,29,19.5,54,79.8,85.6,24.2
DVM_0121,PCC_024,2026-04-20,part_time,29,20.4,61,84.7,94.2,23.6
DVM_0121,PCC_024,2026-04-27,part_time,29,14.4,31,77.5,93.1,23.2
DVM_0122,PCC_024,2025-11-03,full_time,87,37.0,115,79.4,85.8,21.9
DVM_0122,PCC_024,2025-11-10,full_time,87,43.4,116,85.2,89.4,25.0
DVM_0122,PCC_024,2025-11-17,full_time,87,33.8,92,93.0,90.5,26.8
DVM_0122,PCC_024,2025-11-24,full_time,87,32.5,92,81.2,86.4,23.3
DVM_0122,PCC_024,2025-12-01,full_time,87,28.0,81,83.5,84.2,23.2
DVM_0122,PCC_024,2025-12-08,full_time,87,24.5,67,89.1,86.7,29.4
DVM_0122,PCC_024,2025-12-15,full_time,87,48.0,153,83.3,92.4,21.6
DVM_0122,PCC_024,2025-12-22,full_time,87,34.6,101,85.2,94.5,23.6
DVM_0122,PCC_024,2025-12-29,full_time,87,31.3,82,89.4,90.0,23.1
DVM_0122,PCC_024,2026-01-05,full_time,87,40.1,94,81.9,90.7,26.4
DVM_0122,PCC_024,2026-01-12,full_time,87,27.0,70,92.4,91.1,27.7
DVM_0122,PCC_024,2026-01-26,full_time,87,29.7,97,81.4,89.0,22.7
DVM_0122,PCC_024,2026-02-02,full_time,87,27.7,74,85.8,88.7,25.1
DVM_0122,PCC_024,2026-02-09,full_time,87,27.5,71,82.4,91.8,24.2
DVM_0122,PCC_024,2026-02-16,full_time,87,41.6,131,89.8,86.6,33.0
DVM_0122,PCC_024,2026-02-23,full_time,87,28.8,77,81.7,88.0,25.7
DVM_0122,PCC_024,2026-03-02,full_time,87,35.4,99,87.4,86.8,26.6
DVM_0122,PCC_024,2026-03-09,full_time,87,23.3,74,87.6,84.3,27.7
DVM_0122,PCC_024,2026-03-16,full_time,87,34.8,93,90.4,86.8,
DVM_0122,PCC_024,2026-03-23,full_time,87,36.0,127,84.7,89.1,26.4
DVM_0122,PCC_024,2026-03-30,full_time,87,28.9,62,88.4,83.5,25.2
DVM_0122,PCC_024,2026-04-06,full_time,87,28.2,86,90.1,89.7,25.7
DVM_0122,PCC_024,2026-04-13,full_time,87,24.5,59,81.0,80.6,27.8
DVM_0122,PCC_024,2026-04-20,full_time,87,17.7,55,89.8,85.9,25.8
DVM_0122,PCC_024,2026-04-27,full_time,87,32.5,72,89.5,86.5,24.2
DVM_0123,PCC_024,2025-11-03,part_time,59,28.2,69,93.3,85.8,19.8
DVM_0123,PCC_024,2025-11-10,part_time,59,13.4,36,95.7,89.0,25.7
DVM_0123,PCC_024,2025-11-17,part_time,59,26.4,80,94.8,87.2,25.1
DVM_0123,PCC_024,2025-11-24,part_time,59,17.1,46,86.4,90.2,26.0
DVM_0123,PCC_024,2025-12-01,part_time,59,18.6,56,95.8,86.0,19.7
DVM_0123,PCC_024,2025-12-15,part_time,59,10.0,30,78.3,82.2,19.4
DVM_0123,PCC_024,2025-12-22,part_time,59,12.1,35,93.3,83.3,23.2
DVM_0123,PCC_024,2025-12-29,part_time,59,20.3,58,85.8,92.2,22.5
DVM_0123,PCC_024,2026-01-19,part_time,59,4.0,12,83.6,82.6,25.2
DVM_0123,PCC_024,2026-01-26,part_time,59,24.6,58,87.5,87.8,19.0
DVM_0123,PCC_024,2026-02-02,part_time,59,11.1,36,86.1,83.7,25.1
DVM_0123,PCC_024,2026-02-09,part_time,59,9.6,26,80.4,90.4,19.5
DVM_0123,PCC_024,2026-02-16,part_time,59,14.7,44,82.4,81.4,21.3
DVM_0123,PCC_024,2026-02-23,part_time,59,16.8,37,95.8,89.1,22.4
DVM_0123,PCC_024,2026-03-09,part_time,59,23.5,69,86.7,83.1,28.0
DVM_0123,PCC_024,2026-03-16,part_time,59,4.0,11,89.8,88.4,22.3
DVM_0123,PCC_024,2026-03-30,part_time,59,19.3,52,81.2,82.6,23.3
DVM_0123,PCC_024,2026-04-06,part_time,59,26.8,86,90.9,86.4,24.2
DVM_0123,PCC_024,2026-04-13,part_time,59,20.8,56,89.6,84.3,22.6
DVM_0123,PCC_024,2026-04-20,PART_TIME,59,14.2,44,90.3,90.6,25.9
DVM_0123,PCC_024,2026-04-27,part_time,59,9.4,21,98.2,88.1,17.7
DVM_0124,PCC_024,2025-11-03,part_time,38,15.1,47,89.8,82.1,26.2
DVM_0124,PCC_024,2025-11-10,part_time,38,20.8,56,91.6,84.2,27.6
DVM_0124,PCC_024,2025-11-17,part_time,38,4.0,12,95.5,82.9,21.2
DVM_0124,PCC_024,2025-11-24,part_time,38,26.9,71,100.0,84.1,25.2
DVM_0124,PCC_024,2025-12-01,part_time,38,17.9,46,96.7,87.7,28.0
DVM_0124,PCC_024,2025-12-08,part_time,38,15.6,45,100.0,76.4,30.1
DVM_0124,PCC_024,2025-12-15,part_time,38,16.6,38,95.6,85.2,26.5
DVM_0124,PCC_024,2025-12-22,part_time,38,21.1,59,94.8,84.8,26.3
DVM_0124,PCC_024,2025-12-29,part_time,38,13.7,38,98.9,81.2,25.2
DVM_0124,PCC_024,2026-01-05,PART_TIME,38,25.0,74,95.2,86.1,27.3
DVM_0124,PCC_024,2026-01-12,part_time,38,5.5,18,100.0,84.1,28.7
DVM_0124,PCC_024,2026-01-19,part_time,38,5.0,13,98.1,77.9,24.9
DVM_0124,PCC_024,2026-01-26,part_time,38,15.6,42,100.0,87.5,27.2
DVM_0124,PCC_024,2026-02-02,part_time,38,22.8,66,99.0,79.8,28.6
DVM_0124,PCC_024,2026-02-09,part_time,38,17.7,49,100.0,80.9,24.4
DVM_0124,PCC_024,2026-02-16,part_time,38,12.0,36,98.3,80.4,24.0
DVM_0124,PCC_024,2026-02-23,part_time,38,33.4,77,99.7,87.2,30.2
DVM_0124,PCC_024,2026-03-02,part_time,38,13.1,35,93.3,81.1,26.5
DVM_0124,PCC_024,2026-03-09,part_time,38,21.0,64,95.2,88.4,23.7
DVM_0124,PCC_024,2026-03-16,part_time,38,20.6,57,95.0,85.0,25.6
DVM_0124,PCC_024,2026-03-23,part_time,38,17.7,50,94.5,92.3,28.7
DVM_0124,PCC_024,2026-03-30,part_time,38,13.2,36,98.7,81.0,26.8
DVM_0124,PCC_024,2026-04-06,part_time,38,10.8,24,97.3,75.2,26.2
DVM_0124,PCC_024,2026-04-13,part_time,38,18.8,51,96.4,83.3,25.1
DVM_0124,PCC_024,2026-04-20,part_time,38,14.7,40,87.2,84.9,24.4
DVM_0124,PCC_024,2026-04-27,part_time,38,23.5,62,89.4,80.7,24.6
DVM_0125,PCC_024,2025-11-03,full_time,38,17.9,51,76.4,100.0,32.7
DVM_0125,PCC_024,2025-11-10,full_time,38,27.8,63,78.3,100.0,38.0
DVM_0125,PCC_024,2025-11-17,full_time,38,38.6,122,86.5,93.8,31.2
DVM_0125,PCC_024,2025-11-24,full_time,38,33.1,87,81.0,100.0,33.5
DVM_0125,PCC_024,2025-12-08,full_time,38,40.5,112,85.3,100.0,35.5
DVM_0125,PCC_024,2025-12-15,full_time,38,24.7,79,89.4,94.3,37.3
DVM_0125,PCC_024,2025-12-22,full_time,38,39.7,126,84.8,98.3,33.0
DVM_0125,PCC_024,2025-12-29,full_time,38,22.4,58,83.4,97.2,34.5
DVM_0125,PCC_024,2026-01-05,full_time,38,28.7,81,73.2,93.4,39.4
DVM_0125,PCC_024,2026-01-12,full_time,38,36.6,93,77.8,100.0,35.5
DVM_0125,PCC_024,2026-01-26,FULL_TIME,38,33.5,97,83.8,91.4,37.6
DVM_0125,PCC_024,2026-02-02,full_time,38,37.5,141,77.2,95.5,33.8
DVM_0125,PCC_024,2026-02-09,full_time,38,24.6,69,83.5,99.6,32.4
DVM_0125,PCC_024,2026-02-16,full_time,38,32.1,79,79.0,100.0,32.6
DVM_0125,PCC_024,2026-02-23,full_time,38,34.7,72,88.7,98.9,28.9
DVM_0125,PCC_024,2026-03-02,full_time,38,12.0,25,74.3,100.0,33.3
DVM_0125,PCC_024,2026-03-09,full_time,38,23.4,73,87.8,98.0,31.3
DVM_0125,PCC_024,2026-03-16,FULL_TIME,38,22.2,59,83.6,92.9,35.7
DVM_0125,PCC_024,2026-03-23,full_time,38,28.6,83,88.0,100.0,31.5
DVM_0125,PCC_024,2026-03-30,full_time,38,26.5,74,82.2,99.5,37.1
DVM_0125,PCC_024,2026-04-06,full_time,38,18.1,55,85.2,97.0,33.2
DVM_0125,PCC_024,2026-04-13,FULL_TIME,38,25.1,63,84.1,100.0,30.4
DVM_0125,PCC_024,2026-04-20,full_time,38,31.4,95,87.1,95.6,32.5
DVM_0125,PCC_024,2026-04-27,full_time,38,37.2,101,76.3,97.4,36.2
DVM_0126,PCC_024,2025-11-03,full_time,77,37.9,99,100.0,89.8,32.1
DVM_0126,PCC_024,2025-11-10,full_time,77,32.2,82,82.4,84.4,29.3
DVM_0126,PCC_024,2025-11-17,full_time,77,35.7,111,95.9,84.3,30.6
DVM_0126,PCC_024,2025-11-24,full_time,77,37.5,97,85.5,83.0,30.7
DVM_0126,PCC_024,2025-12-01,full_time,77,31.9,85,91.0,88.0,27.0
DVM_0126,PCC_024,2025-12-15,full_time,77,34.1,94,81.4,86.7,25.8
DVM_0126,PCC_024,2025-12-22,full_time,77,28.7,81,89.5,84.0,26.3
DVM_0126,PCC_024,2025-12-29,full_time,77,20.8,58,81.3,87.9,30.8
DVM_0126,PCC_024,2026-01-05,full_time,77,36.3,98,88.3,83.2,29.9
DVM_0126,PCC_024,2026-01-12,FULL_TIME,77,36.9,95,90.4,84.2,30.9
DVM_0126,PCC_024,2026-01-19,full_time,77,37.9,95,93.0,89.8,30.0
DVM_0126,PCC_024,2026-01-26,full_time,77,28.3,82,92.5,85.3,31.6
DVM_0126,PCC_024,2026-02-02,full_time,77,34.1,99,94.5,86.8,24.4
DVM_0126,PCC_024,2026-02-16,full_time,77,23.1,63,96.9,91.4,25.8
DVM_0126,PCC_024,2026-02-23,full_time,77,40.3,116,92.3,77.8,32.6
DVM_0126,PCC_024,2026-03-02,full_time,77,23.1,69,93.3,93.7,28.6
DVM_0126,PCC_024,2026-03-09,full_time,77,37.6,106,88.6,89.5,27.5
DVM_0126,PCC_024,2026-03-16,full_time,77,37.4,112,82.5,87.5,28.5
DVM_0126,PCC_024,2026-03-23,full_time,77,29.8,76,97.6,86.4,30.4
DVM_0126,PCC_024,2026-03-30,full_time,77,29.0,80,97.9,85.5,27.5
DVM_0126,PCC_024,2026-04-06,full_time,77,39.9,86,84.8,87.3,30.1
DVM_0126,PCC_024,2026-04-13,full_time,77,29.5,85,88.1,85.1,30.4
DVM_0126,PCC_024,2026-04-20,full_time,77,27.1,69,89.7,84.8,28.3
DVM_0127,PCC_025,2025-11-03,relief,93,11.1,34,90.4,88.9,26.3
DVM_0127,PCC_025,2025-11-10,relief,93,15.7,44,83.3,92.8,26.2
DVM_0127,PCC_025,2025-11-17,RELIEF,93,28.8,89,74.7,98.1,30.9
DVM_0127,PCC_025,2025-11-24,relief,93,9.9,24,85.7,87.1,27.9
DVM_0127,PCC_025,2025-12-01,relief,93,12.6,39,77.0,100.0,23.0
DVM_0127,PCC_025,2025-12-08,relief,93,17.6,50,82.4,95.9,27.8
DVM_0127,PCC_025,2025-12-15,relief,93,17.4,40,86.3,95.8,30.4
DVM_0127,PCC_025,2025-12-22,relief,93,17.4,49,83.4,96.9,23.6
DVM_0127,PCC_025,2025-12-29,relief,93,14.0,36,87.5,100.0,26.5
DVM_0127,PCC_025,2026-01-05,relief,93,14.9,39,93.1,100.0,28.2
DVM_0127,PCC_025,2026-01-12,relief,93,19.9,57,84.8,91.1,28.2
DVM_0127,PCC_025,2026-01-19,relief,93,6.4,18,81.9,100.0,32.5
DVM_0127,PCC_025,2026-01-26,relief,93,15.8,41,80.5,95.3,25.8
DVM_0127,PCC_025,2026-02-02,relief,93,21.6,59,81.1,88.8,32.1
DVM_0127,PCC_025,2026-02-09,relief,93,22.3,62,81.0,96.7,27.2
DVM_0127,PCC_025,2026-02-16,relief,93,17.7,46,81.8,93.3,28.9
DVM_0127,PCC_025,2026-02-23,relief,93,19.9,52,87.8,92.8,25.5
DVM_0127,PCC_025,2026-03-02,relief,93,14.0,40,81.5,97.3,29.4
DVM_0127,PCC_025,2026-03-09,relief,93,4.0,13,83.1,95.7,28.7
DVM_0127,PCC_025,2026-03-16,relief,93,17.7,35,78.7,92.0,29.6
DVM_0127,PCC_025,2026-03-23,relief,93,10.9,34,82.8,98.9,25.6
DVM_0127,PCC_025,2026-03-30,relief,93,18.0,51,78.3,100.0,26.7
DVM_0127,PCC_025,2026-04-06,relief,93,18.8,50,82.1,94.8,29.8
DVM_0127,PCC_025,2026-04-13,relief,93,17.6,40,79.6,97.2,25.7
DVM_0127,PCC_025,2026-04-20,relief,93,22.6,54,90.0,97.9,26.8
DVM_0127,PCC_025,2026-04-27,relief,93,13.5,40,78.0,93.4,28.6
DVM_0128,PCC_025,2025-11-03,full_time,6,44.3,120,74.4,89.3,28.5
DVM_0128,PCC_025,2025-11-10,full_time,6,32.8,99,74.8,90.2,24.6
DVM_0128,PCC_025,2025-11-17,full_time,6,26.0,80,78.1,89.0,22.5
DVM_0128,PCC_025,2025-11-24,full_time,6,35.5,89,73.0,89.9,27.3
DVM_0128,PCC_025,2025-12-01,full_time,6,31.1,77,83.5,91.4,26.7
DVM_0128,PCC_025,2025-12-15,full_time,6,38.8,110,75.5,83.1,28.6
DVM_0128,PCC_025,2025-12-22,full_time,6,19.9,50,70.7,82.2,27.4
DVM_0128,PCC_025,2025-12-29,full_time,6,33.0,75,79.9,86.0,25.9
DVM_0128,PCC_025,2026-01-05,full_time,6,37.1,89,80.1,88.4,25.2
DVM_0128,PCC_025,2026-01-12,full_time,6,33.9,89,77.1,84.2,25.6
DVM_0128,PCC_025,2026-01-19,full_time,6,32.0,80,83.8,79.8,24.8
DVM_0128,PCC_025,2026-01-26,full_time,6,36.7,89,90.9,93.8,26.5
DVM_0128,PCC_025,2026-02-02,full_time,6,37.2,99,79.1,91.1,
DVM_0128,PCC_025,2026-02-09,full_time,6,29.1,70,82.0,87.6,25.6
DVM_0128,PCC_025,2026-02-16,full_time,6,37.4,90,85.7,90.5,24.1
DVM_0128,PCC_025,2026-02-23,full_time,6,30.1,85,78.3,87.5,28.0
DVM_0128,PCC_025,2026-03-02,full_time,6,39.0,94,81.7,91.5,28.5
DVM_0128,PCC_025,2026-03-09,full_time,6,28.9,81,87.9,92.6,24.3
DVM_0128,PCC_025,2026-03-16,full_time,6,35.4,104,70.4,84.0,25.4
DVM_0128,PCC_025,2026-03-23,full_time,6,30.7,94,79.7,88.3,26.3
DVM_0128,PCC_025,2026-03-30,full_time,6,32.5,95,79.9,90.6,28.1
DVM_0128,PCC_025,2026-04-06,full_time,6,36.1,94,80.4,87.2,25.5
DVM_0128,PCC_025,2026-04-20,FULL_TIME,6,17.5,55,87.0,86.6,28.5
DVM_0128,PCC_025,2026-04-27,full_time,6,26.4,68,82.5,87.4,29.0
DVM_0129,PCC_025,2025-11-03,full_time,21,21.0,47,79.9,93.5,27.8
DVM_0129,PCC_025,2025-11-10,full_time,21,40.9,115,75.0,91.5,28.9
DVM_0129,PCC_025,2025-11-17,full_time,21,38.1,97,83.6,93.1,27.4
DVM_0129,PCC_025,2025-11-24,full_time,21,34.9,108,77.6,100.0,23.2
DVM_0129,PCC_025,2025-12-01,full_time,21,40.0,102,74.6,98.3,30.8
DVM_0129,PCC_025,2025-12-08,full_time,21,35.2,82,75.2,100.0,30.8
DVM_0129,PCC_025,2025-12-15,full_time,21,38.8,109,81.0,99.9,27.9
DVM_0129,PCC_025,2025-12-22,full_time,21,37.8,104,74.4,100.0,26.1
DVM_0129,PCC_025,2025-12-29,full_time,21,37.7,94,78.5,91.1,29.4
DVM_0129,PCC_025,2026-01-05,full_time,21,34.0,71,78.1,92.3,29.3
DVM_0129,PCC_025,2026-01-12,full_time,21,33.0,87,79.7,97.6,34.0
DVM_0129,PCC_025,2026-01-19,full_time,21,30.4,82,77.0,89.7,26.2
DVM_0129,PCC_025,2026-01-26,full_time,21,40.5,106,81.5,96.8,30.4
DVM_0129,PCC_025,2026-02-02,full_time,21,21.6,58,79.4,93.7,28.1
DVM_0129,PCC_025,2026-02-09,full_time,21,38.1,96,76.8,96.4,30.2
DVM_0129,PCC_025,2026-02-16,full_time,21,26.2,68,74.7,100.0,26.2
DVM_0129,PCC_025,2026-02-23,full_time,21,34.5,91,81.1,92.0,28.9
DVM_0129,PCC_025,2026-03-02,full_time,21,26.2,69,75.7,99.9,30.4
DVM_0129,PCC_025,2026-03-09,full_time,21,45.2,121,78.3,95.7,29.3
DVM_0129,PCC_025,2026-03-16,full_time,21,36.7,86,72.7,88.7,29.3
DVM_0129,PCC_025,2026-03-23,full_time,21,34.2,102,84.9,98.6,28.1
DVM_0129,PCC_025,2026-03-30,full_time,21,38.4,95,84.4,92.7,24.8
DVM_0129,PCC_025,2026-04-06,FULL_TIME,21,31.7,89,74.8,90.1,30.8
DVM_0129,PCC_025,2026-04-13,full_time,21,26.3,70,79.8,95.1,29.9
DVM_0129,PCC_025,2026-04-20,full_time,21,35.8,73,83.5,93.6,28.9
DVM_0129,PCC_025,2026-04-27,FULL_TIME,21,39.5,117,76.8,91.0,24.7
DVM_0130,PCC_026,2025-11-03,full_time,83,43.1,107,64.6,85.3,28.1
DVM_0130,PCC_026,2025-11-10,full_time,83,30.0,68,74.0,83.5,27.9
DVM_0130,PCC_026,2025-11-17,full_time,83,26.2,55,76.9,89.5,25.3
DVM_0130,PCC_026,2025-11-24,full_time,83,25.8,69,72.0,86.9,25.8
DVM_0130,PCC_026,2025-12-01,full_time,83,39.4,105,77.9,85.2,29.1
DVM_0130,PCC_026,2025-12-08,full_time,83,32.5,90,80.5,81.4,28.0
DVM_0130,PCC_026,2025-12-15,full_time,83,29.4,77,74.4,79.5,29.4
DVM_0130,PCC_026,2025-12-22,full_time,83,30.3,62,74.4,88.7,24.8
DVM_0130,PCC_026,2025-12-29,full_time,83,31.6,72,68.6,87.7,30.4
DVM_0130,PCC_026,2026-01-05,FULL_TIME,83,38.3,99,69.5,87.2,30.2
DVM_0130,PCC_026,2026-01-12,full_time,83,25.1,67,68.4,86.6,29.2
DVM_0130,PCC_026,2026-01-19,full_time,83,29.8,67,67.2,88.4,29.8
DVM_0130,PCC_026,2026-01-26,full_time,83,20.0,53,68.5,82.9,30.2
DVM_0130,PCC_026,2026-02-02,FULL_TIME,83,33.4,96,64.5,80.5,30.6
DVM_0130,PCC_026,2026-02-09,FULL_TIME,83,36.9,89,70.6,82.0,30.2
DVM_0130,PCC_026,2026-02-16,full_time,83,36.0,74,73.9,92.9,30.5
DVM_0130,PCC_026,2026-02-23,full_time,83,33.7,98,81.7,79.1,23.4
DVM_0130,PCC_026,2026-03-02,full_time,83,37.9,109,69.6,83.3,29.7
DVM_0130,PCC_026,2026-03-09,full_time,83,33.9,72,66.6,76.2,30.0
DVM_0130,PCC_026,2026-03-23,full_time,83,29.4,76,80.0,91.4,28.4
DVM_0130,PCC_026,2026-03-30,full_time,83,22.2,60,79.7,80.5,26.4
DVM_0130,PCC_026,2026-04-06,full_time,83,29.2,72,71.4,84.2,26.8
DVM_0130,PCC_026,2026-04-13,full_time,83,30.1,103,67.7,87.0,27.8
DVM_0130,PCC_026,2026-04-20,full_time,83,33.2,94,68.7,85.6,26.7
DVM_0130,PCC_026,2026-04-27,full_time,83,31.3,71,74.0,92.5,30.3
DVM_0131,PCC_026,2025-11-03,part_time,78,20.7,64,61.4,76.8,23.3
DVM_0131,PCC_026,2025-11-10,part_time,78,11.7,34,72.6,73.9,20.8
DVM_0131,PCC_026,2025-11-17,part_time,78,24.9,52,58.4,85.2,26.7
DVM_0131,PCC_026,2025-11-24,part_time,78,12.9,29,62.9,93.2,22.9
DVM_0131,PCC_026,2025-12-01,part_time,78,24.0,56,70.8,82.4,25.5
DVM_0131,PCC_026,2025-12-08,part_time,78,18.2,50,66.1,82.5,21.4
DVM_0131,PCC_026,2025-12-15,part_time,78,14.1,43,73.3,82.3,20.0
DVM_0131,PCC_026,2025-12-22,part_time,78,15.5,35,66.1,91.0,22.0
DVM_0131,PCC_026,2025-12-29,part_time,78,19.8,46,70.7,91.3,21.4
DVM_0131,PCC_026,2026-01-05,part_time,78,23.6,70,64.0,85.3,21.7
DVM_0131,PCC_026,2026-01-12,part_time,78,14.0,39,68.8,79.3,18.8
DVM_0131,PCC_026,2026-01-19,part_time,78,17.7,51,56.1,87.6,22.4
DVM_0131,PCC_026,2026-01-26,part_time,78,4.2,12,65.8,91.8,25.6
DVM_0131,PCC_026,2026-02-02,part_time,78,22.5,58,65.3,84.9,23.9
DVM_0131,PCC_026,2026-02-09,part_time,78,5.6,13,70.9,81.1,28.7
DVM_0131,PCC_026,2026-02-16,part_time,78,10.3,28,67.2,81.2,25.2
DVM_0131,PCC_026,2026-03-02,part_time,78,16.8,45,63.8,85.6,20.4
DVM_0131,PCC_026,2026-03-16,part_time,78,15.7,32,65.8,89.3,21.7
DVM_0131,PCC_026,2026-03-23,part_time,78,20.7,48,73.4,76.7,26.0
DVM_0131,PCC_026,2026-03-30,part_time,78,9.2,24,65.2,83.3,22.3
DVM_0131,PCC_026,2026-04-06,part_time,78,13.7,36,71.5,83.0,23.1
DVM_0131,PCC_026,2026-04-13,part_time,78,25.6,74,69.8,82.4,23.2
DVM_0131,PCC_026,2026-04-20,part_time,78,16.5,40,62.3,92.5,25.3
DVM_0131,PCC_026,2026-04-27,part_time,78,23.1,59,64.2,83.2,23.4
DVM_0132,PCC_026,2025-11-03,part_time,89,19.1,54,85.9,81.3,21.0
DVM_0132,PCC_026,2025-11-10,part_time,89,22.9,53,83.4,76.0,25.0
DVM_0132,PCC_026,2025-11-17,part_time,89,23.9,57,71.8,83.0,24.3
DVM_0132,PCC_026,2025-11-24,part_time,89,13.4,33,90.3,85.1,27.7
DVM_0132,PCC_026,2025-12-01,part_time,89,8.8,26,79.9,82.8,23.8
DVM_0132,PCC_026,2025-12-08,part_time,89,18.5,49,88.9,79.3,22.0
DVM_0132,PCC_026,2025-12-15,part_time,89,19.7,49,86.0,80.2,24.8
DVM_0132,PCC_026,2025-12-22,part_time,89,13.8,36,79.6,75.9,23.1
DVM_0132,PCC_026,2025-12-29,part_time,89,15.5,31,73.8,77.3,22.5
DVM_0132,PCC_026,2026-01-05,part_time,89,12.0,27,81.7,78.8,28.0
DVM_0132,PCC_026,2026-01-12,part_time,89,13.9,33,80.5,73.1,26.9
DVM_0132,PCC_026,2026-01-19,part_time,89,18.0,44,82.0,83.0,23.8
DVM_0132,PCC_026,2026-02-02,part_time,89,30.5,101,86.4,82.4,25.3
DVM_0132,PCC_026,2026-02-09,part_time,89,21.8,59,86.7,82.8,21.7
DVM_0132,PCC_026,2026-02-16,part_time,89,4.0,12,74.3,85.6,22.0
DVM_0132,PCC_026,2026-02-23,part_time,89,7.1,18,83.4,80.2,25.3
DVM_0132,PCC_026,2026-03-02,part_time,89,27.6,57,86.2,82.9,21.6
DVM_0132,PCC_026,2026-03-09,part_time,89,5.5,12,87.6,75.3,26.1
DVM_0132,PCC_026,2026-03-16,part_time,89,18.8,48,86.8,79.3,24.8
DVM_0132,PCC_026,2026-03-23,part_time,89,16.7,48,74.7,83.9,23.1
DVM_0132,PCC_026,2026-03-30,part_time,89,12.0,31,74.9,80.3,21.9
DVM_0132,PCC_026,2026-04-06,part_time,89,13.1,40,80.0,75.5,24.7
DVM_0132,PCC_026,2026-04-13,part_time,89,10.9,26,84.8,75.8,22.1
DVM_0132,PCC_026,2026-04-20,part_time,89,21.4,63,83.6,75.0,24.6
DVM_0132,PCC_026,2026-04-27,PART_TIME,89,12.1,29,78.5,83.7,21.0
DVM_0133,PCC_026,2025-11-03,full_time,5,25.9,59,80.6,82.8,29.3
DVM_0133,PCC_026,2025-11-10,FULL_TIME,5,31.2,82,70.7,78.7,26.5
DVM_0133,PCC_026,2025-11-17,full_time,5,29.5,72,76.7,84.7,34.2
DVM_0133,PCC_026,2025-11-24,full_time,5,24.5,70,73.5,83.0,27.1
DVM_0133,PCC_026,2025-12-01,full_time,5,37.6,98,82.7,79.6,
DVM_0133,PCC_026,2025-12-08,full_time,5,48.0,124,78.0,80.4,29.3
DVM_0133,PCC_026,2025-12-15,full_time,5,32.8,85,74.3,86.5,26.2
DVM_0133,PCC_026,2025-12-22,full_time,5,27.9,72,86.7,87.3,32.0
DVM_0133,PCC_026,2025-12-29,full_time,5,32.5,99,73.6,85.0,29.0
DVM_0133,PCC_026,2026-01-05,full_time,5,38.4,106,74.8,79.5,31.0
DVM_0133,PCC_026,2026-01-12,full_time,5,34.2,101,82.7,87.2,28.9
DVM_0133,PCC_026,2026-01-19,full_time,5,25.8,58,73.2,86.7,29.8
DVM_0133,PCC_026,2026-01-26,full_time,5,28.6,91,81.8,80.9,30.7
DVM_0133,PCC_026,2026-02-02,full_time,5,28.7,70,72.7,82.3,28.8
DVM_0133,PCC_026,2026-02-09,full_time,5,35.5,84,83.9,80.6,27.8
DVM_0133,PCC_026,2026-02-16,full_time,5,22.8,55,74.5,80.8,33.7
DVM_0133,PCC_026,2026-02-23,full_time,5,36.4,81,75.0,80.5,28.2
DVM_0133,PCC_026,2026-03-02,full_time,5,23.8,60,74.9,88.1,28.8
DVM_0133,PCC_026,2026-03-16,full_time,5,23.5,55,74.7,83.3,29.9
DVM_0133,PCC_026,2026-03-23,full_time,5,28.8,75,81.9,77.9,30.7
DVM_0133,PCC_026,2026-03-30,full_time,5,34.5,107,73.4,80.1,32.6
DVM_0133,PCC_026,2026-04-06,full_time,5,31.9,85,80.4,77.8,27.7
DVM_0133,PCC_026,2026-04-13,full_time,5,21.6,55,80.5,83.5,31.8
DVM_0133,PCC_026,2026-04-20,full_time,5,34.3,98,80.4,76.7,27.8
DVM_0134,PCC_026,2025-11-03,full_time,56,25.7,69,70.9,79.7,33.6
DVM_0134,PCC_026,2025-11-10,full_time,56,27.7,69,68.0,74.8,31.2
DVM_0134,PCC_026,2025-11-17,full_time,56,29.7,85,75.5,81.7,29.9
DVM_0134,PCC_026,2025-11-24,full_time,56,31.8,84,75.4,75.9,31.3
DVM_0134,PCC_026,2025-12-01,full_time,56,35.5,99,66.7,81.5,33.2
DVM_0134,PCC_026,2025-12-08,full_time,56,27.5,73,72.9,70.8,31.0
DVM_0134,PCC_026,2025-12-15,full_time,56,24.2,58,81.0,80.4,29.1
DVM_0134,PCC_026,2025-12-22,full_time,56,28.9,66,66.9,74.4,36.2
DVM_0134,PCC_026,2025-12-29,full_time,56,36.5,95,75.1,76.8,32.6
DVM_0134,PCC_026,2026-01-05,full_time,56,25.7,51,69.1,73.4,28.0
DVM_0134,PCC_026,2026-01-12,full_time,56,32.5,93,70.7,78.3,31.0
DVM_0134,PCC_026,2026-01-19,full_time,56,23.6,71,75.7,74.2,
DVM_0134,PCC_026,2026-01-26,full_time,56,26.0,78,76.7,75.3,32.1
DVM_0134,PCC_026,2026-02-09,FULL_TIME,56,30.3,72,71.5,86.1,28.7
DVM_0134,PCC_026,2026-02-16,full_time,56,26.3,77,68.2,78.0,34.0
DVM_0134,PCC_026,2026-02-23,full_time,56,36.4,84,71.2,81.9,31.4
DVM_0134,PCC_026,2026-03-02,full_time,56,27.6,71,80.6,80.0,34.5
DVM_0134,PCC_026,2026-03-09,full_time,56,17.7,46,75.1,79.6,31.9
DVM_0134,PCC_026,2026-03-23,full_time,56,32.7,80,74.3,82.0,35.3
DVM_0134,PCC_026,2026-03-30,full_time,56,30.7,69,74.6,78.8,33.7
DVM_0134,PCC_026,2026-04-06,full_time,56,34.8,106,70.4,73.6,34.4
DVM_0134,PCC_026,2026-04-13,full_time,56,29.4,75,74.1,79.8,29.6
DVM_0134,PCC_026,2026-04-20,full_time,56,29.9,64,63.5,77.7,31.4
DVM_0134,PCC_026,2026-04-27,full_time,56,25.8,44,74.0,76.8,28.9
DVM_0135,PCC_026,2025-11-03,full_time,19,37.4,88,74.3,83.4,24.9
DVM_0135,PCC_026,2025-11-10,full_time,19,38.1,88,73.5,90.9,23.9
DVM_0135,PCC_026,2025-11-17,full_time,19,35.5,87,67.8,93.4,21.8
DVM_0135,PCC_026,2025-11-24,full_time,19,26.4,80,70.8,84.0,25.8
DVM_0135,PCC_026,2025-12-01,full_time,19,35.7,92,73.8,90.5,
DVM_0135,PCC_026,2025-12-08,full_time,19,35.6,91,69.2,85.5,
DVM_0135,PCC_026,2025-12-15,full_time,19,30.4,81,63.6,85.5,25.6
DVM_0135,PCC_026,2025-12-22,full_time,19,28.4,69,65.7,88.6,23.7
DVM_0135,PCC_026,2025-12-29,full_time,19,21.6,58,71.3,87.2,26.8
DVM_0135,PCC_026,2026-01-05,full_time,19,37.6,96,68.4,83.9,25.1
DVM_0135,PCC_026,2026-01-12,full_time,19,33.1,84,63.9,92.5,24.8
DVM_0135,PCC_026,2026-01-19,full_time,19,32.6,83,70.0,83.3,23.1
DVM_0135,PCC_026,2026-01-26,full_time,19,16.6,43,69.1,85.9,24.5
DVM_0135,PCC_026,2026-02-02,full_time,19,28.0,77,64.0,84.8,23.0
DVM_0135,PCC_026,2026-02-09,full_time,19,42.6,128,69.4,86.1,25.9
DVM_0135,PCC_026,2026-02-16,full_time,19,29.5,53,69.7,89.5,27.2
DVM_0135,PCC_026,2026-02-23,full_time,19,24.6,63,65.5,81.3,26.3
DVM_0135,PCC_026,2026-03-02,full_time,19,42.1,127,68.1,89.5,27.9
DVM_0135,PCC_026,2026-03-09,full_time,19,23.2,61,64.3,82.2,27.1
DVM_0135,PCC_026,2026-03-16,full_time,19,32.6,97,57.5,79.8,24.1
DVM_0135,PCC_026,2026-03-23,full_time,19,36.1,102,61.8,78.1,23.2
DVM_0135,PCC_026,2026-03-30,full_time,19,35.3,75,70.9,88.0,20.5
DVM_0135,PCC_026,2026-04-06,full_time,19,21.1,53,64.2,84.6,30.1
DVM_0135,PCC_026,2026-04-13,full_time,19,36.4,89,68.5,83.6,25.5
DVM_0135,PCC_026,2026-04-20,full_time,19,29.3,71,71.9,88.9,29.1
DVM_0135,PCC_026,2026-04-27,full_time,19,36.8,76,65.8,85.3,20.1
DVM_0136,PCC_026,2025-11-03,full_time,47,31.5,98,66.0,81.3,31.7
DVM_0136,PCC_026,2025-11-10,full_time,47,31.4,94,72.7,92.1,34.1
DVM_0136,PCC_026,2025-11-17,full_time,47,31.0,88,65.6,92.0,37.5
DVM_0136,PCC_026,2025-11-24,full_time,47,38.7,106,71.9,97.2,33.2
DVM_0136,PCC_026,2025-12-01,full_time,47,30.3,71,65.7,86.1,33.6
DVM_0136,PCC_026,2025-12-08,full_time,47,36.3,90,68.6,89.2,37.4
DVM_0136,PCC_026,2025-12-15,full_time,47,36.0,83,70.9,86.1,38.3
DVM_0136,PCC_026,2025-12-22,full_time,47,40.0,106,66.2,96.4,34.3
DVM_0136,PCC_026,2025-12-29,full_time,47,28.0,72,66.9,87.5,34.7
DVM_0136,PCC_026,2026-01-05,full_time,47,22.4,68,65.1,93.1,32.5
DVM_0136,PCC_026,2026-01-19,full_time,47,19.5,46,70.5,88.7,36.2
DVM_0136,PCC_026,2026-01-26,full_time,47,35.8,87,68.8,86.2,32.2
DVM_0136,PCC_026,2026-02-02,full_time,47,42.6,109,68.6,87.9,33.3
DVM_0136,PCC_026,2026-02-16,full_time,47,27.4,70,66.9,90.2,33.7
DVM_0136,PCC_026,2026-02-23,full_time,47,44.3,121,63.6,87.3,30.4
DVM_0136,PCC_026,2026-03-02,full_time,47,35.5,110,66.1,82.6,29.4
DVM_0136,PCC_026,2026-03-09,full_time,47,26.2,64,73.7,88.5,31.5
DVM_0136,PCC_026,2026-03-16,full_time,47,33.5,98,68.8,90.4,29.8
DVM_0136,PCC_026,2026-03-23,full_time,47,41.3,96,67.8,87.6,33.9
DVM_0136,PCC_026,2026-03-30,full_time,47,33.7,82,66.4,88.9,31.0
DVM_0136,PCC_026,2026-04-13,full_time,47,26.0,75,67.3,91.3,30.9
DVM_0136,PCC_026,2026-04-20,full_time,47,24.2,79,69.2,93.2,32.3
DVM_0136,PCC_026,2026-04-27,full_time,47,24.5,65,70.0,94.9,30.6
DVM_0137,PCC_027,2025-11-03,full_time,4,32.0,81,83.7,80.9,25.0
DVM_0137,PCC_027,2025-11-10,full_time,4,32.0,73,81.2,88.2,20.1
DVM_0137,PCC_027,2025-11-17,full_time,4,38.0,84,76.2,87.4,21.7
DVM_0137,PCC_027,2025-11-24,full_time,4,29.2,82,80.3,84.8,22.4
DVM_0137,PCC_027,2025-12-01,full_time,4,33.7,84,89.6,85.3,23.9
DVM_0137,PCC_027,2025-12-08,full_time,4,32.8,100,76.3,80.3,22.2
DVM_0137,PCC_027,2025-12-15,full_time,4,24.6,63,84.1,81.8,21.7
DVM_0137,PCC_027,2025-12-22,full_time,4,33.6,76,82.8,84.8,19.0
DVM_0137,PCC_027,2025-12-29,full_time,4,27.5,69,78.9,82.7,25.7
DVM_0137,PCC_027,2026-01-05,full_time,4,23.8,60,76.4,86.8,22.3
DVM_0137,PCC_027,2026-01-12,full_time,4,37.6,87,79.3,85.8,23.4
DVM_0137,PCC_027,2026-01-19,full_time,4,37.1,77,83.2,81.0,26.0
DVM_0137,PCC_027,2026-01-26,full_time,4,40.3,100,82.9,82.6,21.9
DVM_0137,PCC_027,2026-02-02,full_time,4,37.5,120,73.5,89.7,23.6
DVM_0137,PCC_027,2026-02-09,full_time,4,30.3,70,89.4,78.6,23.8
DVM_0137,PCC_027,2026-02-16,full_time,4,31.5,67,80.5,80.8,18.3
DVM_0137,PCC_027,2026-02-23,full_time,4,36.3,81,84.7,87.5,24.1
DVM_0137,PCC_027,2026-03-02,full_time,4,36.0,106,80.7,86.8,25.1
DVM_0137,PCC_027,2026-03-09,full_time,4,28.9,64,80.7,81.3,22.6
DVM_0137,PCC_027,2026-03-16,full_time,4,29.1,77,79.0,84.0,25.0
DVM_0137,PCC_027,2026-03-23,full_time,4,29.9,77,81.7,91.3,21.9
DVM_0137,PCC_027,2026-03-30,full_time,4,43.5,131,79.8,92.3,22.2
DVM_0137,PCC_027,2026-04-06,full_time,4,35.4,89,89.7,89.7,20.6
DVM_0137,PCC_027,2026-04-13,full_time,4,30.7,80,79.2,80.1,22.9
DVM_0137,PCC_027,2026-04-20,full_time,4,48.0,110,78.6,90.5,22.2
DVM_0137,PCC_027,2026-04-27,full_time,4,29.2,74,91.1,79.7,25.1
DVM_0138,PCC_027,2025-11-03,relief,87,13.0,28,81.5,78.7,26.3
DVM_0138,PCC_027,2025-11-24,relief,87,14.2,37,70.8,80.2,25.1
DVM_0138,PCC_027,2025-12-01,relief,87,23.4,50,82.5,74.4,26.3
DVM_0138,PCC_027,2025-12-08,relief,87,30.4,94,81.9,75.0,27.8
DVM_0138,PCC_027,2025-12-15,relief,87,22.2,59,74.5,75.4,26.2
DVM_0138,PCC_027,2025-12-22,relief,87,10.9,33,73.4,78.9,27.0
DVM_0138,PCC_027,2025-12-29,relief,87,20.7,41,73.7,84.9,29.8
DVM_0138,PCC_027,2026-01-05,relief,87,20.3,47,77.3,76.1,24.0
DVM_0138,PCC_027,2026-01-12,relief,87,29.3,83,73.5,75.8,29.7
DVM_0138,PCC_027,2026-01-19,relief,87,13.5,25,72.6,72.7,26.4
DVM_0138,PCC_027,2026-01-26,relief,87,18.7,36,74.5,75.3,29.3
DVM_0138,PCC_027,2026-02-02,relief,87,27.5,68,74.9,71.4,27.0
DVM_0138,PCC_027,2026-02-09,relief,87,26.7,64,68.3,71.7,28.5
DVM_0138,PCC_027,2026-02-16,relief,87,32.5,81,76.1,78.0,30.3
DVM_0138,PCC_027,2026-02-23,relief,87,20.4,35,66.6,75.0,29.2
DVM_0138,PCC_027,2026-03-02,relief,87,23.0,53,88.4,78.6,24.2
DVM_0138,PCC_027,2026-03-09,relief,87,10.1,30,82.8,78.3,24.8
DVM_0138,PCC_027,2026-03-16,relief,87,19.5,40,72.0,69.4,27.1
DVM_0138,PCC_027,2026-03-23,relief,87,23.2,56,85.6,75.8,27.9
DVM_0138,PCC_027,2026-03-30,relief,87,19.1,44,83.3,76.3,27.7
DVM_0138,PCC_027,2026-04-06,relief,87,13.0,31,74.8,70.2,21.5
DVM_0138,PCC_027,2026-04-13,relief,87,17.6,33,70.8,77.8,24.4
DVM_0138,PCC_027,2026-04-20,relief,87,24.1,58,66.7,77.7,25.1
DVM_0138,PCC_027,2026-04-27,relief,87,18.5,42,70.7,80.3,29.4
DVM_0139,PCC_027,2025-11-03,full_time,60,27.8,68,66.5,88.8,27.4
DVM_0139,PCC_027,2025-11-17,full_time,60,30.9,70,69.1,81.6,28.3
DVM_0139,PCC_027,2025-11-24,full_time,60,24.2,65,56.5,77.1,27.8
DVM_0139,PCC_027,2025-12-01,FULL_TIME,60,34.1,72,53.0,78.6,29.4
DVM_0139,PCC_027,2025-12-15,full_time,60,26.7,61,60.8,74.0,27.2
DVM_0139,PCC_027,2026-01-05,full_time,60,33.0,78,61.4,82.2,28.5
DVM_0139,PCC_027,2026-01-12,full_time,60,32.0,81,66.1,85.3,27.1
DVM_0139,PCC_027,2026-01-19,full_time,60,36.6,93,65.9,80.9,28.4
DVM_0139,PCC_027,2026-01-26,full_time,60,32.5,70,60.4,85.9,27.4
DVM_0139,PCC_027,2026-02-02,full_time,60,26.3,57,70.2,88.0,23.9
DVM_0139,PCC_027,2026-02-09,full_time,60,29.4,65,64.6,78.7,28.7
DVM_0139,PCC_027,2026-02-16,full_time,60,26.8,56,64.6,77.7,23.3
DVM_0139,PCC_027,2026-02-23,full_time,60,31.7,80,61.5,80.3,27.3
DVM_0139,PCC_027,2026-03-02,full_time,60,38.4,108,64.5,72.7,22.5
DVM_0139,PCC_027,2026-03-09,full_time,60,25.0,53,59.3,88.9,27.8
DVM_0139,PCC_027,2026-03-16,FULL_TIME,60,36.9,79,60.7,83.8,27.1
DVM_0139,PCC_027,2026-03-23,full_time,60,35.1,78,64.0,77.6,25.1
DVM_0139,PCC_027,2026-03-30,full_time,60,28.7,87,55.6,79.0,24.7
DVM_0139,PCC_027,2026-04-06,full_time,60,38.9,86,58.8,82.9,27.1
DVM_0139,PCC_027,2026-04-13,FULL_TIME,60,32.7,88,63.1,86.7,27.6
DVM_0139,PCC_027,2026-04-20,full_time,60,36.8,88,69.5,84.8,28.1
DVM_0139,PCC_027,2026-04-27,full_time,60,29.7,70,64.5,83.3,23.9
DVM_0140,PCC_027,2025-11-03,part_time,74,13.8,30,79.2,82.7,30.5
DVM_0140,PCC_027,2025-11-10,part_time,74,4.0,9,83.6,93.6,28.1
DVM_0140,PCC_027,2025-11-17,part_time,74,18.2,52,90.6,99.5,25.3
DVM_0140,PCC_027,2025-11-24,part_time,74,10.6,21,86.0,89.5,29.9
DVM_0140,PCC_027,2025-12-01,part_time,74,17.2,39,83.1,89.6,32.7
DVM_0140,PCC_027,2025-12-08,part_time,74,7.5,21,85.5,86.8,28.5
DVM_0140,PCC_027,2025-12-15,part_time,74,19.0,43,80.8,83.1,25.8
DVM_0140,PCC_027,2025-12-22,part_time,74,19.1,47,81.9,92.0,29.1
DVM_0140,PCC_027,2025-12-29,part_time,74,19.3,54,74.4,90.2,28.3
DVM_0140,PCC_027,2026-01-05,part_time,74,18.6,40,88.9,88.9,32.2
DVM_0140,PCC_027,2026-01-12,part_time,74,17.5,38,80.9,82.4,31.2
DVM_0140,PCC_027,2026-01-19,part_time,74,21.0,57,85.2,88.6,28.0
DVM_0140,PCC_027,2026-01-26,part_time,74,20.3,40,81.3,94.0,27.4
DVM_0140,PCC_027,2026-02-02,part_time,74,12.6,26,76.2,94.1,28.8
DVM_0140,PCC_027,2026-02-09,part_time,74,17.0,35,84.0,83.2,26.8
DVM_0140,PCC_027,2026-02-23,part_time,74,16.3,37,87.3,89.7,24.3
DVM_0140,PCC_027,2026-03-02,part_time,74,31.3,80,83.9,94.7,28.0
DVM_0140,PCC_027,2026-03-09,part_time,74,23.3,63,89.2,89.0,25.3
DVM_0140,PCC_027,2026-03-16,part_time,74,24.0,66,83.0,93.2,29.5
DVM_0140,PCC_027,2026-03-23,PART_TIME,74,19.5,55,84.5,86.2,27.8
DVM_0140,PCC_027,2026-03-30,part_time,74,26.4,70,87.1,83.8,29.9
DVM_0140,PCC_027,2026-04-06,part_time,74,26.2,68,75.8,91.0,31.9
DVM_0140,PCC_027,2026-04-13,part_time,74,19.4,50,79.2,84.0,28.2
DVM_0140,PCC_027,2026-04-20,part_time,74,28.8,57,74.1,86.4,29.2
DVM_0140,PCC_027,2026-04-27,part_time,74,8.0,23,86.3,85.4,27.8
DVM_0141,PCC_027,2025-11-03,full_time,92,31.6,69,80.4,92.6,31.7
DVM_0141,PCC_027,2025-11-10,full_time,92,28.7,50,85.8,95.4,33.7
DVM_0141,PCC_027,2025-11-17,FULL_TIME,92,26.2,56,75.6,92.8,37.1
DVM_0141,PCC_027,2025-11-24,full_time,92,27.0,61,65.3,92.9,34.2
DVM_0141,PCC_027,2025-12-08,full_time,92,36.2,107,82.3,84.3,34.6
DVM_0141,PCC_027,2025-12-15,full_time,92,14.3,33,76.6,100.0,33.4
DVM_0141,PCC_027,2025-12-22,full_time,92,22.1,60,73.6,93.1,34.7
DVM_0141,PCC_027,2025-12-29,full_time,92,38.8,83,79.0,95.1,34.8
DVM_0141,PCC_027,2026-01-05,full_time,92,36.8,80,68.7,95.3,36.1
DVM_0141,PCC_027,2026-01-12,full_time,92,36.4,74,81.4,86.7,31.6
DVM_0141,PCC_027,2026-01-19,full_time,92,31.2,67,74.9,96.2,29.9
DVM_0141,PCC_027,2026-01-26,full_time,92,35.2,93,85.0,90.8,33.3
DVM_0141,PCC_027,2026-02-02,full_time,92,29.4,75,79.4,99.5,33.7
DVM_0141,PCC_027,2026-02-09,full_time,92,26.8,59,81.5,94.0,39.6
DVM_0141,PCC_027,2026-02-16,full_time,92,39.0,109,86.5,94.1,35.8
DVM_0141,PCC_027,2026-02-23,full_time,92,26.5,66,77.8,99.0,38.8
DVM_0141,PCC_027,2026-03-02,full_time,92,29.0,66,75.2,86.5,31.3
DVM_0141,PCC_027,2026-03-09,full_time,92,36.5,100,78.5,91.0,33.9
DVM_0141,PCC_027,2026-03-16,full_time,92,35.2,95,85.3,87.5,37.3
DVM_0141,PCC_027,2026-03-23,full_time,92,33.3,87,81.0,93.6,32.7
DVM_0141,PCC_027,2026-03-30,full_time,92,28.0,74,83.0,89.0,32.2
DVM_0141,PCC_027,2026-04-06,full_time,92,32.1,81,76.4,94.2,32.3
DVM_0141,PCC_027,2026-04-13,full_time,92,34.2,85,75.9,90.0,35.6
DVM_0141,PCC_027,2026-04-20,full_time,92,30.3,89,72.1,88.5,38.0
DVM_0141,PCC_027,2026-04-27,full_time,92,27.2,62,77.2,88.7,35.7
DVM_0142,PCC_028,2025-11-03,full_time,90,38.9,92,93.0,91.0,32.0
DVM_0142,PCC_028,2025-11-10,full_time,90,26.9,75,89.9,100.0,33.1
DVM_0142,PCC_028,2025-11-17,full_time,90,36.9,86,99.1,100.0,30.9
DVM_0142,PCC_028,2025-11-24,full_time,90,26.9,61,86.9,89.9,25.9
DVM_0142,PCC_028,2025-12-01,full_time,90,34.2,82,88.5,87.3,27.8
DVM_0142,PCC_028,2025-12-08,full_time,90,31.5,60,96.9,98.8,30.5
DVM_0142,PCC_028,2025-12-22,full_time,90,31.7,88,92.1,100.0,30.5
DVM_0142,PCC_028,2025-12-29,full_time,90,32.8,91,86.3,97.8,30.1
DVM_0142,PCC_028,2026-01-12,full_time,90,34.9,91,88.4,96.3,27.9
DVM_0142,PCC_028,2026-01-26,full_time,90,27.3,69,90.9,100.0,25.5
DVM_0142,PCC_028,2026-02-02,full_time,90,35.6,87,93.7,96.4,29.0
DVM_0142,PCC_028,2026-02-09,full_time,90,24.0,54,92.4,95.9,31.1
DVM_0142,PCC_028,2026-02-16,full_time,90,34.0,92,92.9,99.2,27.5
DVM_0142,PCC_028,2026-02-23,full_time,90,33.0,93,91.8,97.0,31.6
DVM_0142,PCC_028,2026-03-02,full_time,90,34.5,101,99.4,99.0,28.7
DVM_0142,PCC_028,2026-03-16,full_time,90,25.0,73,90.9,100.0,30.2
DVM_0142,PCC_028,2026-03-23,full_time,90,36.2,83,87.6,97.9,33.6
DVM_0142,PCC_028,2026-03-30,full_time,90,35.6,99,97.0,98.3,30.3
DVM_0142,PCC_028,2026-04-06,full_time,90,27.7,65,87.3,98.2,30.1
DVM_0142,PCC_028,2026-04-13,full_time,90,33.8,93,87.8,98.8,27.9
DVM_0142,PCC_028,2026-04-20,full_time,90,33.8,67,83.5,100.0,32.4
DVM_0142,PCC_028,2026-04-27,FULL_TIME,90,31.0,76,91.6,94.6,29.3
DVM_0143,PCC_028,2025-11-03,full_time,91,36.9,95,82.8,100.0,28.7
DVM_0143,PCC_028,2025-11-17,full_time,91,33.6,68,78.0,100.0,28.3
DVM_0143,PCC_028,2025-11-24,full_time,91,30.2,93,80.5,96.4,26.9
DVM_0143,PCC_028,2025-12-01,full_time,91,19.5,51,83.4,98.8,26.0
DVM_0143,PCC_028,2025-12-08,full_time,91,29.2,88,80.3,98.8,28.5
DVM_0143,PCC_028,2025-12-15,full_time,91,40.4,98,79.2,100.0,
DVM_0143,PCC_028,2025-12-22,full_time,91,33.5,82,81.1,100.0,26.2
DVM_0143,PCC_028,2025-12-29,FULL_TIME,91,25.5,69,83.2,100.0,23.4
DVM_0143,PCC_028,2026-01-05,full_time,91,28.2,59,78.2,100.0,27.7
DVM_0143,PCC_028,2026-01-12,full_time,91,37.0,80,87.1,100.0,28.6
DVM_0143,PCC_028,2026-01-19,full_time,91,37.8,81,86.5,100.0,24.6
DVM_0143,PCC_028,2026-01-26,full_time,91,27.5,72,70.1,98.4,27.8
DVM_0143,PCC_028,2026-02-02,FULL_TIME,91,22.5,58,86.1,100.0,27.6
DVM_0143,PCC_028,2026-02-09,full_time,91,33.6,101,77.6,99.5,24.6
DVM_0143,PCC_028,2026-02-16,full_time,91,29.8,77,81.0,97.6,30.4
DVM_0143,PCC_028,2026-02-23,full_time,91,23.9,54,77.3,100.0,34.3
DVM_0143,PCC_028,2026-03-02,full_time,91,36.9,91,86.8,94.3,27.6
DVM_0143,PCC_028,2026-03-09,full_time,91,31.9,81,78.8,100.0,25.3
DVM_0143,PCC_028,2026-03-16,full_time,91,36.0,82,81.2,100.0,28.7
DVM_0143,PCC_028,2026-03-23,full_time,91,23.6,62,83.6,99.6,26.8
DVM_0143,PCC_028,2026-03-30,full_time,91,31.5,82,81.8,100.0,29.9
DVM_0143,PCC_028,2026-04-06,full_time,91,30.0,62,86.0,100.0,29.2
DVM_0143,PCC_028,2026-04-13,full_time,91,30.5,78,86.1,99.5,28.6
DVM_0143,PCC_028,2026-04-27,full_time,91,36.8,104,79.2,100.0,29.2
DVM_0144,PCC_028,2025-11-03,full_time,65,34.4,78,93.8,100.0,27.1
DVM_0144,PCC_028,2025-11-17,full_time,65,30.2,79,88.0,100.0,26.7
DVM_0144,PCC_028,2025-11-24,full_time,65,32.7,82,85.5,100.0,23.1
DVM_0144,PCC_028,2025-12-01,FULL_TIME,65,26.3,62,86.0,100.0,23.9
DVM_0144,PCC_028,2025-12-08,full_time,65,26.7,61,96.3,100.0,24.1
DVM_0144,PCC_028,2025-12-15,full_time,65,27.0,59,88.9,100.0,27.9
DVM_0144,PCC_028,2025-12-22,full_time,65,31.1,83,91.6,100.0,22.8
DVM_0144,PCC_028,2025-12-29,FULL_TIME,65,24.2,53,84.5,100.0,22.5
DVM_0144,PCC_028,2026-01-05,full_time,65,31.0,67,89.7,100.0,26.9
DVM_0144,PCC_028,2026-01-12,full_time,65,24.5,60,89.0,100.0,26.5
DVM_0144,PCC_028,2026-01-19,full_time,65,40.0,78,90.5,100.0,27.6
DVM_0144,PCC_028,2026-01-26,full_time,65,37.9,99,90.6,98.7,27.2
DVM_0144,PCC_028,2026-02-09,full_time,65,30.8,81,92.3,100.0,26.2
DVM_0144,PCC_028,2026-02-23,full_time,65,37.5,96,90.1,100.0,27.5
DVM_0144,PCC_028,2026-03-02,full_time,65,23.0,64,79.8,100.0,27.2
DVM_0144,PCC_028,2026-03-09,FULL_TIME,65,27.2,68,88.5,100.0,29.6
DVM_0144,PCC_028,2026-03-16,full_time,65,35.2,91,85.0,100.0,27.5
DVM_0144,PCC_028,2026-03-23,full_time,65,28.3,62,97.7,97.2,22.0
DVM_0144,PCC_028,2026-03-30,full_time,65,37.5,97,89.0,100.0,25.0
DVM_0144,PCC_028,2026-04-06,full_time,65,20.2,50,89.0,100.0,24.9
DVM_0144,PCC_028,2026-04-13,full_time,65,33.1,67,87.5,100.0,23.2
DVM_0144,PCC_028,2026-04-20,full_time,65,37.3,92,91.2,100.0,23.3
DVM_0145,PCC_028,2025-11-03,PART_TIME,77,20.5,60,79.2,100.0,
DVM_0145,PCC_028,2025-11-10,part_time,77,16.3,41,79.7,100.0,29.8
DVM_0145,PCC_028,2025-11-24,part_time,77,25.1,70,80.8,96.4,28.2
DVM_0145,PCC_028,2025-12-01,part_time,77,20.7,55,79.7,100.0,25.3
DVM_0145,PCC_028,2025-12-08,part_time,77,16.7,41,85.3,100.0,25.4
DVM_0145,PCC_028,2025-12-15,part_time,77,17.0,46,90.2,100.0,26.1
DVM_0145,PCC_028,2025-12-22,part_time,77,18.9,43,83.3,100.0,25.7
DVM_0145,PCC_028,2025-12-29,part_time,77,16.7,43,86.2,100.0,28.0
DVM_0145,PCC_028,2026-01-05,part_time,77,26.5,60,78.8,100.0,26.9
DVM_0145,PCC_028,2026-01-12,part_time,77,14.9,36,83.3,96.8,26.6
DVM_0145,PCC_028,2026-01-19,part_time,77,21.5,59,87.9,92.5,28.3
DVM_0145,PCC_028,2026-01-26,part_time,77,27.6,67,79.8,100.0,29.2
DVM_0145,PCC_028,2026-02-02,part_time,77,4.0,9,84.5,100.0,29.8
DVM_0145,PCC_028,2026-02-09,part_time,77,10.7,22,81.7,100.0,23.2
DVM_0145,PCC_028,2026-02-16,part_time,77,29.8,76,84.8,100.0,26.7
DVM_0145,PCC_028,2026-02-23,part_time,77,17.5,41,86.9,96.6,29.9
DVM_0145,PCC_028,2026-03-02,part_time,77,19.7,61,86.9,100.0,30.2
DVM_0145,PCC_028,2026-03-09,part_time,77,8.1,14,77.8,100.0,27.6
DVM_0145,PCC_028,2026-03-23,part_time,77,21.6,59,74.3,100.0,27.9
DVM_0145,PCC_028,2026-03-30,part_time,77,26.1,60,83.0,100.0,29.5
DVM_0145,PCC_028,2026-04-06,part_time,77,22.5,63,83.1,100.0,30.7
DVM_0145,PCC_028,2026-04-13,part_time,77,11.9,28,93.4,100.0,27.7
DVM_0145,PCC_028,2026-04-27,part_time,77,9.2,23,90.8,100.0,29.7
DVM_0146,PCC_028,2025-11-03,part_time,29,11.6,24,87.8,100.0,20.4
DVM_0146,PCC_028,2025-11-10,part_time,29,15.3,35,86.0,99.4,20.9
DVM_0146,PCC_028,2025-11-17,part_time,29,13.6,31,87.4,100.0,22.5
DVM_0146,PCC_028,2025-11-24,part_time,29,19.8,47,79.6,100.0,23.7
DVM_0146,PCC_028,2025-12-01,part_time,29,12.4,33,92.9,100.0,20.5
DVM_0146,PCC_028,2025-12-08,part_time,29,15.0,38,83.4,100.0,18.0
DVM_0146,PCC_028,2025-12-15,part_time,29,13.4,33,88.2,97.8,22.4
DVM_0146,PCC_028,2025-12-22,part_time,29,15.4,36,71.3,100.0,22.1
DVM_0146,PCC_028,2025-12-29,part_time,29,8.8,25,80.2,100.0,18.3
DVM_0146,PCC_028,2026-01-05,part_time,29,12.8,31,83.9,100.0,15.8
DVM_0146,PCC_028,2026-01-12,part_time,29,14.9,36,76.9,100.0,21.5
DVM_0146,PCC_028,2026-01-19,part_time,29,17.7,40,80.2,100.0,23.9
DVM_0146,PCC_028,2026-01-26,part_time,29,14.6,38,85.3,100.0,19.3
DVM_0146,PCC_028,2026-02-02,part_time,29,15.9,41,87.1,100.0,21.8
DVM_0146,PCC_028,2026-02-09,part_time,29,17.7,51,82.3,100.0,21.0
DVM_0146,PCC_028,2026-02-16,PART_TIME,29,19.1,54,84.4,100.0,18.4
DVM_0146,PCC_028,2026-02-23,part_time,29,17.3,45,88.5,94.4,24.8
DVM_0146,PCC_028,2026-03-02,part_time,29,24.4,69,78.7,100.0,23.5
DVM_0146,PCC_028,2026-03-09,part_time,29,20.0,47,81.6,100.0,18.7
DVM_0146,PCC_028,2026-03-16,part_time,29,26.6,61,81.6,93.9,19.8
DVM_0146,PCC_028,2026-03-23,part_time,29,15.2,35,73.7,100.0,19.2
DVM_0146,PCC_028,2026-03-30,part_time,29,18.2,51,85.7,99.1,21.3
DVM_0146,PCC_028,2026-04-06,part_time,29,27.7,56,88.2,96.5,23.5
DVM_0146,PCC_028,2026-04-13,part_time,29,10.9,28,73.3,100.0,15.3
DVM_0146,PCC_028,2026-04-20,part_time,29,24.5,60,88.7,100.0,19.6
DVM_0146,PCC_028,2026-04-27,part_time,29,4.0,10,80.0,100.0,21.5
DVM_0147,PCC_028,2025-11-03,full_time,71,28.5,75,73.8,100.0,22.6
DVM_0147,PCC_028,2025-11-17,full_time,71,35.4,100,76.3,100.0,28.5
DVM_0147,PCC_028,2025-11-24,full_time,71,35.9,86,86.8,100.0,28.2
DVM_0147,PCC_028,2025-12-01,full_time,71,36.4,97,66.3,100.0,30.0
DVM_0147,PCC_028,2025-12-08,full_time,71,26.9,60,69.3,95.4,31.1
DVM_0147,PCC_028,2025-12-15,full_time,71,30.4,79,75.8,97.9,34.3
DVM_0147,PCC_028,2025-12-22,full_time,71,29.0,74,77.9,100.0,25.2
DVM_0147,PCC_028,2025-12-29,full_time,71,28.5,52,70.6,96.9,23.9
DVM_0147,PCC_028,2026-01-05,full_time,71,39.1,111,73.6,100.0,25.6
DVM_0147,PCC_028,2026-01-12,full_time,71,34.0,92,73.9,95.1,29.9
DVM_0147,PCC_028,2026-01-19,full_time,71,36.2,111,73.5,100.0,26.0
DVM_0147,PCC_028,2026-01-26,full_time,71,25.5,52,74.6,97.1,29.0
DVM_0147,PCC_028,2026-02-02,full_time,71,33.2,81,75.9,97.4,26.8
DVM_0147,PCC_028,2026-02-09,full_time,71,34.6,101,72.0,100.0,24.3
DVM_0147,PCC_028,2026-02-16,full_time,71,44.0,106,78.2,100.0,27.9
DVM_0147,PCC_028,2026-02-23,full_time,71,22.7,67,74.4,95.7,30.1
DVM_0147,PCC_028,2026-03-02,full_time,71,26.8,65,78.5,94.2,30.5
DVM_0147,PCC_028,2026-03-09,full_time,71,30.4,65,66.2,96.0,26.9
DVM_0147,PCC_028,2026-03-16,full_time,71,38.6,87,74.9,98.9,27.0
DVM_0147,PCC_028,2026-03-23,full_time,71,29.3,71,76.2,100.0,24.8
DVM_0147,PCC_028,2026-03-30,full_time,71,22.0,46,69.1,96.2,32.5
DVM_0147,PCC_028,2026-04-06,full_time,71,39.8,121,77.1,97.9,29.5
DVM_0147,PCC_028,2026-04-13,full_time,71,35.3,96,77.6,99.1,31.0
DVM_0147,PCC_028,2026-04-20,full_time,71,28.1,71,67.3,96.3,27.0
DVM_0147,PCC_028,2026-04-27,full_time,71,34.8,88,75.0,100.0,27.7
DVM_0148,PCC_029,2025-11-03,full_time,21,41.9,89,83.5,86.8,27.5
DVM_0148,PCC_029,2025-11-10,full_time,21,24.4,55,83.0,98.0,26.2
DVM_0148,PCC_029,2025-11-17,full_time,21,31.8,68,89.5,89.0,27.4
DVM_0148,PCC_029,2025-11-24,full_time,21,35.4,84,82.9,88.8,26.2
DVM_0148,PCC_029,2025-12-15,full_time,21,30.7,75,90.6,86.1,26.8
DVM_0148,PCC_029,2025-12-22,full_time,21,31.2,63,82.4,87.9,27.2
DVM_0148,PCC_029,2025-12-29,full_time,21,32.2,80,87.8,88.0,27.8
DVM_0148,PCC_029,2026-01-05,full_time,21,32.4,77,81.8,82.3,27.5
DVM_0148,PCC_029,2026-01-12,full_time,21,39.6,107,84.0,85.5,30.1
DVM_0148,PCC_029,2026-01-19,full_time,21,19.3,53,87.6,87.7,30.3
DVM_0148,PCC_029,2026-01-26,full_time,21,28.5,66,85.8,84.9,21.6
DVM_0148,PCC_029,2026-02-02,full_time,21,35.2,81,80.2,95.3,26.7
DVM_0148,PCC_029,2026-02-09,full_time,21,32.5,71,82.7,84.3,25.4
DVM_0148,PCC_029,2026-02-16,full_time,21,27.9,75,91.6,87.4,26.9
DVM_0148,PCC_029,2026-02-23,full_time,21,20.3,49,83.5,90.7,23.2
DVM_0148,PCC_029,2026-03-02,full_time,21,37.9,80,83.5,87.5,24.2
DVM_0148,PCC_029,2026-03-09,full_time,21,46.8,111,84.7,86.3,25.4
DVM_0148,PCC_029,2026-03-16,full_time,21,28.4,59,83.2,92.9,24.7
DVM_0148,PCC_029,2026-03-23,full_time,21,33.1,95,86.3,92.9,22.0
DVM_0148,PCC_029,2026-03-30,full_time,21,24.6,53,90.2,84.4,27.4
DVM_0148,PCC_029,2026-04-06,full_time,21,33.9,92,83.6,91.9,30.0
DVM_0148,PCC_029,2026-04-20,full_time,21,29.1,66,90.0,95.7,24.0
DVM_0148,PCC_029,2026-04-27,full_time,21,33.6,80,87.3,88.1,29.1
DVM_0149,PCC_029,2025-11-03,full_time,43,33.1,87,100.0,89.6,30.9
DVM_0149,PCC_029,2025-11-10,full_time,43,33.1,71,95.5,83.1,29.6
DVM_0149,PCC_029,2025-11-17,full_time,43,24.4,63,100.0,91.2,26.9
DVM_0149,PCC_029,2025-11-24,full_time,43,29.0,61,100.0,93.8,27.3
DVM_0149,PCC_029,2025-12-01,full_time,43,32.9,95,98.5,92.0,28.8
DVM_0149,PCC_029,2025-12-15,full_time,43,44.2,86,100.0,94.0,33.9
DVM_0149,PCC_029,2025-12-22,full_time,43,33.2,74,98.3,94.8,30.6
DVM_0149,PCC_029,2025-12-29,full_time,43,32.9,72,100.0,83.3,27.6
DVM_0149,PCC_029,2026-01-05,full_time,43,30.1,55,100.0,99.4,29.5
DVM_0149,PCC_029,2026-01-12,full_time,43,29.2,92,100.0,90.8,31.7
DVM_0149,PCC_029,2026-01-19,full_time,43,42.6,99,100.0,97.9,29.8
DVM_0149,PCC_029,2026-01-26,full_time,43,29.9,77,100.0,86.7,27.7
DVM_0149,PCC_029,2026-02-02,full_time,43,20.5,47,98.7,84.1,28.1
DVM_0149,PCC_029,2026-02-09,full_time,43,40.3,110,100.0,88.3,28.7
DVM_0149,PCC_029,2026-02-16,full_time,43,33.4,75,100.0,85.5,29.4
DVM_0149,PCC_029,2026-02-23,full_time,43,38.9,108,95.2,85.8,26.6
DVM_0149,PCC_029,2026-03-02,full_time,43,28.6,63,100.0,94.2,30.7
DVM_0149,PCC_029,2026-03-09,full_time,43,36.5,96,100.0,86.1,26.3
DVM_0149,PCC_029,2026-03-23,full_time,43,32.5,82,100.0,88.3,28.8
DVM_0149,PCC_029,2026-03-30,full_time,43,24.0,69,98.7,92.4,29.0
DVM_0149,PCC_029,2026-04-06,full_time,43,22.7,65,100.0,86.9,28.8
DVM_0149,PCC_029,2026-04-13,full_time,43,29.9,71,100.0,100.0,26.8
DVM_0149,PCC_029,2026-04-20,full_time,43,41.1,92,98.6,82.4,31.1
DVM_0149,PCC_029,2026-04-27,full_time,43,26.2,69,100.0,95.0,32.4
DVM_0150,PCC_029,2025-11-03,part_time,80,28.3,78,95.1,90.6,28.6
DVM_0150,PCC_029,2025-11-10,part_time,80,21.8,55,81.1,90.3,23.0
DVM_0150,PCC_029,2025-11-17,part_time,80,4.1,9,81.3,90.0,26.1
DVM_0150,PCC_029,2025-11-24,part_time,80,13.7,36,87.9,87.4,30.5
DVM_0150,PCC_029,2025-12-01,part_time,80,16.4,37,84.5,91.6,25.1
DVM_0150,PCC_029,2025-12-08,part_time,80,19.2,40,92.4,84.8,25.7
DVM_0150,PCC_029,2025-12-15,part_time,80,31.3,86,87.7,85.2,27.5
DVM_0150,PCC_029,2025-12-22,part_time,80,24.0,54,93.9,90.3,23.8
DVM_0150,PCC_029,2025-12-29,part_time,80,17.9,43,90.0,91.3,22.7
DVM_0150,PCC_029,2026-01-05,part_time,80,7.4,17,87.6,87.0,24.9
DVM_0150,PCC_029,2026-01-12,part_time,80,27.1,63,88.5,90.7,26.2
DVM_0150,PCC_029,2026-01-19,part_time,80,29.1,70,86.9,86.9,22.4
DVM_0150,PCC_029,2026-01-26,part_time,80,22.1,47,88.6,80.6,24.3
DVM_0150,PCC_029,2026-02-02,part_time,80,21.2,40,85.1,88.6,25.7
DVM_0150,PCC_029,2026-02-09,part_time,80,11.8,30,84.9,92.1,
DVM_0150,PCC_029,2026-02-16,part_time,80,22.1,61,92.1,92.7,21.6
DVM_0150,PCC_029,2026-02-23,PART_TIME,80,10.3,24,90.1,91.3,23.8
DVM_0150,PCC_029,2026-03-02,PART_TIME,80,12.4,30,84.9,83.2,26.3
DVM_0150,PCC_029,2026-03-09,part_time,80,13.5,33,82.1,93.8,27.0
DVM_0150,PCC_029,2026-03-16,part_time,80,18.3,42,93.1,85.6,28.2
DVM_0150,PCC_029,2026-03-23,part_time,80,18.8,44,93.8,84.0,25.7
DVM_0150,PCC_029,2026-03-30,part_time,80,27.4,46,89.0,86.7,24.0
DVM_0150,PCC_029,2026-04-06,part_time,80,20.9,47,83.1,96.9,26.9
DVM_0150,PCC_029,2026-04-13,part_time,80,4.7,10,84.0,81.9,26.8
DVM_0150,PCC_029,2026-04-20,part_time,80,12.5,31,86.5,85.7,28.0
DVM_0150,PCC_029,2026-04-27,part_time,80,19.1,49,88.8,78.7,26.4
DVM_0151,PCC_029,2025-11-03,part_time,59,16.7,35,80.8,91.9,24.1
DVM_0151,PCC_029,2025-11-10,part_time,59,13.0,37,80.5,94.2,20.8
DVM_0151,PCC_029,2025-11-17,part_time,59,17.4,45,76.4,97.4,20.4
DVM_0151,PCC_029,2025-12-01,part_time,59,25.9,76,79.2,93.9,17.2
DVM_0151,PCC_029,2025-12-08,part_time,59,21.3,55,73.0,97.5,15.8
DVM_0151,PCC_029,2025-12-15,part_time,59,16.4,46,67.4,96.4,23.7
DVM_0151,PCC_029,2025-12-22,part_time,59,15.7,34,75.5,97.8,17.2
DVM_0151,PCC_029,2025-12-29,part_time,59,26.2,76,79.6,100.0,14.5
DVM_0151,PCC_029,2026-01-05,part_time,59,16.2,38,77.7,98.1,18.9
DVM_0151,PCC_029,2026-01-12,part_time,59,29.4,77,72.9,88.0,22.1
DVM_0151,PCC_029,2026-01-19,part_time,59,19.5,39,68.0,92.8,20.2
DVM_0151,PCC_029,2026-01-26,part_time,59,23.9,76,79.8,88.9,19.6
DVM_0151,PCC_029,2026-02-02,part_time,59,22.5,55,67.7,100.0,20.3
DVM_0151,PCC_029,2026-02-09,PART_TIME,59,18.9,39,77.0,100.0,17.9
DVM_0151,PCC_029,2026-02-16,part_time,59,21.8,56,79.3,95.7,18.9
DVM_0151,PCC_029,2026-02-23,part_time,59,13.5,31,70.4,89.4,18.4
DVM_0151,PCC_029,2026-03-02,part_time,59,19.4,52,73.2,95.2,20.7
DVM_0151,PCC_029,2026-03-09,part_time,59,13.9,29,68.9,97.0,20.4
DVM_0151,PCC_029,2026-03-16,part_time,59,26.3,48,77.0,93.4,20.5
DVM_0151,PCC_029,2026-03-23,part_time,59,19.7,55,78.9,95.7,21.2
DVM_0151,PCC_029,2026-04-06,part_time,59,19.1,47,77.2,96.0,20.1
DVM_0151,PCC_029,2026-04-13,part_time,59,21.3,55,81.7,97.6,15.3
DVM_0151,PCC_029,2026-04-20,part_time,59,20.0,48,74.5,99.6,20.0
DVM_0151,PCC_029,2026-04-27,part_time,59,8.9,19,80.6,96.2,23.6
DVM_0152,PCC_029,2025-11-03,full_time,21,30.7,57,83.2,84.1,25.6
DVM_0152,PCC_029,2025-11-10,full_time,21,29.0,80,93.8,82.0,25.7
DVM_0152,PCC_029,2025-11-17,full_time,21,35.3,76,88.9,78.0,28.2
DVM_0152,PCC_029,2025-11-24,full_time,21,25.6,58,90.9,88.0,26.1
DVM_0152,PCC_029,2025-12-01,full_time,21,34.8,83,88.9,85.2,22.3
DVM_0152,PCC_029,2025-12-08,full_time,21,30.2,77,92.2,85.7,27.4
DVM_0152,PCC_029,2025-12-15,full_time,21,29.1,73,78.7,88.3,23.2
DVM_0152,PCC_029,2025-12-22,full_time,21,30.1,69,90.9,84.3,27.1
DVM_0152,PCC_029,2025-12-29,full_time,21,21.7,46,91.8,81.7,25.7
DVM_0152,PCC_029,2026-01-05,full_time,21,21.0,51,90.8,88.2,26.1
DVM_0152,PCC_029,2026-01-12,full_time,21,32.8,84,84.7,83.7,24.4
DVM_0152,PCC_029,2026-01-19,full_time,21,29.7,56,80.3,83.6,24.5
DVM_0152,PCC_029,2026-01-26,full_time,21,37.3,64,95.1,78.4,23.5
DVM_0152,PCC_029,2026-02-02,full_time,21,28.1,68,85.7,86.2,24.0
DVM_0152,PCC_029,2026-02-09,full_time,21,38.4,81,79.3,83.3,23.2
DVM_0152,PCC_029,2026-02-16,full_time,21,20.4,45,95.0,83.5,26.4
DVM_0152,PCC_029,2026-02-23,full_time,21,31.9,72,86.7,86.6,24.0
DVM_0152,PCC_029,2026-03-02,full_time,21,18.7,42,82.3,84.4,21.6
DVM_0152,PCC_029,2026-03-09,full_time,21,29.1,71,91.1,91.8,21.7
DVM_0152,PCC_029,2026-03-16,full_time,21,31.8,108,88.3,77.5,23.4
DVM_0152,PCC_029,2026-03-23,full_time,21,31.8,80,81.4,77.0,21.5
DVM_0152,PCC_029,2026-03-30,full_time,21,29.6,61,96.0,79.5,22.8
DVM_0152,PCC_029,2026-04-06,full_time,21,23.7,55,81.3,87.8,22.6
DVM_0152,PCC_029,2026-04-13,full_time,21,27.8,57,86.3,96.4,20.8
DVM_0152,PCC_029,2026-04-20,full_time,21,33.7,85,85.5,79.2,25.7
DVM_0152,PCC_029,2026-04-27,full_time,21,35.0,96,83.9,80.9,23.6
DVM_0153,PCC_030,2025-11-03,part_time,62,16.2,34,86.2,92.5,33.0
DVM_0153,PCC_030,2025-11-10,part_time,62,28.8,75,78.5,82.5,33.5
DVM_0153,PCC_030,2025-11-17,part_time,62,20.8,56,69.3,85.3,33.2
DVM_0153,PCC_030,2025-11-24,part_time,62,11.8,28,78.2,86.4,30.1
DVM_0153,PCC_030,2025-12-01,part_time,62,17.4,51,81.8,89.7,31.3
DVM_0153,PCC_030,2025-12-08,part_time,62,20.1,48,76.8,87.2,34.7
DVM_0153,PCC_030,2025-12-15,part_time,62,16.5,43,83.4,91.8,32.3
DVM_0153,PCC_030,2025-12-22,part_time,62,22.0,52,87.1,92.5,35.8
DVM_0153,PCC_030,2025-12-29,part_time,62,14.3,40,79.8,86.0,31.9
DVM_0153,PCC_030,2026-01-05,part_time,62,25.9,72,81.8,91.3,37.0
DVM_0153,PCC_030,2026-01-19,part_time,62,17.3,52,81.0,89.3,34.3
DVM_0153,PCC_030,2026-01-26,part_time,62,14.3,29,78.2,93.0,34.9
DVM_0153,PCC_030,2026-02-02,part_time,62,13.6,40,78.2,91.6,32.3
DVM_0153,PCC_030,2026-02-09,part_time,62,14.4,41,75.3,84.3,33.9
DVM_0153,PCC_030,2026-02-16,part_time,62,13.2,33,75.9,85.3,30.3
DVM_0153,PCC_030,2026-02-23,part_time,62,10.2,27,82.6,89.9,34.0
DVM_0153,PCC_030,2026-03-02,part_time,62,11.0,29,66.0,89.9,32.6
DVM_0153,PCC_030,2026-03-23,part_time,62,19.8,51,76.1,91.5,34.7
DVM_0153,PCC_030,2026-03-30,part_time,62,17.6,44,77.5,88.7,28.2
DVM_0153,PCC_030,2026-04-06,part_time,62,19.1,55,71.6,88.0,29.3
DVM_0153,PCC_030,2026-04-13,part_time,62,24.2,66,79.9,89.4,28.7
DVM_0153,PCC_030,2026-04-20,part_time,62,18.0,36,81.1,89.0,30.8
DVM_0153,PCC_030,2026-04-27,part_time,62,21.4,50,76.3,89.1,34.3
DVM_0154,PCC_030,2025-11-03,full_time,82,28.6,63,72.6,92.5,28.2
DVM_0154,PCC_030,2025-11-10,full_time,82,37.3,95,80.1,85.9,24.7
DVM_0154,PCC_030,2025-11-17,full_time,82,29.5,74,78.0,87.7,26.1
DVM_0154,PCC_030,2025-11-24,full_time,82,30.9,73,80.0,88.6,25.1
DVM_0154,PCC_030,2025-12-01,full_time,82,33.3,82,82.0,90.4,26.8
DVM_0154,PCC_030,2025-12-15,full_time,82,41.3,101,77.0,85.0,23.7
DVM_0154,PCC_030,2025-12-22,full_time,82,33.5,98,75.3,93.1,29.2
DVM_0154,PCC_030,2025-12-29,full_time,82,29.3,96,81.1,83.0,23.5
DVM_0154,PCC_030,2026-01-05,full_time,82,36.1,77,78.2,95.7,22.9
DVM_0154,PCC_030,2026-01-19,full_time,82,35.8,87,77.6,95.3,28.5
DVM_0154,PCC_030,2026-01-26,full_time,82,26.7,84,77.5,91.6,27.3
DVM_0154,PCC_030,2026-02-02,full_time,82,25.4,57,74.8,87.3,25.7
DVM_0154,PCC_030,2026-02-09,full_time,82,31.8,72,83.6,91.2,29.5
DVM_0154,PCC_030,2026-02-16,full_time,82,36.6,119,73.3,88.5,24.5
DVM_0154,PCC_030,2026-02-23,full_time,82,25.4,71,80.3,99.3,27.3
DVM_0154,PCC_030,2026-03-02,full_time,82,29.1,62,79.6,88.0,25.4
DVM_0154,PCC_030,2026-03-09,full_time,82,34.1,92,76.9,89.3,23.7
DVM_0154,PCC_030,2026-03-16,full_time,82,25.2,69,82.4,84.8,23.1
DVM_0154,PCC_030,2026-03-23,full_time,82,29.2,73,86.7,88.9,26.6
DVM_0154,PCC_030,2026-03-30,full_time,82,25.7,74,82.2,88.9,26.0
DVM_0154,PCC_030,2026-04-06,full_time,82,33.5,78,82.4,82.3,26.4
DVM_0154,PCC_030,2026-04-13,full_time,82,37.4,115,80.4,93.7,26.2
DVM_0154,PCC_030,2026-04-27,full_time,82,30.4,79,80.0,84.9,27.5
DVM_0155,PCC_030,2025-11-03,full_time,43,30.3,80,75.7,93.2,23.6
DVM_0155,PCC_030,2025-11-10,full_time,43,27.2,69,78.4,95.2,28.8
DVM_0155,PCC_030,2025-11-17,full_time,43,39.2,120,73.4,98.2,25.3
DVM_0155,PCC_030,2025-11-24,full_time,43,26.7,65,88.7,95.2,27.8
DVM_0155,PCC_030,2025-12-01,full_time,43,28.9,65,75.1,97.4,23.8
DVM_0155,PCC_030,2025-12-08,full_time,43,27.7,78,78.0,98.7,28.5
DVM_0155,PCC_030,2025-12-15,full_time,43,32.8,92,81.8,91.3,26.3
DVM_0155,PCC_030,2025-12-22,full_time,43,26.1,64,76.6,88.0,27.4
DVM_0155,PCC_030,2025-12-29,FULL_TIME,43,24.6,65,74.8,95.3,24.8
DVM_0155,PCC_030,2026-01-12,full_time,43,27.6,68,75.7,97.3,20.6
DVM_0155,PCC_030,2026-01-26,full_time,43,34.9,98,72.8,95.4,23.0
DVM_0155,PCC_030,2026-02-02,full_time,43,38.6,114,78.4,97.9,25.0
DVM_0155,PCC_030,2026-02-09,full_time,43,35.7,98,75.8,92.6,27.8
DVM_0155,PCC_030,2026-02-16,full_time,43,24.8,70,69.9,88.5,26.2
DVM_0155,PCC_030,2026-02-23,full_time,43,29.4,69,82.2,95.9,29.2
DVM_0155,PCC_030,2026-03-02,full_time,43,28.9,82,78.2,95.4,27.3
DVM_0155,PCC_030,2026-03-09,full_time,43,38.9,110,70.9,95.4,25.5
DVM_0155,PCC_030,2026-03-16,full_time,43,36.2,98,75.8,88.0,25.4
DVM_0155,PCC_030,2026-03-23,full_time,43,36.5,102,79.9,88.6,22.6
DVM_0155,PCC_030,2026-03-30,full_time,43,34.4,75,74.7,92.8,25.5
DVM_0155,PCC_030,2026-04-13,full_time,43,34.2,81,81.8,92.8,28.8
DVM_0155,PCC_030,2026-04-20,FULL_TIME,43,27.1,67,73.7,94.2,25.9
DVM_0155,PCC_030,2026-04-27,full_time,43,41.9,104,76.3,94.5,26.4
DVM_0156,PCC_030,2025-11-03,full_time,32,27.0,78,92.9,98.2,26.7
DVM_0156,PCC_030,2025-11-10,full_time,32,33.8,74,83.3,96.8,26.8
DVM_0156,PCC_030,2025-11-17,full_time,32,29.3,59,83.3,100.0,30.0
DVM_0156,PCC_030,2025-11-24,full_time,32,40.0,118,90.6,92.3,28.4
DVM_0156,PCC_030,2025-12-08,full_time,32,29.3,74,95.0,97.8,25.9
DVM_0156,PCC_030,2025-12-15,FULL_TIME,32,36.6,102,86.2,92.7,28.1
DVM_0156,PCC_030,2025-12-22,full_time,32,27.1,74,88.8,100.0,26.2
DVM_0156,PCC_030,2025-12-29,full_time,32,24.1,53,86.1,96.5,23.4
DVM_0156,PCC_030,2026-01-05,full_time,32,34.9,116,84.1,90.5,26.2
DVM_0156,PCC_030,2026-01-12,full_time,32,39.5,103,89.9,95.5,27.4
DVM_0156,PCC_030,2026-01-19,full_time,32,22.4,71,84.7,92.3,27.2
DVM_0156,PCC_030,2026-01-26,full_time,32,34.1,88,87.8,87.9,28.5
DVM_0156,PCC_030,2026-02-02,full_time,32,20.5,63,90.6,100.0,27.0
DVM_0156,PCC_030,2026-02-09,full_time,32,34.8,85,82.8,91.4,25.3
DVM_0156,PCC_030,2026-02-16,full_time,32,28.7,67,86.1,90.8,24.6
DVM_0156,PCC_030,2026-02-23,full_time,32,21.8,62,95.7,94.0,25.4
DVM_0156,PCC_030,2026-03-02,full_time,32,26.9,63,86.4,100.0,27.4
DVM_0156,PCC_030,2026-03-09,full_time,32,31.2,67,85.1,94.5,30.4
DVM_0156,PCC_030,2026-03-16,full_time,32,23.9,66,82.3,94.0,26.2
DVM_0156,PCC_030,2026-03-23,full_time,32,33.4,90,83.1,90.0,26.9
DVM_0156,PCC_030,2026-03-30,full_time,32,31.8,76,88.1,96.3,27.6
DVM_0156,PCC_030,2026-04-06,full_time,32,29.8,68,85.2,95.4,29.9
DVM_0156,PCC_030,2026-04-13,full_time,32,42.0,85,85.7,100.0,27.5
DVM_0156,PCC_030,2026-04-20,full_time,32,40.1,96,82.4,92.7,23.1
DVM_0156,PCC_030,2026-04-27,full_time,32,26.8,72,89.9,96.1,30.7
DVM_0157,PCC_030,2025-11-03,FULL_TIME,14,32.6,90,85.6,87.9,27.0
DVM_0157,PCC_030,2025-11-10,full_time,14,31.7,72,80.7,94.2,22.3
DVM_0157,PCC_030,2025-11-17,full_time,14,36.1,87,80.5,94.3,29.2
DVM_0157,PCC_030,2025-12-01,FULL_TIME,14,32.6,86,87.9,82.1,24.6
DVM_0157,PCC_030,2025-12-08,full_time,14,34.4,72,80.7,97.2,21.4
DVM_0157,PCC_030,2025-12-15,full_time,14,27.0,68,85.1,95.3,27.2
DVM_0157,PCC_030,2025-12-22,full_time,14,32.0,84,80.2,97.0,27.9
DVM_0157,PCC_030,2025-12-29,full_time,14,22.8,56,75.3,95.6,29.4
DVM_0157,PCC_030,2026-01-05,full_time,14,30.8,96,79.7,91.4,18.9
DVM_0157,PCC_030,2026-01-12,full_time,14,35.5,97,82.8,89.0,27.3
DVM_0157,PCC_030,2026-01-19,full_time,14,26.7,82,95.1,85.2,21.6
DVM_0157,PCC_030,2026-01-26,full_time,14,30.3,80,84.3,88.5,21.7
DVM_0157,PCC_030,2026-02-09,full_time,14,27.7,84,86.4,88.8,23.0
DVM_0157,PCC_030,2026-02-16,full_time,14,27.5,69,83.3,91.7,28.5
DVM_0157,PCC_030,2026-02-23,full_time,14,28.0,83,89.6,91.6,26.2
DVM_0157,PCC_030,2026-03-02,full_time,14,30.3,92,75.1,98.0,25.3
DVM_0157,PCC_030,2026-03-09,full_time,14,31.1,94,84.0,88.8,25.5
DVM_0157,PCC_030,2026-03-16,full_time,14,40.2,107,88.9,96.2,26.2
DVM_0157,PCC_030,2026-03-23,full_time,14,22.8,50,82.9,94.0,24.8
DVM_0157,PCC_030,2026-03-30,full_time,14,40.3,79,76.2,92.5,26.5
DVM_0157,PCC_030,2026-04-06,full_time,14,31.1,85,85.8,92.8,24.0
DVM_0157,PCC_030,2026-04-13,full_time,14,28.6,67,80.9,86.9,24.8
DVM_0157,PCC_030,2026-04-20,full_time,14,35.7,91,82.3,89.6,24.4
DVM_0157,PCC_030,2026-04-27,full_time,14,25.1,71,89.3,100.0,26.8
DVM_0158,PCC_030,2025-11-03,RELIEF,40,14.9,37,77.1,97.3,19.1
DVM_0158,PCC_030,2025-11-10,relief,40,12.5,31,80.2,94.1,21.3
DVM_0158,PCC_030,2025-11-17,relief,40,32.5,71,77.9,88.1,24.9
DVM_0158,PCC_030,2025-11-24,relief,40,13.6,40,83.5,90.5,23.2
DVM_0158,PCC_030,2025-12-01,relief,40,9.6,23,87.2,90.9,20.4
DVM_0158,PCC_030,2025-12-08,relief,40,29.3,63,73.4,91.1,21.2
DVM_0158,PCC_030,2025-12-15,relief,40,25.6,77,81.6,83.5,22.5
DVM_0158,PCC_030,2025-12-29,relief,40,19.5,56,82.9,91.4,21.5
DVM_0158,PCC_030,2026-01-05,relief,40,21.3,63,79.8,89.7,
DVM_0158,PCC_030,2026-01-12,relief,40,12.9,35,83.6,89.5,19.6
DVM_0158,PCC_030,2026-01-19,relief,40,15.6,47,74.6,95.9,21.1
DVM_0158,PCC_030,2026-01-26,RELIEF,40,12.4,35,79.2,89.3,20.1
DVM_0158,PCC_030,2026-02-02,relief,40,12.9,36,82.9,91.4,22.9
DVM_0158,PCC_030,2026-02-09,relief,40,19.0,51,79.6,86.7,25.7
DVM_0158,PCC_030,2026-02-16,relief,40,19.5,52,77.7,84.7,25.2
DVM_0158,PCC_030,2026-02-23,relief,40,12.2,37,79.7,86.8,20.5
DVM_0158,PCC_030,2026-03-02,relief,40,30.4,78,83.4,92.4,21.7
DVM_0158,PCC_030,2026-03-09,relief,40,13.0,29,81.7,80.6,22.7
DVM_0158,PCC_030,2026-03-16,relief,40,17.8,49,79.6,87.9,20.0
DVM_0158,PCC_030,2026-03-30,relief,40,17.4,47,88.0,88.3,19.9
DVM_0158,PCC_030,2026-04-06,relief,40,11.3,31,81.7,85.3,20.3
DVM_0158,PCC_030,2026-04-13,relief,40,17.7,44,81.4,87.8,21.8
DVM_0158,PCC_030,2026-04-20,relief,40,15.7,38,88.4,99.5,19.8
DVM_0158,PCC_030,2026-04-27,relief,40,13.4,36,74.8,92.1,21.8
DVM_0159,PCC_031,2025-11-03,full_time,2,41.0,108,79.0,77.4,34.4
DVM_0159,PCC_031,2025-11-10,full_time,2,27.6,52,79.5,87.4,34.1
DVM_0159,PCC_031,2025-11-17,full_time,2,32.2,69,79.4,85.7,29.8
DVM_0159,PCC_031,2025-11-24,full_time,2,38.4,99,70.3,84.1,34.2
DVM_0159,PCC_031,2025-12-01,full_time,2,37.1,94,87.9,89.3,30.2
DVM_0159,PCC_031,2025-12-08,full_time,2,29.8,55,92.8,90.8,33.2
DVM_0159,PCC_031,2025-12-15,full_time,2,34.8,67,92.6,87.6,31.1
DVM_0159,PCC_031,2025-12-29,full_time,2,29.4,55,86.3,83.2,37.5
DVM_0159,PCC_031,2026-01-05,full_time,2,30.0,82,84.6,81.2,35.1
DVM_0159,PCC_031,2026-01-12,full_time,2,30.0,62,79.6,75.2,32.1
DVM_0159,PCC_031,2026-02-09,full_time,2,37.9,87,77.4,85.8,30.6
DVM_0159,PCC_031,2026-02-16,full_time,2,26.0,58,92.1,82.5,33.3
DVM_0159,PCC_031,2026-02-23,full_time,2,25.4,66,78.5,84.8,29.8
DVM_0159,PCC_031,2026-03-02,FULL_TIME,2,27.5,49,88.8,82.8,35.1
DVM_0159,PCC_031,2026-03-16,full_time,2,35.9,99,77.2,84.4,35.3
DVM_0159,PCC_031,2026-03-23,full_time,2,24.2,41,83.0,82.2,30.7
DVM_0159,PCC_031,2026-03-30,full_time,2,38.4,75,77.3,89.9,34.9
DVM_0159,PCC_031,2026-04-06,full_time,2,26.9,62,80.7,80.9,35.3
DVM_0159,PCC_031,2026-04-13,full_time,2,35.2,88,82.6,81.8,34.7
DVM_0159,PCC_031,2026-04-20,full_time,2,27.0,65,84.7,85.7,34.2
DVM_0159,PCC_031,2026-04-27,full_time,2,31.8,64,89.2,88.7,33.5
DVM_0160,PCC_031,2025-11-03,relief,32,17.7,44,76.1,91.8,23.2
DVM_0160,PCC_031,2025-11-10,relief,32,18.6,48,84.8,79.9,24.4
DVM_0160,PCC_031,2025-11-17,relief,32,17.7,37,77.3,81.9,
DVM_0160,PCC_031,2025-11-24,relief,32,15.5,38,75.9,83.3,21.9
DVM_0160,PCC_031,2025-12-01,relief,32,21.7,57,72.8,84.4,20.6
DVM_0160,PCC_031,2025-12-08,relief,32,18.1,46,81.2,87.2,26.7
DVM_0160,PCC_031,2025-12-22,relief,32,5.1,10,87.0,89.0,22.6
DVM_0160,PCC_031,2025-12-29,relief,32,18.8,42,80.2,81.4,22.6
DVM_0160,PCC_031,2026-01-05,relief,32,24.6,63,82.3,74.6,24.1
DVM_0160,PCC_031,2026-01-12,relief,32,17.9,37,72.2,83.4,24.2
DVM_0160,PCC_031,2026-01-19,RELIEF,32,18.7,41,77.7,78.9,22.5
DVM_0160,PCC_031,2026-01-26,relief,32,28.5,67,86.0,89.7,24.5
DVM_0160,PCC_031,2026-02-09,relief,32,16.6,38,81.8,100.0,20.0
DVM_0160,PCC_031,2026-02-16,relief,32,16.2,39,76.7,89.0,26.0
DVM_0160,PCC_031,2026-02-23,relief,32,18.7,46,78.3,87.5,22.5
DVM_0160,PCC_031,2026-03-02,relief,32,17.7,36,87.1,81.6,27.0
DVM_0160,PCC_031,2026-03-09,relief,32,18.0,40,88.4,83.6,22.4
DVM_0160,PCC_031,2026-03-16,relief,32,18.4,33,72.1,92.8,18.9
DVM_0160,PCC_031,2026-03-23,RELIEF,32,13.9,31,86.8,81.0,28.1
DVM_0160,PCC_031,2026-03-30,relief,32,20.4,41,85.2,86.4,22.7
DVM_0160,PCC_031,2026-04-06,relief,32,5.5,13,86.0,86.0,20.0
DVM_0160,PCC_031,2026-04-13,relief,32,15.2,38,86.9,96.5,26.0
DVM_0160,PCC_031,2026-04-20,relief,32,6.3,16,77.9,77.1,21.5
DVM_0160,PCC_031,2026-04-27,relief,32,14.7,31,83.6,78.9,24.0
DVM_0161,PCC_031,2025-11-03,full_time,38,15.7,40,90.2,80.0,31.7
DVM_0161,PCC_031,2025-11-10,full_time,38,29.3,79,81.5,82.3,28.1
DVM_0161,PCC_031,2025-11-17,full_time,38,30.0,76,80.4,70.4,29.1
DVM_0161,PCC_031,2025-11-24,full_time,38,30.3,68,87.9,78.6,28.2
DVM_0161,PCC_031,2025-12-01,full_time,38,26.6,56,78.2,81.7,28.5
DVM_0161,PCC_031,2025-12-08,full_time,38,28.6,70,91.0,75.2,32.1
DVM_0161,PCC_031,2025-12-15,full_time,38,25.6,62,87.6,73.3,31.6
DVM_0161,PCC_031,2025-12-22,full_time,38,31.1,63,86.9,85.3,33.3
DVM_0161,PCC_031,2025-12-29,full_time,38,32.4,56,85.9,74.6,29.0
DVM_0161,PCC_031,2026-01-05,full_time,38,27.7,61,91.2,76.5,28.6
DVM_0161,PCC_031,2026-01-19,full_time,38,40.3,102,81.4,77.1,28.9
DVM_0161,PCC_031,2026-02-02,full_time,38,29.8,62,76.2,75.8,31.5
DVM_0161,PCC_031,2026-02-09,full_time,38,22.7,44,91.4,75.4,32.3
DVM_0161,PCC_031,2026-02-16,full_time,38,41.2,93,85.8,67.9,29.4
DVM_0161,PCC_031,2026-02-23,full_time,38,38.4,105,87.9,76.4,27.3
DVM_0161,PCC_031,2026-03-02,full_time,38,39.8,92,88.1,81.1,31.0
DVM_0161,PCC_031,2026-03-09,full_time,38,22.2,57,81.3,69.9,33.0
DVM_0161,PCC_031,2026-03-16,full_time,38,32.8,85,81.0,74.8,
DVM_0161,PCC_031,2026-03-23,full_time,38,41.2,100,85.8,76.6,26.1
DVM_0161,PCC_031,2026-03-30,full_time,38,43.4,103,91.9,77.5,30.1
DVM_0161,PCC_031,2026-04-06,full_time,38,28.2,67,77.0,78.3,28.7
DVM_0161,PCC_031,2026-04-13,full_time,38,41.0,101,81.8,71.2,27.2
DVM_0161,PCC_031,2026-04-20,full_time,38,33.1,77,93.6,69.1,26.8
DVM_0161,PCC_031,2026-04-27,full_time,38,44.0,86,85.3,74.5,31.7
DVM_0162,PCC_031,2025-11-03,full_time,32,23.2,60,95.1,87.1,21.8
DVM_0162,PCC_031,2025-11-17,full_time,32,34.4,66,92.2,89.0,22.1
DVM_0162,PCC_031,2025-11-24,full_time,32,40.3,74,95.5,88.8,20.3
DVM_0162,PCC_031,2025-12-01,full_time,32,39.4,102,95.6,86.7,19.5
DVM_0162,PCC_031,2025-12-08,full_time,32,25.9,71,94.7,89.8,21.5
DVM_0162,PCC_031,2025-12-15,full_time,32,27.0,48,94.4,84.9,22.9
DVM_0162,PCC_031,2025-12-22,full_time,32,29.3,51,92.7,89.5,22.4
DVM_0162,PCC_031,2025-12-29,full_time,32,30.5,67,93.2,89.9,25.3
DVM_0162,PCC_031,2026-01-05,full_time,32,32.1,61,96.6,94.4,21.6
DVM_0162,PCC_031,2026-01-12,FULL_TIME,32,36.4,61,92.0,87.3,19.3
DVM_0162,PCC_031,2026-01-19,FULL_TIME,32,29.2,57,99.8,94.1,23.8
DVM_0162,PCC_031,2026-01-26,full_time,32,37.2,83,97.7,79.1,21.1
DVM_0162,PCC_031,2026-02-09,full_time,32,34.7,62,93.4,81.2,21.9
DVM_0162,PCC_031,2026-02-16,full_time,32,35.9,67,93.9,93.5,25.8
DVM_0162,PCC_031,2026-03-02,full_time,32,34.9,87,99.3,86.8,20.6
DVM_0162,PCC_031,2026-03-09,full_time,32,26.3,79,93.2,86.3,20.4
DVM_0162,PCC_031,2026-03-16,full_time,32,35.6,91,100.0,90.0,20.3
DVM_0162,PCC_031,2026-03-23,full_time,32,29.6,68,90.5,86.7,20.9
DVM_0162,PCC_031,2026-03-30,full_time,32,27.2,69,92.0,82.0,24.1
DVM_0162,PCC_031,2026-04-13,full_time,32,35.9,85,97.2,86.4,26.0
DVM_0162,PCC_031,2026-04-20,full_time,32,30.6,81,88.2,98.1,27.7
DVM_0162,PCC_031,2026-04-27,full_time,32,37.2,81,94.5,84.8,18.5
DVM_0163,PCC_032,2025-11-03,part_time,65,10.5,33,82.2,95.4,28.0
DVM_0163,PCC_032,2025-11-10,PART_TIME,65,14.1,41,80.0,85.3,26.0
DVM_0163,PCC_032,2025-11-17,part_time,65,8.9,24,73.7,88.0,
DVM_0163,PCC_032,2025-11-24,part_time,65,23.4,89,77.3,83.1,24.4
DVM_0163,PCC_032,2025-12-01,part_time,65,18.4,53,81.6,85.3,24.7
DVM_0163,PCC_032,2025-12-08,part_time,65,15.4,47,77.0,88.3,28.5
DVM_0163,PCC_032,2025-12-22,part_time,65,7.5,21,81.8,87.2,27.7
DVM_0163,PCC_032,2025-12-29,part_time,65,21.8,63,77.1,83.9,27.3
DVM_0163,PCC_032,2026-01-05,part_time,65,22.1,66,83.1,93.4,26.7
DVM_0163,PCC_032,2026-01-19,part_time,65,13.8,44,72.5,81.3,28.3
DVM_0163,PCC_032,2026-02-09,part_time,65,20.7,63,76.4,86.8,29.1
DVM_0163,PCC_032,2026-02-16,part_time,65,25.0,72,77.1,80.9,24.4
DVM_0163,PCC_032,2026-02-23,part_time,65,17.0,51,78.8,82.8,25.9
DVM_0163,PCC_032,2026-03-02,part_time,65,6.9,20,74.3,88.8,
DVM_0163,PCC_032,2026-03-09,part_time,65,24.0,66,78.4,87.6,27.8
DVM_0163,PCC_032,2026-03-16,part_time,65,18.7,51,81.7,84.9,23.5
DVM_0163,PCC_032,2026-03-23,PART_TIME,65,12.6,33,80.3,89.4,25.6
DVM_0163,PCC_032,2026-03-30,part_time,65,26.0,81,71.4,86.3,28.7
DVM_0163,PCC_032,2026-04-06,part_time,65,14.4,47,76.1,87.0,25.2
DVM_0163,PCC_032,2026-04-13,part_time,65,12.4,34,73.9,85.3,25.7
DVM_0163,PCC_032,2026-04-20,part_time,65,24.2,55,80.1,80.4,26.1
DVM_0163,PCC_032,2026-04-27,part_time,65,12.2,34,80.4,84.4,24.3
DVM_0164,PCC_032,2025-11-03,full_time,56,48.0,138,91.2,100.0,28.6
DVM_0164,PCC_032,2025-11-10,full_time,56,24.4,81,97.6,100.0,29.2
DVM_0164,PCC_032,2025-11-17,full_time,56,36.7,109,95.1,100.0,28.3
DVM_0164,PCC_032,2025-11-24,full_time,56,31.7,95,94.5,99.6,26.1
DVM_0164,PCC_032,2025-12-01,full_time,56,29.4,98,94.3,98.2,25.2
DVM_0164,PCC_032,2025-12-08,full_time,56,21.8,62,86.4,100.0,26.3
DVM_0164,PCC_032,2025-12-15,full_time,56,30.2,92,92.8,97.3,29.7
DVM_0164,PCC_032,2025-12-22,full_time,56,37.0,111,90.9,99.0,28.3
DVM_0164,PCC_032,2025-12-29,full_time,56,36.4,102,89.9,97.2,30.6
DVM_0164,PCC_032,2026-01-05,full_time,56,39.3,104,90.4,95.9,26.2
DVM_0164,PCC_032,2026-01-12,full_time,56,31.7,99,92.7,100.0,
DVM_0164,PCC_032,2026-01-19,full_time,56,31.3,101,89.5,97.3,27.1
DVM_0164,PCC_032,2026-01-26,full_time,56,24.3,71,93.0,100.0,25.1
DVM_0164,PCC_032,2026-02-02,full_time,56,17.5,53,88.2,97.5,27.8
DVM_0164,PCC_032,2026-02-09,full_time,56,26.1,69,94.9,96.9,25.2
DVM_0164,PCC_032,2026-02-16,full_time,56,33.4,92,96.8,94.2,32.4
DVM_0164,PCC_032,2026-02-23,FULL_TIME,56,24.8,70,87.0,100.0,27.0
DVM_0164,PCC_032,2026-03-02,full_time,56,30.6,84,87.9,97.7,28.6
DVM_0164,PCC_032,2026-03-09,full_time,56,41.4,112,100.0,98.0,26.5
DVM_0164,PCC_032,2026-03-16,full_time,56,37.7,119,97.1,100.0,27.2
DVM_0164,PCC_032,2026-03-30,full_time,56,32.0,93,92.8,100.0,24.4
DVM_0164,PCC_032,2026-04-06,FULL_TIME,56,33.0,88,96.2,100.0,29.5
DVM_0164,PCC_032,2026-04-13,full_time,56,26.7,70,88.8,94.4,26.4
DVM_0164,PCC_032,2026-04-20,full_time,56,42.0,113,95.3,93.9,31.3
DVM_0164,PCC_032,2026-04-27,full_time,56,30.7,93,91.9,99.4,29.9
DVM_0165,PCC_032,2025-11-03,relief,22,12.4,36,85.7,88.8,
DVM_0165,PCC_032,2025-11-10,relief,22,18.6,54,93.0,86.3,31.0
DVM_0165,PCC_032,2025-11-17,relief,22,20.9,59,89.8,94.8,28.9
DVM_0165,PCC_032,2025-11-24,relief,22,19.2,54,92.7,88.2,27.6
DVM_0165,PCC_032,2025-12-01,relief,22,13.3,36,95.5,87.6,32.4
DVM_0165,PCC_032,2025-12-08,relief,22,14.2,38,91.7,91.1,32.3
DVM_0165,PCC_032,2025-12-22,relief,22,15.8,48,98.4,89.2,29.3
DVM_0165,PCC_032,2025-12-29,relief,22,19.5,57,80.6,80.9,29.4
DVM_0165,PCC_032,2026-01-05,relief,22,26.7,81,85.6,89.8,29.3
DVM_0165,PCC_032,2026-01-12,relief,22,23.7,63,90.8,87.7,29.1
DVM_0165,PCC_032,2026-01-26,relief,22,20.8,57,75.3,87.5,29.8
DVM_0165,PCC_032,2026-02-02,relief,22,24.4,74,94.8,90.8,29.7
DVM_0165,PCC_032,2026-02-09,relief,22,21.8,63,87.8,84.7,30.0
DVM_0165,PCC_032,2026-02-16,relief,22,11.4,31,85.6,87.8,27.9
DVM_0165,PCC_032,2026-03-02,relief,22,18.0,45,95.0,85.9,
DVM_0165,PCC_032,2026-03-09,relief,22,19.3,56,91.9,92.2,30.1
DVM_0165,PCC_032,2026-03-16,relief,22,32.2,80,92.2,88.6,29.6
DVM_0165,PCC_032,2026-03-30,relief,22,21.9,63,88.9,93.6,30.0
DVM_0165,PCC_032,2026-04-06,relief,22,21.3,52,85.6,90.1,24.5
DVM_0165,PCC_032,2026-04-13,relief,22,18.1,52,88.4,86.5,28.6
DVM_0165,PCC_032,2026-04-20,relief,22,16.9,49,85.3,94.8,30.5
DVM_0165,PCC_032,2026-04-27,relief,22,12.8,33,95.5,81.2,30.3
DVM_0166,PCC_032,2025-11-03,full_time,88,26.3,71,88.3,87.8,22.8
DVM_0166,PCC_032,2025-11-10,full_time,88,32.6,103,91.2,86.5,24.0
DVM_0166,PCC_032,2025-11-17,full_time,88,29.0,80,88.0,91.7,18.4
DVM_0166,PCC_032,2025-11-24,full_time,88,35.5,83,92.9,94.7,21.4
DVM_0166,PCC_032,2025-12-01,full_time,88,36.6,116,83.1,85.1,19.2
DVM_0166,PCC_032,2025-12-08,full_time,88,24.4,61,95.9,84.9,21.6
DVM_0166,PCC_032,2025-12-15,full_time,88,37.8,112,93.2,81.0,18.6
DVM_0166,PCC_032,2025-12-22,full_time,88,27.3,81,93.7,87.9,19.6
DVM_0166,PCC_032,2025-12-29,full_time,88,27.5,79,92.9,87.1,16.4
DVM_0166,PCC_032,2026-01-05,full_time,88,31.3,89,86.0,84.3,23.0
DVM_0166,PCC_032,2026-01-12,full_time,88,34.8,99,81.7,88.4,23.1
DVM_0166,PCC_032,2026-01-26,full_time,88,37.7,128,84.8,85.5,19.6
DVM_0166,PCC_032,2026-02-02,full_time,88,42.2,130,86.9,89.0,19.5
DVM_0166,PCC_032,2026-02-09,full_time,88,29.5,79,88.5,86.4,18.9
DVM_0166,PCC_032,2026-02-16,full_time,88,32.2,82,93.1,95.5,20.8
DVM_0166,PCC_032,2026-02-23,full_time,88,37.6,109,95.8,86.9,19.8
DVM_0166,PCC_032,2026-03-02,full_time,88,26.7,78,87.4,87.3,23.6
DVM_0166,PCC_032,2026-03-09,full_time,88,35.2,116,88.5,88.7,23.2
DVM_0166,PCC_032,2026-03-16,full_time,88,33.6,91,83.6,90.6,18.5
DVM_0166,PCC_032,2026-03-23,full_time,88,27.0,68,94.6,87.4,18.2
DVM_0166,PCC_032,2026-03-30,full_time,88,37.2,101,92.3,93.9,23.0
DVM_0166,PCC_032,2026-04-06,FULL_TIME,88,33.7,93,93.1,89.5,22.1
DVM_0166,PCC_032,2026-04-13,full_time,88,37.5,89,91.5,92.0,21.8
DVM_0166,PCC_032,2026-04-20,full_time,88,30.3,82,91.9,88.1,24.7
DVM_0166,PCC_032,2026-04-27,full_time,88,30.6,88,94.2,95.4,22.9
DVM_0167,PCC_032,2025-11-03,full_time,69,41.6,114,85.0,93.8,35.2
DVM_0167,PCC_032,2025-11-10,full_time,69,24.7,54,82.4,92.9,29.8
DVM_0167,PCC_032,2025-11-17,full_time,69,29.4,94,88.6,100.0,35.2
DVM_0167,PCC_032,2025-11-24,full_time,69,39.4,96,80.0,98.3,35.8
DVM_0167,PCC_032,2025-12-01,full_time,69,25.7,66,83.0,94.8,27.0
DVM_0167,PCC_032,2025-12-08,FULL_TIME,69,28.0,75,90.4,100.0,31.1
DVM_0167,PCC_032,2025-12-15,full_time,69,24.3,78,89.3,90.7,34.1
DVM_0167,PCC_032,2025-12-22,full_time,69,37.9,131,84.5,99.1,31.3
DVM_0167,PCC_032,2025-12-29,full_time,69,34.1,95,86.7,94.0,34.5
DVM_0167,PCC_032,2026-01-05,full_time,69,29.3,91,78.5,90.2,29.1
DVM_0167,PCC_032,2026-01-12,full_time,69,34.0,101,87.6,95.4,30.8
DVM_0167,PCC_032,2026-01-19,full_time,69,34.5,102,82.2,100.0,32.9
DVM_0167,PCC_032,2026-01-26,full_time,69,25.5,70,90.2,100.0,30.1
DVM_0167,PCC_032,2026-02-02,full_time,69,30.0,90,86.8,100.0,33.5
DVM_0167,PCC_032,2026-02-09,full_time,69,34.5,94,82.4,99.2,34.1
DVM_0167,PCC_032,2026-02-16,full_time,69,34.1,110,78.4,97.0,32.5
DVM_0167,PCC_032,2026-03-02,full_time,69,39.4,128,76.8,95.6,33.7
DVM_0167,PCC_032,2026-03-09,full_time,69,38.8,90,85.2,97.7,33.4
DVM_0167,PCC_032,2026-03-16,full_time,69,34.2,91,88.0,99.3,31.3
DVM_0167,PCC_032,2026-03-23,full_time,69,25.1,76,77.3,95.1,
DVM_0167,PCC_032,2026-03-30,full_time,69,25.1,76,87.2,96.1,36.4
DVM_0167,PCC_032,2026-04-06,full_time,69,26.0,75,86.5,93.8,31.7
DVM_0167,PCC_032,2026-04-13,full_time,69,41.4,125,74.2,96.3,29.6
DVM_0167,PCC_032,2026-04-20,full_time,69,28.9,91,79.5,92.4,30.9
DVM_0167,PCC_032,2026-04-27,full_time,69,24.1,58,86.3,94.6,31.8
DVM_0168,PCC_033,2025-11-03,full_time,2,34.5,95,76.3,95.6,32.6
DVM_0168,PCC_033,2025-11-10,full_time,2,24.7,78,79.9,87.4,29.3
DVM_0168,PCC_033,2025-11-17,full_time,2,30.9,91,75.3,98.9,33.9
DVM_0168,PCC_033,2025-11-24,FULL_TIME,2,32.7,78,70.6,99.3,34.8
DVM_0168,PCC_033,2025-12-01,full_time,2,37.6,101,80.9,96.1,28.7
DVM_0168,PCC_033,2025-12-08,full_time,2,23.6,56,81.2,100.0,30.4
DVM_0168,PCC_033,2025-12-15,full_time,2,33.1,86,82.8,98.2,28.8
DVM_0168,PCC_033,2025-12-22,full_time,2,40.0,108,77.6,92.3,28.4
DVM_0168,PCC_033,2025-12-29,full_time,2,36.3,91,75.1,100.0,34.2
DVM_0168,PCC_033,2026-01-05,full_time,2,27.3,55,80.8,95.9,26.0
DVM_0168,PCC_033,2026-01-12,full_time,2,27.8,76,85.0,99.9,26.5
DVM_0168,PCC_033,2026-01-19,FULL_TIME,2,30.0,85,84.3,93.0,26.9
DVM_0168,PCC_033,2026-01-26,full_time,2,26.2,85,78.7,100.0,31.8
DVM_0168,PCC_033,2026-02-02,full_time,2,47.1,136,83.0,90.2,30.3
DVM_0168,PCC_033,2026-02-09,full_time,2,30.1,72,78.6,94.3,31.8
DVM_0168,PCC_033,2026-02-16,full_time,2,45.1,122,73.4,91.4,28.6
DVM_0168,PCC_033,2026-02-23,full_time,2,28.3,87,73.9,97.2,29.7
DVM_0168,PCC_033,2026-03-02,full_time,2,31.3,76,82.3,97.9,28.6
DVM_0168,PCC_033,2026-03-09,full_time,2,27.2,66,77.3,97.5,31.6
DVM_0168,PCC_033,2026-03-16,full_time,2,27.6,75,77.9,99.5,26.3
DVM_0168,PCC_033,2026-03-23,full_time,2,25.8,71,77.4,98.4,30.1
DVM_0168,PCC_033,2026-03-30,full_time,2,37.6,87,70.3,96.2,32.4
DVM_0168,PCC_033,2026-04-20,full_time,2,34.7,98,77.7,93.8,33.6
DVM_0168,PCC_033,2026-04-27,full_time,2,42.9,128,89.4,100.0,31.1
DVM_0169,PCC_033,2025-11-10,full_time,81,37.5,106,85.2,99.9,17.3
DVM_0169,PCC_033,2025-11-17,full_time,81,25.2,75,87.5,87.6,20.0
DVM_0169,PCC_033,2025-11-24,full_time,81,19.1,53,86.5,97.2,18.5
DVM_0169,PCC_033,2025-12-01,full_time,81,35.7,101,94.6,91.6,14.9
DVM_0169,PCC_033,2025-12-08,full_time,81,27.4,85,95.6,100.0,20.0
DVM_0169,PCC_033,2025-12-15,full_time,81,30.8,91,82.5,90.9,16.6
DVM_0169,PCC_033,2025-12-22,full_time,81,27.0,75,90.1,95.3,16.4
DVM_0169,PCC_033,2025-12-29,full_time,81,35.2,78,93.3,95.2,21.9
DVM_0169,PCC_033,2026-01-05,full_time,81,26.9,66,89.9,94.5,
DVM_0169,PCC_033,2026-01-12,full_time,81,30.3,92,80.4,92.6,15.1
DVM_0169,PCC_033,2026-01-19,full_time,81,37.7,118,79.1,93.6,16.9
DVM_0169,PCC_033,2026-01-26,full_time,81,31.0,80,82.9,92.1,17.2
DVM_0169,PCC_033,2026-02-02,full_time,81,30.8,99,90.5,95.5,17.8
DVM_0169,PCC_033,2026-02-16,full_time,81,41.6,96,92.0,90.0,19.8
DVM_0169,PCC_033,2026-02-23,full_time,81,31.3,82,85.0,100.0,17.2
DVM_0169,PCC_033,2026-03-02,full_time,81,32.5,83,95.0,87.3,14.0
DVM_0169,PCC_033,2026-03-09,full_time,81,31.4,94,88.9,99.5,12.0
DVM_0169,PCC_033,2026-03-16,full_time,81,36.1,117,84.2,93.2,17.5
DVM_0169,PCC_033,2026-03-23,FULL_TIME,81,32.0,82,89.9,94.7,12.9
DVM_0169,PCC_033,2026-03-30,full_time,81,40.3,106,84.4,100.0,16.2
DVM_0169,PCC_033,2026-04-06,full_time,81,37.1,113,92.1,96.8,15.5
DVM_0169,PCC_033,2026-04-13,full_time,81,40.5,101,84.2,98.8,19.3
DVM_0169,PCC_033,2026-04-20,full_time,81,27.4,78,79.2,94.9,21.4
DVM_0169,PCC_033,2026-04-27,full_time,81,26.0,76,80.2,96.0,17.6
DVM_0170,PCC_033,2025-11-03,full_time,56,34.8,82,80.7,100.0,23.3
DVM_0170,PCC_033,2025-11-10,full_time,56,27.2,67,79.2,100.0,25.1
DVM_0170,PCC_033,2025-11-17,full_time,56,37.3,87,79.9,100.0,22.1
DVM_0170,PCC_033,2025-11-24,full_time,56,29.1,83,80.7,100.0,24.7
DVM_0170,PCC_033,2025-12-01,full_time,56,33.3,91,90.0,100.0,22.6
DVM_0170,PCC_033,2025-12-15,full_time,56,33.6,98,81.7,100.0,27.5
DVM_0170,PCC_033,2025-12-22,FULL_TIME,56,27.0,67,78.8,100.0,26.1
DVM_0170,PCC_033,2026-01-05,full_time,56,30.8,87,88.8,100.0,23.5
DVM_0170,PCC_033,2026-01-12,full_time,56,24.5,66,79.6,100.0,25.3
DVM_0170,PCC_033,2026-01-19,full_time,56,32.3,79,90.5,99.1,25.5
DVM_0170,PCC_033,2026-01-26,full_time,56,28.1,74,82.3,100.0,24.8
DVM_0170,PCC_033,2026-02-02,full_time,56,23.0,75,86.1,100.0,20.3
DVM_0170,PCC_033,2026-02-09,full_time,56,34.1,87,82.5,100.0,22.4
DVM_0170,PCC_033,2026-02-16,full_time,56,37.0,92,95.2,100.0,20.8
DVM_0170,PCC_033,2026-02-23,full_time,56,25.9,70,87.8,100.0,22.8
DVM_0170,PCC_033,2026-03-02,full_time,56,39.2,110,77.7,100.0,26.2
DVM_0170,PCC_033,2026-03-09,full_time,56,40.1,100,84.9,100.0,25.4
DVM_0170,PCC_033,2026-03-16,full_time,56,22.2,63,86.1,100.0,23.1
DVM_0170,PCC_033,2026-03-23,full_time,56,20.3,50,80.8,100.0,25.8
DVM_0170,PCC_033,2026-03-30,full_time,56,32.2,90,90.2,100.0,25.9
DVM_0170,PCC_033,2026-04-06,full_time,56,32.2,82,91.7,100.0,21.0
DVM_0170,PCC_033,2026-04-13,full_time,56,34.4,108,90.1,99.8,26.5
DVM_0170,PCC_033,2026-04-20,full_time,56,29.9,74,83.9,100.0,21.5
DVM_0170,PCC_033,2026-04-27,full_time,56,28.5,86,78.5,98.3,20.8
DVM_0171,PCC_033,2025-11-03,relief,15,14.1,42,86.3,96.6,27.6
DVM_0171,PCC_033,2025-11-10,relief,15,24.0,56,82.5,92.7,23.5
DVM_0171,PCC_033,2025-11-17,relief,15,19.8,43,85.5,95.8,29.1
DVM_0171,PCC_033,2025-12-01,relief,15,14.3,35,84.9,95.8,25.9
DVM_0171,PCC_033,2025-12-08,relief,15,26.3,74,84.6,99.8,25.4
DVM_0171,PCC_033,2025-12-15,relief,15,13.4,28,82.1,94.3,24.8
DVM_0171,PCC_033,2025-12-22,relief,15,30.8,89,80.3,100.0,28.9
DVM_0171,PCC_033,2025-12-29,relief,15,17.1,50,84.4,98.8,24.7
DVM_0171,PCC_033,2026-01-05,relief,15,21.8,59,88.6,100.0,28.2
DVM_0171,PCC_033,2026-01-12,relief,15,25.5,62,82.7,94.1,27.6
DVM_0171,PCC_033,2026-02-02,RELIEF,15,22.3,55,81.9,93.8,23.3
DVM_0171,PCC_033,2026-02-09,relief,15,18.9,51,89.2,100.0,29.2
DVM_0171,PCC_033,2026-02-16,relief,15,18.9,50,75.8,100.0,26.0
DVM_0171,PCC_033,2026-02-23,relief,15,5.4,13,85.7,99.7,24.1
DVM_0171,PCC_033,2026-03-02,relief,15,26.9,73,84.9,95.6,23.4
DVM_0171,PCC_033,2026-03-09,relief,15,13.9,36,89.7,92.5,28.8
DVM_0171,PCC_033,2026-03-23,relief,15,17.6,45,81.6,100.0,24.9
DVM_0171,PCC_033,2026-03-30,relief,15,19.4,43,91.0,100.0,27.1
DVM_0171,PCC_033,2026-04-06,relief,15,13.8,38,88.4,97.4,26.3
DVM_0171,PCC_033,2026-04-13,relief,15,18.3,55,86.3,95.6,28.0
DVM_0171,PCC_033,2026-04-20,relief,15,10.8,31,80.2,93.9,24.3
DVM_0172,PCC_033,2025-11-03,relief,2,15.1,44,88.0,88.7,23.3
DVM_0172,PCC_033,2025-11-10,relief,2,24.3,69,90.9,91.8,23.3
DVM_0172,PCC_033,2025-11-17,relief,2,9.6,27,87.0,87.0,25.3
DVM_0172,PCC_033,2025-11-24,relief,2,24.4,65,81.1,86.5,23.8
DVM_0172,PCC_033,2025-12-08,relief,2,14.4,39,86.2,100.0,26.0
DVM_0172,PCC_033,2025-12-15,relief,2,19.7,46,92.0,100.0,23.5
DVM_0172,PCC_033,2025-12-22,relief,2,6.0,14,87.7,89.6,21.6
DVM_0172,PCC_033,2025-12-29,RELIEF,2,21.5,57,89.0,89.2,23.4
DVM_0172,PCC_033,2026-01-05,relief,2,25.3,67,84.6,91.0,24.4
DVM_0172,PCC_033,2026-01-12,relief,2,20.7,47,89.1,91.9,27.4
DVM_0172,PCC_033,2026-01-19,relief,2,21.5,59,78.5,90.1,23.8
DVM_0172,PCC_033,2026-01-26,relief,2,19.0,51,84.6,91.0,22.1
DVM_0172,PCC_033,2026-02-02,relief,2,19.0,57,89.7,85.2,19.9
DVM_0172,PCC_033,2026-02-09,relief,2,15.7,42,91.8,88.4,18.8
DVM_0172,PCC_033,2026-02-16,relief,2,21.8,63,84.6,86.5,26.5
DVM_0172,PCC_033,2026-02-23,relief,2,12.0,32,81.2,94.3,19.4
DVM_0172,PCC_033,2026-03-02,relief,2,15.5,45,83.2,89.9,21.8
DVM_0172,PCC_033,2026-03-09,relief,2,8.3,24,85.0,91.0,25.9
DVM_0172,PCC_033,2026-03-16,relief,2,10.4,28,76.3,97.0,25.6
DVM_0172,PCC_033,2026-03-23,relief,2,15.2,38,88.7,90.7,27.5
DVM_0172,PCC_033,2026-03-30,relief,2,24.7,65,92.7,87.5,22.5
DVM_0172,PCC_033,2026-04-06,relief,2,20.0,49,83.5,91.4,28.5
DVM_0172,PCC_033,2026-04-13,relief,2,21.6,51,87.7,100.0,19.9
DVM_0172,PCC_033,2026-04-20,relief,2,15.4,38,85.9,100.0,21.9
DVM_0172,PCC_033,2026-04-27,relief,2,24.2,58,80.9,95.2,23.1
DVM_0173,PCC_033,2025-11-03,relief,34,13.2,35,74.2,97.2,28.1
DVM_0173,PCC_033,2025-11-10,relief,34,12.6,35,76.6,86.0,27.2
DVM_0173,PCC_033,2025-11-17,relief,34,27.5,63,74.8,93.6,28.5
DVM_0173,PCC_033,2025-11-24,relief,34,10.5,29,74.4,84.6,28.4
DVM_0173,PCC_033,2025-12-01,relief,34,28.3,79,73.5,87.5,28.8
DVM_0173,PCC_033,2025-12-08,relief,34,17.9,43,68.8,91.8,31.3
DVM_0173,PCC_033,2025-12-15,relief,34,11.8,34,73.9,99.7,28.9
DVM_0173,PCC_033,2025-12-22,relief,34,12.1,30,78.7,87.1,28.9
DVM_0173,PCC_033,2025-12-29,relief,34,16.0,37,74.6,86.0,29.2
DVM_0173,PCC_033,2026-01-05,relief,34,26.4,78,68.5,86.1,30.4
DVM_0173,PCC_033,2026-01-12,relief,34,13.2,40,71.3,88.7,30.9
DVM_0173,PCC_033,2026-01-19,relief,34,20.3,52,71.8,82.3,29.5
DVM_0173,PCC_033,2026-01-26,relief,34,14.9,43,76.4,86.9,28.0
DVM_0173,PCC_033,2026-02-02,relief,34,15.4,41,73.0,84.9,25.1
DVM_0173,PCC_033,2026-02-09,relief,34,27.8,79,67.9,84.7,24.8
DVM_0173,PCC_033,2026-02-16,relief,34,7.2,18,69.5,89.3,25.9
DVM_0173,PCC_033,2026-02-23,relief,34,21.3,58,69.6,90.2,26.3
DVM_0173,PCC_033,2026-03-02,relief,34,15.1,39,79.8,87.1,31.6
DVM_0173,PCC_033,2026-03-09,relief,34,18.0,50,76.6,91.3,28.0
DVM_0173,PCC_033,2026-03-16,relief,34,13.2,32,72.8,89.3,29.0
DVM_0173,PCC_033,2026-03-23,relief,34,29.9,69,82.5,90.8,
DVM_0173,PCC_033,2026-03-30,relief,34,13.5,36,73.4,88.5,25.1
DVM_0173,PCC_033,2026-04-06,relief,34,23.2,68,77.5,86.4,30.3
DVM_0173,PCC_033,2026-04-13,relief,34,17.8,58,71.1,89.9,27.6
DVM_0173,PCC_033,2026-04-20,relief,34,24.4,75,83.4,88.7,27.9
DVM_0173,PCC_033,2026-04-27,relief,34,13.1,34,86.1,85.6,28.7
DVM_0174,PCC_034,2025-11-24,full_time,25,41.3,92,89.2,99.3,31.2
DVM_0174,PCC_034,2025-12-01,full_time,25,33.5,87,80.7,100.0,34.3
DVM_0174,PCC_034,2025-12-08,full_time,25,17.8,47,80.8,100.0,32.1
DVM_0174,PCC_034,2025-12-15,full_time,25,22.5,58,87.5,99.8,35.8
DVM_0174,PCC_034,2025-12-22,full_time,25,26.1,59,81.9,100.0,30.8
DVM_0174,PCC_034,2025-12-29,full_time,25,34.0,89,81.8,97.1,33.2
DVM_0174,PCC_034,2026-01-05,full_time,25,27.0,68,82.7,100.0,34.2
DVM_0174,PCC_034,2026-01-12,full_time,25,39.4,78,80.1,96.3,29.1
DVM_0174,PCC_034,2026-01-26,full_time,25,34.6,80,74.5,100.0,32.4
DVM_0174,PCC_034,2026-02-02,full_time,25,33.5,71,72.5,100.0,32.4
DVM_0174,PCC_034,2026-02-09,full_time,25,30.4,75,72.9,100.0,36.8
DVM_0174,PCC_034,2026-02-16,full_time,25,40.8,88,77.4,99.2,33.1
DVM_0174,PCC_034,2026-02-23,full_time,25,27.1,70,75.6,97.6,31.3
DVM_0174,PCC_034,2026-03-02,full_time,25,25.1,67,79.5,100.0,30.5
DVM_0174,PCC_034,2026-03-09,full_time,25,30.6,80,81.1,100.0,34.0
DVM_0174,PCC_034,2026-03-23,full_time,25,24.1,62,77.0,100.0,
DVM_0174,PCC_034,2026-03-30,full_time,25,45.8,105,84.1,99.8,34.3
DVM_0174,PCC_034,2026-04-06,full_time,25,28.2,72,78.3,100.0,34.6
DVM_0174,PCC_034,2026-04-13,full_time,25,25.2,64,75.8,98.6,33.9
DVM_0174,PCC_034,2026-04-20,full_time,25,35.4,104,79.4,96.9,30.6
DVM_0174,PCC_034,2026-04-27,full_time,25,29.6,66,83.4,96.1,33.5
DVM_0175,PCC_034,2025-11-24,full_time,28,30.4,87,72.3,91.6,24.6
DVM_0175,PCC_034,2025-12-01,FULL_TIME,28,35.2,67,73.3,91.3,26.5
DVM_0175,PCC_034,2025-12-08,full_time,28,48.0,112,79.5,92.3,25.4
DVM_0175,PCC_034,2025-12-15,FULL_TIME,28,31.8,82,78.1,91.7,26.6
DVM_0175,PCC_034,2025-12-22,full_time,28,48.0,126,71.0,90.0,28.5
DVM_0175,PCC_034,2026-01-05,full_time,28,21.8,52,65.6,89.3,24.2
DVM_0175,PCC_034,2026-01-12,full_time,28,34.9,90,77.8,94.3,26.1
DVM_0175,PCC_034,2026-01-19,full_time,28,37.2,92,82.4,91.8,25.9
DVM_0175,PCC_034,2026-01-26,full_time,28,23.5,59,73.0,89.8,24.1
DVM_0175,PCC_034,2026-02-02,full_time,28,28.9,87,70.8,91.2,24.8
DVM_0175,PCC_034,2026-02-09,full_time,28,47.8,120,81.8,93.9,26.5
DVM_0175,PCC_034,2026-02-16,full_time,28,30.7,71,75.5,100.0,25.9
DVM_0175,PCC_034,2026-03-02,full_time,28,21.0,46,78.7,96.0,25.7
DVM_0175,PCC_034,2026-03-09,full_time,28,27.0,65,79.0,95.6,23.8
DVM_0175,PCC_034,2026-03-16,full_time,28,32.5,84,77.3,96.5,20.4
DVM_0175,PCC_034,2026-03-23,full_time,28,36.8,97,74.3,92.7,24.5
DVM_0175,PCC_034,2026-03-30,full_time,28,38.5,88,73.6,97.7,21.2
DVM_0175,PCC_034,2026-04-06,full_time,28,36.0,99,79.5,92.9,24.4
DVM_0175,PCC_034,2026-04-13,full_time,28,24.5,61,73.9,97.5,24.3
DVM_0175,PCC_034,2026-04-20,full_time,28,37.6,117,82.9,98.7,25.7
DVM_0175,PCC_034,2026-04-27,full_time,28,31.0,69,76.2,93.0,25.7
DVM_0176,PCC_034,2025-11-24,full_time,65,41.7,128,80.6,100.0,22.2
DVM_0176,PCC_034,2025-12-01,full_time,65,31.0,77,83.3,93.8,25.7
DVM_0176,PCC_034,2025-12-08,FULL_TIME,65,37.3,111,73.5,97.1,23.0
DVM_0176,PCC_034,2025-12-15,full_time,65,29.2,69,77.4,98.1,25.0
DVM_0176,PCC_034,2025-12-22,full_time,65,39.8,106,72.7,88.9,23.6
DVM_0176,PCC_034,2026-01-05,full_time,65,43.1,103,77.9,98.9,25.1
DVM_0176,PCC_034,2026-01-12,full_time,65,30.3,73,75.8,98.7,26.9
DVM_0176,PCC_034,2026-01-19,full_time,65,30.9,62,73.9,93.1,25.6
DVM_0176,PCC_034,2026-01-26,full_time,65,26.8,71,76.7,98.8,23.9
DVM_0176,PCC_034,2026-02-02,full_time,65,25.5,83,80.5,94.4,23.8
DVM_0176,PCC_034,2026-02-09,full_time,65,20.2,49,75.8,100.0,24.5
DVM_0176,PCC_034,2026-02-23,full_time,65,40.0,99,73.3,93.3,27.9
DVM_0176,PCC_034,2026-03-02,full_time,65,40.4,90,77.1,93.1,25.7
DVM_0176,PCC_034,2026-03-09,full_time,65,40.3,110,82.9,100.0,21.4
DVM_0176,PCC_034,2026-03-16,full_time,65,31.3,78,67.2,90.3,27.7
DVM_0176,PCC_034,2026-03-23,full_time,65,27.0,65,80.7,96.8,23.0
DVM_0176,PCC_034,2026-03-30,full_time,65,43.5,109,72.8,98.1,27.1
DVM_0176,PCC_034,2026-04-06,full_time,65,25.8,69,84.1,96.0,26.1
DVM_0176,PCC_034,2026-04-13,full_time,65,28.1,56,71.6,96.7,26.1
DVM_0176,PCC_034,2026-04-20,full_time,65,31.6,65,77.4,97.3,24.4
DVM_0176,PCC_034,2026-04-27,full_time,65,34.1,93,74.1,100.0,28.1
DVM_0177,PCC_034,2025-11-24,full_time,41,40.5,83,81.7,90.3,32.9
DVM_0177,PCC_034,2025-12-01,full_time,41,32.9,68,77.3,90.4,26.2
DVM_0177,PCC_034,2025-12-08,full_time,41,35.0,82,86.5,92.1,36.2
DVM_0177,PCC_034,2025-12-15,full_time,41,34.5,67,79.3,94.2,33.2
DVM_0177,PCC_034,2025-12-22,full_time,41,29.6,74,82.8,85.2,29.9
DVM_0177,PCC_034,2025-12-29,full_time,41,41.4,101,78.8,84.9,32.3
DVM_0177,PCC_034,2026-01-05,full_time,41,34.5,81,84.2,87.5,29.8
DVM_0177,PCC_034,2026-01-12,full_time,41,30.0,86,90.0,96.6,28.6
DVM_0177,PCC_034,2026-01-19,full_time,41,28.9,75,83.2,89.0,30.7
DVM_0177,PCC_034,2026-01-26,full_time,41,32.0,67,70.9,84.9,33.9
DVM_0177,PCC_034,2026-02-02,full_time,41,38.0,88,68.7,87.7,30.3
DVM_0177,PCC_034,2026-02-09,full_time,41,33.4,58,72.7,90.6,27.8
DVM_0177,PCC_034,2026-02-16,full_time,41,30.0,71,80.7,90.8,29.6
DVM_0177,PCC_034,2026-02-23,full_time,41,29.9,83,84.8,83.7,31.2
DVM_0177,PCC_034,2026-03-02,full_time,41,27.9,58,75.3,86.4,27.9
DVM_0177,PCC_034,2026-03-09,full_time,41,25.8,48,83.5,89.8,31.1
DVM_0177,PCC_034,2026-03-16,full_time,41,26.0,66,83.8,82.9,32.9
DVM_0177,PCC_034,2026-03-23,full_time,41,33.1,74,79.6,97.2,32.4
DVM_0177,PCC_034,2026-03-30,full_time,41,31.7,69,81.7,93.8,32.5
DVM_0177,PCC_034,2026-04-06,full_time,41,29.6,66,76.7,92.4,35.0
DVM_0177,PCC_034,2026-04-13,full_time,41,33.0,84,72.2,95.0,29.9
DVM_0177,PCC_034,2026-04-20,full_time,41,41.1,96,83.6,93.4,29.6
DVM_0177,PCC_034,2026-04-27,FULL_TIME,41,28.3,66,87.1,92.7,31.0
DVM_0178,PCC_034,2025-11-24,full_time,67,33.7,90,67.1,94.2,36.4
DVM_0178,PCC_034,2025-12-01,FULL_TIME,67,32.0,56,73.7,95.8,32.7
DVM_0178,PCC_034,2025-12-08,full_time,67,29.2,79,68.6,90.8,32.1
DVM_0178,PCC_034,2025-12-15,full_time,67,13.6,37,65.5,96.4,35.2
DVM_0178,PCC_034,2025-12-22,full_time,67,30.7,79,68.1,100.0,32.8
DVM_0178,PCC_034,2025-12-29,full_time,67,30.8,88,73.5,96.3,33.0
DVM_0178,PCC_034,2026-01-05,full_time,67,33.9,80,65.1,95.0,33.9
DVM_0178,PCC_034,2026-01-12,full_time,67,25.9,58,68.9,86.7,33.3
DVM_0178,PCC_034,2026-01-19,full_time,67,32.6,73,74.0,90.4,34.7
DVM_0178,PCC_034,2026-01-26,full_time,67,35.7,78,71.8,88.1,32.2
DVM_0178,PCC_034,2026-02-02,full_time,67,35.6,111,73.2,89.9,27.6
DVM_0178,PCC_034,2026-02-09,full_time,67,31.4,84,72.5,100.0,34.2
DVM_0178,PCC_034,2026-02-16,full_time,67,36.3,76,72.4,94.1,32.5
DVM_0178,PCC_034,2026-02-23,full_time,67,20.9,61,68.9,87.9,34.3
DVM_0178,PCC_034,2026-03-09,full_time,67,18.4,37,73.9,94.2,29.9
DVM_0178,PCC_034,2026-03-23,full_time,67,37.6,86,68.6,95.0,30.5
DVM_0178,PCC_034,2026-03-30,full_time,67,35.2,83,68.7,100.0,34.1
DVM_0178,PCC_034,2026-04-06,full_time,67,41.8,93,60.2,93.4,30.6
DVM_0178,PCC_034,2026-04-13,full_time,67,36.4,95,68.9,89.0,33.9
DVM_0178,PCC_034,2026-04-20,full_time,67,32.8,87,68.0,93.0,33.8
DVM_0178,PCC_034,2026-04-27,FULL_TIME,67,33.5,90,69.6,86.6,32.3
DVM_0179,PCC_035,2025-11-03,full_time,51,40.6,106,73.9,100.0,21.0
DVM_0179,PCC_035,2025-11-17,full_time,51,28.8,71,81.1,99.5,25.0
DVM_0179,PCC_035,2025-11-24,full_time,51,35.2,76,82.3,100.0,23.7
DVM_0179,PCC_035,2025-12-01,full_time,51,30.5,76,76.9,93.0,22.8
DVM_0179,PCC_035,2025-12-08,full_time,51,27.6,58,68.7,93.0,21.1
DVM_0179,PCC_035,2025-12-15,full_time,51,27.4,59,70.5,97.3,29.2
DVM_0179,PCC_035,2025-12-22,full_time,51,41.7,113,76.5,97.8,26.0
DVM_0179,PCC_035,2025-12-29,full_time,51,28.5,70,76.5,96.0,22.7
DVM_0179,PCC_035,2026-01-05,full_time,51,32.5,71,78.5,100.0,26.6
DVM_0179,PCC_035,2026-01-12,full_time,51,25.1,76,78.0,100.0,24.4
DVM_0179,PCC_035,2026-01-19,full_time,51,34.9,55,80.8,91.1,25.6
DVM_0179,PCC_035,2026-01-26,full_time,51,31.8,79,78.1,92.3,25.6
DVM_0179,PCC_035,2026-02-02,full_time,51,33.3,89,71.3,91.4,23.7
DVM_0179,PCC_035,2026-02-09,full_time,51,37.0,85,82.1,93.5,19.6
DVM_0179,PCC_035,2026-02-16,FULL_TIME,51,28.0,72,83.7,96.0,23.3
DVM_0179,PCC_035,2026-02-23,FULL_TIME,51,27.0,65,76.8,98.8,25.2
DVM_0179,PCC_035,2026-03-02,full_time,51,35.3,94,72.7,87.1,22.6
DVM_0179,PCC_035,2026-03-09,FULL_TIME,51,34.1,74,68.4,98.2,26.1
DVM_0179,PCC_035,2026-03-16,full_time,51,21.7,51,76.6,87.5,24.4
DVM_0179,PCC_035,2026-03-23,full_time,51,30.6,65,71.5,95.6,23.8
DVM_0179,PCC_035,2026-03-30,full_time,51,34.2,83,70.7,92.1,25.6
DVM_0179,PCC_035,2026-04-06,full_time,51,23.5,55,81.6,96.0,23.1
DVM_0179,PCC_035,2026-04-13,full_time,51,27.8,49,72.4,99.8,19.1
DVM_0179,PCC_035,2026-04-20,full_time,51,38.0,108,78.2,90.5,26.6
DVM_0179,PCC_035,2026-04-27,full_time,51,39.0,100,80.6,90.3,22.3
DVM_0180,PCC_035,2025-11-03,full_time,60,27.5,64,83.6,88.9,25.7
DVM_0180,PCC_035,2025-11-10,full_time,60,26.5,60,78.7,89.7,28.5
DVM_0180,PCC_035,2025-11-17,full_time,60,28.7,69,69.6,87.0,23.8
DVM_0180,PCC_035,2025-11-24,full_time,60,34.6,77,63.2,88.2,24.5
DVM_0180,PCC_035,2025-12-01,full_time,60,30.6,58,81.9,87.2,25.2
DVM_0180,PCC_035,2025-12-08,full_time,60,30.7,72,78.3,86.0,29.7
DVM_0180,PCC_035,2025-12-15,full_time,60,44.3,113,70.9,88.2,24.4
DVM_0180,PCC_035,2025-12-22,full_time,60,30.3,74,75.7,82.6,25.7
DVM_0180,PCC_035,2025-12-29,full_time,60,40.8,92,75.5,92.3,24.1
DVM_0180,PCC_035,2026-01-05,full_time,60,29.1,70,71.5,83.4,21.3
DVM_0180,PCC_035,2026-01-12,full_time,60,24.1,44,67.4,86.9,24.9
DVM_0180,PCC_035,2026-01-19,full_time,60,30.8,80,74.6,75.6,22.0
DVM_0180,PCC_035,2026-01-26,full_time,60,24.3,51,73.1,82.8,26.0
DVM_0180,PCC_035,2026-02-02,full_time,60,26.5,48,71.5,87.1,21.3
DVM_0180,PCC_035,2026-02-09,full_time,60,35.5,93,69.3,86.2,21.8
DVM_0180,PCC_035,2026-02-16,full_time,60,39.3,67,84.5,80.5,24.0
DVM_0180,PCC_035,2026-02-23,full_time,60,19.4,47,71.5,77.0,22.3
DVM_0180,PCC_035,2026-03-02,full_time,60,26.6,56,79.0,80.2,
DVM_0180,PCC_035,2026-03-09,full_time,60,36.1,81,79.2,81.2,25.5
DVM_0180,PCC_035,2026-03-16,full_time,60,37.6,84,70.7,84.4,19.1
DVM_0180,PCC_035,2026-03-23,full_time,60,25.3,62,78.4,82.3,21.2
DVM_0180,PCC_035,2026-03-30,full_time,60,24.4,48,72.5,88.1,22.2
DVM_0180,PCC_035,2026-04-06,full_time,60,31.9,89,79.0,82.5,20.6
DVM_0180,PCC_035,2026-04-13,full_time,60,23.2,55,79.8,81.8,26.6
DVM_0180,PCC_035,2026-04-20,full_time,60,42.0,126,78.5,83.1,24.6
DVM_0180,PCC_035,2026-04-27,full_time,60,25.6,56,70.6,79.0,24.2
DVM_0181,PCC_035,2025-11-03,full_time,81,40.7,103,83.0,78.3,27.9
DVM_0181,PCC_035,2025-11-10,full_time,81,27.8,81,81.7,82.7,30.7
DVM_0181,PCC_035,2025-11-17,full_time,81,32.7,86,76.3,85.6,31.5
DVM_0181,PCC_035,2025-11-24,full_time,81,35.1,69,76.4,83.4,21.6
DVM_0181,PCC_035,2025-12-01,full_time,81,29.1,61,77.3,86.2,29.1
DVM_0181,PCC_035,2025-12-08,full_time,81,26.8,65,75.1,82.7,27.1
DVM_0181,PCC_035,2025-12-15,full_time,81,37.1,84,75.6,80.8,33.8
DVM_0181,PCC_035,2025-12-22,FULL_TIME,81,29.1,77,84.9,85.8,26.0
DVM_0181,PCC_035,2025-12-29,full_time,81,26.0,55,87.9,82.3,27.7
DVM_0181,PCC_035,2026-01-05,full_time,81,31.0,68,85.7,90.2,26.0
DVM_0181,PCC_035,2026-01-12,full_time,81,30.9,74,78.9,79.0,30.7
DVM_0181,PCC_035,2026-01-19,full_time,81,21.9,50,79.7,75.3,25.3
DVM_0181,PCC_035,2026-01-26,full_time,81,28.8,78,82.6,83.3,25.3
DVM_0181,PCC_035,2026-02-02,FULL_TIME,81,38.0,95,80.4,85.9,25.2
DVM_0181,PCC_035,2026-02-09,full_time,81,36.7,83,66.7,83.5,24.3
DVM_0181,PCC_035,2026-02-16,full_time,81,33.4,96,71.1,84.2,27.0
DVM_0181,PCC_035,2026-02-23,full_time,81,28.5,69,73.3,85.5,26.7
DVM_0181,PCC_035,2026-03-02,full_time,81,25.6,59,81.8,81.6,26.4
DVM_0181,PCC_035,2026-03-09,full_time,81,22.0,56,81.6,93.6,30.2
DVM_0181,PCC_035,2026-03-16,full_time,81,30.2,71,76.5,80.8,26.1
DVM_0181,PCC_035,2026-03-23,full_time,81,28.9,61,84.7,86.6,29.6
DVM_0181,PCC_035,2026-03-30,full_time,81,42.7,108,80.2,89.7,24.3
DVM_0181,PCC_035,2026-04-06,full_time,81,37.2,76,79.8,84.8,24.3
DVM_0181,PCC_035,2026-04-13,full_time,81,32.3,78,83.0,79.8,27.3
DVM_0181,PCC_035,2026-04-20,full_time,81,23.2,62,76.4,79.3,28.9
DVM_0181,PCC_035,2026-04-27,full_time,81,37.5,108,76.4,76.5,28.1
DVM_0182,PCC_035,2025-11-03,relief,68,13.3,36,88.6,86.8,35.6
DVM_0182,PCC_035,2025-11-10,relief,68,11.1,22,91.5,93.7,31.0
DVM_0182,PCC_035,2025-11-17,relief,68,10.2,29,93.5,81.0,35.0
DVM_0182,PCC_035,2025-11-24,relief,68,15.1,32,90.4,85.7,36.6
DVM_0182,PCC_035,2025-12-01,relief,68,27.2,62,90.7,81.6,31.6
DVM_0182,PCC_035,2025-12-08,relief,68,23.7,55,93.1,86.6,32.1
DVM_0182,PCC_035,2025-12-15,relief,68,17.5,44,93.3,85.0,31.7
DVM_0182,PCC_035,2025-12-22,relief,68,25.9,55,95.8,81.8,32.2
DVM_0182,PCC_035,2025-12-29,RELIEF,68,18.6,45,92.6,84.4,29.4
DVM_0182,PCC_035,2026-01-12,relief,68,4.0,8,83.7,91.0,35.3
DVM_0182,PCC_035,2026-01-19,relief,68,20.9,54,100.0,87.1,33.4
DVM_0182,PCC_035,2026-01-26,relief,68,11.6,26,92.5,78.2,32.6
DVM_0182,PCC_035,2026-02-02,relief,68,8.8,23,94.7,83.3,30.5
DVM_0182,PCC_035,2026-02-09,relief,68,14.8,34,86.3,87.6,29.2
DVM_0182,PCC_035,2026-02-16,relief,68,19.9,38,96.2,70.6,34.2
DVM_0182,PCC_035,2026-02-23,relief,68,20.8,45,94.9,82.0,35.3
DVM_0182,PCC_035,2026-03-02,relief,68,21.8,55,86.5,88.2,34.7
DVM_0182,PCC_035,2026-03-09,relief,68,13.6,26,92.5,83.6,33.8
DVM_0182,PCC_035,2026-03-16,relief,68,22.0,43,93.3,81.4,36.3
DVM_0182,PCC_035,2026-03-30,relief,68,23.5,54,96.9,81.8,33.7
DVM_0182,PCC_035,2026-04-06,relief,68,16.8,33,93.4,80.4,31.2
DVM_0182,PCC_035,2026-04-13,relief,68,12.5,26,93.9,85.8,32.2
DVM_0182,PCC_035,2026-04-20,relief,68,20.0,42,99.4,87.6,31.9
DVM_0182,PCC_035,2026-04-27,relief,68,14.4,32,88.5,89.3,30.8
DVM_0183,PCC_036,2025-11-03,FULL_TIME,31,25.3,67,82.0,96.0,24.8
DVM_0183,PCC_036,2025-11-17,full_time,31,45.7,118,80.2,87.5,28.3
DVM_0183,PCC_036,2025-11-24,full_time,31,40.7,112,85.4,79.8,29.0
DVM_0183,PCC_036,2025-12-01,full_time,31,35.0,84,84.8,90.9,26.5
DVM_0183,PCC_036,2025-12-08,full_time,31,39.7,99,90.2,86.9,26.8
DVM_0183,PCC_036,2025-12-22,full_time,31,40.3,119,79.1,90.7,28.9
DVM_0183,PCC_036,2025-12-29,full_time,31,29.8,96,82.7,86.2,22.8
DVM_0183,PCC_036,2026-01-05,full_time,31,17.0,41,86.3,90.8,27.9
DVM_0183,PCC_036,2026-01-12,full_time,31,30.0,87,81.2,86.4,25.9
DVM_0183,PCC_036,2026-01-19,full_time,31,26.5,61,82.8,86.8,31.9
DVM_0183,PCC_036,2026-01-26,full_time,31,22.0,55,76.3,84.2,23.9
DVM_0183,PCC_036,2026-02-02,full_time,31,32.3,91,87.9,86.6,
DVM_0183,PCC_036,2026-02-09,full_time,31,34.1,94,81.2,92.9,29.5
DVM_0183,PCC_036,2026-02-16,full_time,31,34.0,92,81.0,87.9,22.1
DVM_0183,PCC_036,2026-02-23,full_time,31,42.9,99,86.5,88.7,29.5
DVM_0183,PCC_036,2026-03-02,full_time,31,18.7,58,85.3,80.8,31.3
DVM_0183,PCC_036,2026-03-09,full_time,31,33.8,104,77.9,92.3,32.1
DVM_0183,PCC_036,2026-03-16,full_time,31,28.9,75,86.1,86.5,29.5
DVM_0183,PCC_036,2026-03-23,full_time,31,34.8,96,83.9,92.9,27.7
DVM_0183,PCC_036,2026-04-13,full_time,31,30.6,81,82.0,82.1,25.0
DVM_0183,PCC_036,2026-04-20,full_time,31,24.4,78,84.4,84.9,28.6
DVM_0183,PCC_036,2026-04-27,full_time,31,29.8,89,88.3,84.7,25.9
DVM_0184,PCC_036,2025-11-03,full_time,66,33.7,80,94.6,87.9,32.9
DVM_0184,PCC_036,2025-11-10,full_time,66,30.0,82,89.6,86.2,32.4
DVM_0184,PCC_036,2025-11-17,full_time,66,37.3,88,88.8,88.8,34.8
DVM_0184,PCC_036,2025-11-24,full_time,66,33.9,74,96.4,89.4,35.5
DVM_0184,PCC_036,2025-12-01,full_time,66,28.7,81,89.3,88.8,34.1
DVM_0184,PCC_036,2025-12-08,full_time,66,22.1,71,95.2,81.2,34.1
DVM_0184,PCC_036,2025-12-15,full_time,66,30.8,76,84.3,89.7,35.7
DVM_0184,PCC_036,2025-12-22,full_time,66,30.3,95,92.9,85.0,32.0
DVM_0184,PCC_036,2025-12-29,full_time,66,24.9,69,85.5,90.6,33.7
DVM_0184,PCC_036,2026-01-05,full_time,66,33.8,103,80.5,83.0,32.7
DVM_0184,PCC_036,2026-01-12,full_time,66,29.9,80,85.5,86.3,31.1
DVM_0184,PCC_036,2026-01-19,full_time,66,40.1,101,90.2,87.6,35.0
DVM_0184,PCC_036,2026-01-26,full_time,66,29.5,77,84.9,92.3,30.8
DVM_0184,PCC_036,2026-02-02,full_time,66,41.5,103,95.2,82.0,31.8
DVM_0184,PCC_036,2026-02-09,full_time,66,26.2,68,95.4,88.4,36.7
DVM_0184,PCC_036,2026-02-16,full_time,66,34.1,95,93.5,86.6,32.7
DVM_0184,PCC_036,2026-03-02,full_time,66,37.7,98,90.3,96.0,35.2
DVM_0184,PCC_036,2026-03-09,full_time,66,33.3,89,85.8,89.5,33.5
DVM_0184,PCC_036,2026-03-16,full_time,66,35.9,97,87.3,82.3,32.1
DVM_0184,PCC_036,2026-03-23,full_time,66,32.7,101,93.5,82.8,35.1
DVM_0184,PCC_036,2026-03-30,full_time,66,39.1,100,81.6,85.7,32.0
DVM_0184,PCC_036,2026-04-06,full_time,66,21.6,58,89.0,87.8,35.1
DVM_0184,PCC_036,2026-04-13,full_time,66,36.2,105,94.3,82.2,33.5
DVM_0184,PCC_036,2026-04-20,full_time,66,40.1,112,90.5,84.7,41.3
DVM_0184,PCC_036,2026-04-27,full_time,66,32.7,91,99.5,82.5,36.7
DVM_0185,PCC_036,2025-11-03,full_time,64,30.4,75,78.5,99.8,27.8
DVM_0185,PCC_036,2025-11-10,full_time,64,32.2,114,75.1,90.8,28.4
DVM_0185,PCC_036,2025-11-17,full_time,64,29.3,77,80.7,96.8,29.3
DVM_0185,PCC_036,2025-11-24,full_time,64,38.2,104,90.1,97.9,28.1
DVM_0185,PCC_036,2025-12-01,full_time,64,48.0,132,79.5,91.3,24.0
DVM_0185,PCC_036,2025-12-15,full_time,64,36.5,95,81.7,96.8,26.9
DVM_0185,PCC_036,2025-12-22,full_time,64,30.5,79,75.3,96.6,23.4
DVM_0185,PCC_036,2026-01-05,full_time,64,28.9,76,85.0,95.8,26.9
DVM_0185,PCC_036,2026-01-12,full_time,64,27.5,71,81.4,94.7,30.3
DVM_0185,PCC_036,2026-01-19,full_time,64,28.5,92,81.6,96.6,31.0
DVM_0185,PCC_036,2026-01-26,full_time,64,30.0,69,76.5,100.0,
DVM_0185,PCC_036,2026-02-02,full_time,64,36.9,99,79.3,94.5,32.0
DVM_0185,PCC_036,2026-02-23,full_time,64,38.0,79,84.0,94.3,28.6
DVM_0185,PCC_036,2026-03-02,FULL_TIME,64,33.2,78,80.9,100.0,27.3
DVM_0185,PCC_036,2026-03-09,full_time,64,29.6,71,84.7,98.6,26.4
DVM_0185,PCC_036,2026-03-16,full_time,64,40.5,113,82.3,100.0,26.2
DVM_0185,PCC_036,2026-03-23,full_time,64,25.1,74,78.5,99.8,31.0
DVM_0185,PCC_036,2026-03-30,full_time,64,29.3,73,82.1,94.0,32.4
DVM_0185,PCC_036,2026-04-06,full_time,64,33.0,77,79.8,92.8,27.4
DVM_0185,PCC_036,2026-04-13,full_time,64,32.1,92,79.5,100.0,30.3
DVM_0185,PCC_036,2026-04-20,full_time,64,40.4,96,84.3,99.5,30.2
DVM_0185,PCC_036,2026-04-27,full_time,64,33.3,92,82.3,98.3,28.1
DVM_0186,PCC_036,2025-11-03,full_time,61,36.7,98,72.0,91.1,36.9
DVM_0186,PCC_036,2025-11-10,full_time,61,37.4,99,70.3,90.8,32.0
DVM_0186,PCC_036,2025-11-24,full_time,61,29.8,77,78.5,91.9,33.2
DVM_0186,PCC_036,2025-12-01,full_time,61,36.2,91,71.4,92.9,34.7
DVM_0186,PCC_036,2025-12-08,full_time,61,23.8,73,65.7,88.7,34.3
DVM_0186,PCC_036,2025-12-15,full_time,61,32.2,77,77.3,95.3,33.7
DVM_0186,PCC_036,2025-12-22,full_time,61,24.8,53,77.8,89.6,36.7
DVM_0186,PCC_036,2025-12-29,full_time,61,29.2,85,77.8,98.3,34.4
DVM_0186,PCC_036,2026-01-05,full_time,61,35.1,93,70.0,97.5,35.6
DVM_0186,PCC_036,2026-01-12,full_time,61,34.9,73,74.7,100.0,33.3
DVM_0186,PCC_036,2026-01-19,full_time,61,30.7,85,79.9,93.4,32.4
DVM_0186,PCC_036,2026-01-26,full_time,61,32.9,83,73.3,95.7,32.1
DVM_0186,PCC_036,2026-02-09,full_time,61,34.4,94,79.6,88.3,33.8
DVM_0186,PCC_036,2026-02-16,full_time,61,30.5,90,76.0,98.7,37.2
DVM_0186,PCC_036,2026-02-23,full_time,61,30.4,82,74.2,96.7,36.0
DVM_0186,PCC_036,2026-03-02,full_time,61,27.6,60,72.1,90.8,29.7
DVM_0186,PCC_036,2026-03-09,full_time,61,26.9,84,67.4,95.2,34.8
DVM_0186,PCC_036,2026-03-16,full_time,61,33.8,90,77.7,97.0,34.9
DVM_0186,PCC_036,2026-03-23,full_time,61,29.1,63,71.6,95.3,33.1
DVM_0186,PCC_036,2026-03-30,full_time,61,32.4,87,71.1,81.6,33.5
DVM_0186,PCC_036,2026-04-06,full_time,61,31.7,85,64.1,92.5,33.0
DVM_0186,PCC_036,2026-04-13,full_time,61,33.6,94,70.3,90.0,32.2
DVM_0186,PCC_036,2026-04-20,full_time,61,40.8,114,78.5,94.4,34.1
DVM_0186,PCC_036,2026-04-27,full_time,61,38.2,102,73.2,88.8,34.0
DVM_0187,PCC_037,2025-11-03,full_time,73,31.1,67,91.2,91.4,26.5
DVM_0187,PCC_037,2025-11-10,full_time,73,26.6,67,85.8,95.1,23.8
DVM_0187,PCC_037,2025-11-17,full_time,73,20.7,45,93.9,90.8,27.9
DVM_0187,PCC_037,2025-11-24,full_time,73,34.2,88,85.4,94.2,21.9
DVM_0187,PCC_037,2025-12-01,full_time,73,24.2,64,91.4,88.6,25.1
DVM_0187,PCC_037,2025-12-08,full_time,73,38.9,112,85.4,97.1,23.9
DVM_0187,PCC_037,2025-12-15,full_time,73,38.0,64,91.8,87.7,24.5
DVM_0187,PCC_037,2025-12-22,full_time,73,40.3,99,92.8,89.1,22.4
DVM_0187,PCC_037,2025-12-29,full_time,73,31.6,75,87.2,91.3,24.5
DVM_0187,PCC_037,2026-01-05,full_time,73,38.6,84,86.6,97.0,24.5
DVM_0187,PCC_037,2026-01-12,full_time,73,26.8,58,92.7,98.6,26.0
DVM_0187,PCC_037,2026-01-19,full_time,73,24.8,56,91.1,93.7,23.9
DVM_0187,PCC_037,2026-01-26,full_time,73,26.0,65,80.2,99.7,24.6
DVM_0187,PCC_037,2026-02-02,full_time,73,30.1,66,91.6,99.6,26.1
DVM_0187,PCC_037,2026-02-09,full_time,73,35.5,75,90.2,91.2,27.0
DVM_0187,PCC_037,2026-02-16,full_time,73,35.8,86,85.4,90.7,19.0
DVM_0187,PCC_037,2026-02-23,full_time,73,38.8,92,83.0,89.1,25.9
DVM_0187,PCC_037,2026-03-09,full_time,73,42.4,82,84.6,94.1,20.9
DVM_0187,PCC_037,2026-03-16,full_time,73,23.6,48,84.6,98.9,23.3
DVM_0187,PCC_037,2026-03-23,full_time,73,40.7,85,88.5,92.4,
DVM_0187,PCC_037,2026-03-30,full_time,73,34.4,100,85.0,95.2,27.0
DVM_0187,PCC_037,2026-04-06,full_time,73,23.4,55,88.1,91.7,19.4
DVM_0187,PCC_037,2026-04-13,full_time,73,19.6,47,92.2,90.9,24.3
DVM_0187,PCC_037,2026-04-20,full_time,73,23.7,36,87.2,92.2,18.8
DVM_0187,PCC_037,2026-04-27,full_time,73,23.8,40,90.4,93.0,19.7
DVM_0188,PCC_037,2025-11-03,part_time,42,22.0,41,83.7,91.5,26.9
DVM_0188,PCC_037,2025-11-10,part_time,42,6.6,12,92.5,80.0,24.0
DVM_0188,PCC_037,2025-11-17,PART_TIME,42,22.8,57,86.9,89.7,24.9
DVM_0188,PCC_037,2025-11-24,part_time,42,12.4,30,79.8,90.1,25.2
DVM_0188,PCC_037,2025-12-01,part_time,42,19.1,53,83.4,88.8,30.7
DVM_0188,PCC_037,2025-12-08,PART_TIME,42,16.8,40,86.2,87.8,26.5
DVM_0188,PCC_037,2025-12-15,part_time,42,21.8,45,84.0,90.2,24.4
DVM_0188,PCC_037,2025-12-22,part_time,42,13.1,33,88.4,93.7,27.5
DVM_0188,PCC_037,2025-12-29,part_time,42,16.7,40,82.1,91.5,27.2
DVM_0188,PCC_037,2026-01-05,part_time,42,5.5,10,92.2,82.8,23.9
DVM_0188,PCC_037,2026-01-12,part_time,42,15.6,33,80.1,82.9,24.4
DVM_0188,PCC_037,2026-01-19,part_time,42,17.3,33,82.5,84.4,24.1
DVM_0188,PCC_037,2026-01-26,part_time,42,10.5,25,86.8,87.3,26.5
DVM_0188,PCC_037,2026-02-02,part_time,42,13.0,26,80.4,87.2,26.9
DVM_0188,PCC_037,2026-02-09,part_time,42,16.1,30,83.2,87.4,26.9
DVM_0188,PCC_037,2026-02-23,part_time,42,14.6,35,84.1,85.5,25.4
DVM_0188,PCC_037,2026-03-02,part_time,42,8.9,17,87.6,83.6,26.9
DVM_0188,PCC_037,2026-03-09,part_time,42,20.6,38,88.7,83.7,26.4
DVM_0188,PCC_037,2026-03-16,part_time,42,21.5,42,73.7,88.8,25.5
DVM_0188,PCC_037,2026-03-23,part_time,42,19.4,39,89.8,89.1,29.3
DVM_0188,PCC_037,2026-03-30,part_time,42,33.0,62,81.6,83.2,26.0
DVM_0188,PCC_037,2026-04-06,part_time,42,23.3,54,85.4,87.5,26.8
DVM_0188,PCC_037,2026-04-13,part_time,42,26.2,62,87.1,86.6,26.7
DVM_0188,PCC_037,2026-04-20,PART_TIME,42,10.6,22,85.6,84.9,23.2
DVM_0188,PCC_037,2026-04-27,part_time,42,20.7,43,80.6,84.6,24.5
DVM_0189,PCC_038,2025-11-03,full_time,74,24.5,79,78.2,88.5,29.0
DVM_0189,PCC_038,2025-11-10,full_time,74,33.2,77,84.2,92.6,30.0
DVM_0189,PCC_038,2025-11-17,FULL_TIME,74,33.8,72,84.7,97.3,27.7
DVM_0189,PCC_038,2025-12-08,full_time,74,28.5,71,92.4,93.0,30.6
DVM_0189,PCC_038,2025-12-15,full_time,74,32.6,72,74.3,88.8,32.6
DVM_0189,PCC_038,2025-12-22,full_time,74,24.9,41,74.4,91.6,32.0
DVM_0189,PCC_038,2025-12-29,full_time,74,42.5,109,78.5,96.5,33.3
DVM_0189,PCC_038,2026-01-05,FULL_TIME,74,28.2,65,80.9,90.9,28.9
DVM_0189,PCC_038,2026-01-12,full_time,74,26.9,48,83.9,98.2,28.7
DVM_0189,PCC_038,2026-01-19,full_time,74,41.2,105,78.8,100.0,26.7
DVM_0189,PCC_038,2026-01-26,full_time,74,33.7,67,86.6,88.9,31.3
DVM_0189,PCC_038,2026-02-02,full_time,74,36.0,95,76.8,96.6,32.1
DVM_0189,PCC_038,2026-02-16,full_time,74,32.1,73,81.4,94.5,31.9
DVM_0189,PCC_038,2026-02-23,full_time,74,29.0,67,89.0,91.7,30.1
DVM_0189,PCC_038,2026-03-09,full_time,74,32.6,70,87.0,98.4,31.0
DVM_0189,PCC_038,2026-03-16,full_time,74,34.6,80,84.2,86.1,29.9
DVM_0189,PCC_038,2026-03-23,full_time,74,23.4,56,92.7,94.9,28.5
DVM_0189,PCC_038,2026-03-30,full_time,74,37.5,77,75.5,85.2,30.9
DVM_0189,PCC_038,2026-04-06,full_time,74,25.0,65,75.2,87.5,29.2
DVM_0189,PCC_038,2026-04-13,full_time,74,22.2,58,84.5,91.2,25.9
DVM_0189,PCC_038,2026-04-20,full_time,74,26.3,56,84.8,92.3,30.4
DVM_0189,PCC_038,2026-04-27,full_time,74,32.2,75,75.8,87.2,29.9
DVM_0190,PCC_038,2025-11-03,full_time,73,30.6,58,82.3,89.8,25.6
DVM_0190,PCC_038,2025-11-10,full_time,73,38.7,94,87.9,80.6,26.6
DVM_0190,PCC_038,2025-11-17,full_time,73,45.5,94,95.8,84.4,23.8
DVM_0190,PCC_038,2025-11-24,FULL_TIME,73,37.0,98,88.3,82.9,28.5
DVM_0190,PCC_038,2025-12-01,full_time,73,24.1,54,81.9,82.2,28.2
DVM_0190,PCC_038,2025-12-08,full_time,73,43.3,114,87.8,88.7,28.7
DVM_0190,PCC_038,2025-12-15,full_time,73,25.0,54,80.5,87.7,28.7
DVM_0190,PCC_038,2025-12-22,full_time,73,33.0,75,88.8,89.3,30.0
DVM_0190,PCC_038,2025-12-29,full_time,73,32.0,87,82.5,83.9,26.0
DVM_0190,PCC_038,2026-01-05,full_time,73,39.1,89,80.9,84.8,28.2
DVM_0190,PCC_038,2026-01-12,full_time,73,37.3,91,79.6,89.0,28.4
DVM_0190,PCC_038,2026-01-19,full_time,73,41.0,102,84.6,84.8,25.8
DVM_0190,PCC_038,2026-01-26,full_time,73,28.4,62,86.2,89.8,30.0
DVM_0190,PCC_038,2026-02-02,FULL_TIME,73,32.8,88,85.9,85.1,28.7
DVM_0190,PCC_038,2026-02-09,full_time,73,36.0,68,78.4,85.2,29.4
DVM_0190,PCC_038,2026-02-16,full_time,73,20.0,50,91.8,84.8,29.2
DVM_0190,PCC_038,2026-02-23,full_time,73,28.9,81,91.3,84.9,27.9
DVM_0190,PCC_038,2026-03-02,full_time,73,22.7,48,80.4,85.5,27.8
DVM_0190,PCC_038,2026-03-09,full_time,73,30.2,74,85.3,86.1,27.3
DVM_0190,PCC_038,2026-03-16,full_time,73,25.0,76,84.4,91.6,27.5
DVM_0190,PCC_038,2026-03-23,full_time,73,28.5,66,90.4,83.6,34.9
DVM_0190,PCC_038,2026-03-30,FULL_TIME,73,39.2,90,87.6,77.9,29.7
DVM_0190,PCC_038,2026-04-06,full_time,73,31.3,81,80.7,81.3,27.0
DVM_0190,PCC_038,2026-04-13,full_time,73,30.9,80,85.9,87.0,25.5
DVM_0190,PCC_038,2026-04-27,full_time,73,34.1,76,77.7,86.9,27.0
DVM_0191,PCC_038,2025-11-03,full_time,59,33.4,72,87.8,77.8,33.0
DVM_0191,PCC_038,2025-11-10,full_time,59,35.1,94,83.8,84.5,31.9
DVM_0191,PCC_038,2025-11-17,full_time,59,27.8,60,95.2,91.3,27.7
DVM_0191,PCC_038,2025-11-24,full_time,59,33.6,83,90.4,87.1,27.7
DVM_0191,PCC_038,2025-12-01,full_time,59,27.7,59,87.3,88.4,28.7
DVM_0191,PCC_038,2025-12-08,full_time,59,37.2,90,82.8,85.9,26.9
DVM_0191,PCC_038,2025-12-15,full_time,59,36.8,57,86.2,90.2,27.1
DVM_0191,PCC_038,2025-12-22,full_time,59,25.4,54,90.3,82.3,26.8
DVM_0191,PCC_038,2025-12-29,full_time,59,32.2,70,87.6,89.1,
DVM_0191,PCC_038,2026-01-05,full_time,59,33.2,72,93.6,83.4,28.6
DVM_0191,PCC_038,2026-01-12,full_time,59,34.8,98,89.0,84.7,32.2
DVM_0191,PCC_038,2026-01-19,full_time,59,26.0,59,89.8,80.3,23.6
DVM_0191,PCC_038,2026-02-02,full_time,59,37.9,89,83.5,82.3,27.0
DVM_0191,PCC_038,2026-02-09,full_time,59,30.5,68,95.2,85.7,28.4
DVM_0191,PCC_038,2026-02-16,full_time,59,30.7,63,91.1,81.1,31.1
DVM_0191,PCC_038,2026-02-23,full_time,59,28.3,76,85.7,85.1,27.3
DVM_0191,PCC_038,2026-03-02,full_time,59,32.0,88,85.0,86.4,32.2
DVM_0191,PCC_038,2026-03-09,full_time,59,35.5,85,89.6,86.8,28.3
DVM_0191,PCC_038,2026-03-16,full_time,59,36.2,97,92.4,88.6,27.6
DVM_0191,PCC_038,2026-03-23,FULL_TIME,59,35.9,64,85.7,83.8,27.4
DVM_0191,PCC_038,2026-03-30,full_time,59,34.3,80,86.4,92.6,30.3
DVM_0191,PCC_038,2026-04-06,full_time,59,34.7,95,94.7,83.5,31.4
DVM_0191,PCC_038,2026-04-13,full_time,59,39.7,101,87.1,82.8,
DVM_0191,PCC_038,2026-04-20,full_time,59,32.2,75,88.5,81.3,32.1
DVM_0191,PCC_038,2026-04-27,full_time,59,43.7,98,86.3,87.1,27.6
DVM_0192,PCC_038,2025-11-03,full_time,25,22.0,46,85.6,87.2,19.4
DVM_0192,PCC_038,2025-11-17,full_time,25,31.4,67,84.6,84.0,23.2
DVM_0192,PCC_038,2025-11-24,full_time,25,36.5,88,71.8,85.1,27.4
DVM_0192,PCC_038,2025-12-01,full_time,25,33.1,80,82.4,91.9,20.6
DVM_0192,PCC_038,2025-12-15,full_time,25,25.0,53,78.8,83.2,21.7
DVM_0192,PCC_038,2025-12-22,full_time,25,43.0,80,85.7,85.1,21.3
DVM_0192,PCC_038,2025-12-29,full_time,25,28.4,68,86.4,80.5,19.1
DVM_0192,PCC_038,2026-01-05,full_time,25,33.6,91,82.4,93.6,20.9
DVM_0192,PCC_038,2026-01-12,full_time,25,26.9,60,80.0,83.9,24.3
DVM_0192,PCC_038,2026-01-19,full_time,25,45.4,114,86.8,87.7,21.4
DVM_0192,PCC_038,2026-01-26,full_time,25,42.7,111,88.3,86.8,19.0
DVM_0192,PCC_038,2026-02-09,full_time,25,34.7,74,79.0,88.1,22.8
DVM_0192,PCC_038,2026-02-16,full_time,25,42.3,112,81.0,89.2,17.2
DVM_0192,PCC_038,2026-02-23,full_time,25,28.0,62,80.9,93.4,20.5
DVM_0192,PCC_038,2026-03-02,full_time,25,24.1,55,77.3,87.3,21.2
DVM_0192,PCC_038,2026-03-09,full_time,25,34.9,79,84.7,88.8,
DVM_0192,PCC_038,2026-03-16,full_time,25,26.8,65,76.2,86.3,22.8
DVM_0192,PCC_038,2026-03-23,full_time,25,37.3,72,84.8,80.1,21.8
DVM_0192,PCC_038,2026-03-30,full_time,25,26.2,59,80.9,88.5,23.1
DVM_0192,PCC_038,2026-04-06,full_time,25,22.2,53,83.8,93.7,23.6
DVM_0192,PCC_038,2026-04-13,full_time,25,17.8,43,79.6,86.9,19.8
DVM_0192,PCC_038,2026-04-20,full_time,25,32.3,75,81.8,78.3,22.0
DVM_0192,PCC_038,2026-04-27,full_time,25,36.1,93,84.7,86.7,19.0
DVM_0193,PCC_038,2025-11-03,FULL_TIME,31,39.6,115,77.8,93.3,22.0
DVM_0193,PCC_038,2025-11-10,full_time,31,31.2,86,88.1,94.7,21.0
DVM_0193,PCC_038,2025-11-17,full_time,31,44.4,94,85.4,91.6,23.6
DVM_0193,PCC_038,2025-11-24,full_time,31,26.8,60,84.4,87.5,24.6
DVM_0193,PCC_038,2025-12-01,full_time,31,23.8,58,78.7,86.9,25.4
DVM_0193,PCC_038,2025-12-08,full_time,31,36.5,103,82.6,87.6,27.4
DVM_0193,PCC_038,2025-12-15,full_time,31,35.0,64,82.7,90.8,24.9
DVM_0193,PCC_038,2025-12-22,FULL_TIME,31,31.3,77,78.8,83.0,22.9
DVM_0193,PCC_038,2025-12-29,full_time,31,36.5,78,75.5,93.0,26.5
DVM_0193,PCC_038,2026-01-05,full_time,31,38.3,85,82.0,88.7,26.7
DVM_0193,PCC_038,2026-01-12,full_time,31,22.6,62,85.7,93.7,21.5
DVM_0193,PCC_038,2026-01-19,full_time,31,43.1,119,78.5,88.2,22.7
DVM_0193,PCC_038,2026-01-26,full_time,31,21.0,56,88.1,92.5,23.9
DVM_0193,PCC_038,2026-02-02,full_time,31,43.1,99,79.7,86.9,24.0
DVM_0193,PCC_038,2026-02-09,full_time,31,44.3,88,83.0,86.8,23.1
DVM_0193,PCC_038,2026-02-16,full_time,31,24.1,61,96.1,95.0,24.3
DVM_0193,PCC_038,2026-02-23,full_time,31,39.2,76,79.9,81.5,25.3
DVM_0193,PCC_038,2026-03-02,full_time,31,27.6,68,79.2,93.1,27.1
DVM_0193,PCC_038,2026-03-09,FULL_TIME,31,38.6,83,68.3,91.6,27.4
DVM_0193,PCC_038,2026-03-16,full_time,31,40.9,94,85.3,91.0,23.2
DVM_0193,PCC_038,2026-03-23,full_time,31,36.1,80,92.0,89.8,23.5
DVM_0193,PCC_038,2026-04-06,full_time,31,40.6,93,84.4,84.9,20.8
DVM_0193,PCC_038,2026-04-13,full_time,31,27.8,62,79.9,93.1,21.1
DVM_0193,PCC_038,2026-04-20,full_time,31,43.1,114,85.4,87.9,25.0
DVM_0193,PCC_038,2026-04-27,full_time,31,33.8,84,83.3,88.8,27.7
DVM_0194,PCC_038,2025-11-03,relief,79,24.8,42,82.4,87.0,20.3
DVM_0194,PCC_038,2025-11-10,relief,79,9.6,22,77.8,92.3,13.8
DVM_0194,PCC_038,2025-11-17,relief,79,14.8,42,79.8,86.5,17.0
DVM_0194,PCC_038,2025-11-24,relief,79,11.0,27,79.1,82.0,19.3
DVM_0194,PCC_038,2025-12-01,relief,79,9.0,20,73.6,90.0,21.2
DVM_0194,PCC_038,2025-12-08,relief,79,11.8,27,82.7,92.9,22.5
DVM_0194,PCC_038,2025-12-15,RELIEF,79,18.8,41,88.6,88.4,17.1
DVM_0194,PCC_038,2025-12-22,relief,79,20.8,51,83.6,89.6,20.8
DVM_0194,PCC_038,2025-12-29,relief,79,25.0,58,77.1,89.9,20.9
DVM_0194,PCC_038,2026-01-05,RELIEF,79,25.1,53,78.3,86.6,18.4
DVM_0194,PCC_038,2026-01-26,relief,79,17.7,44,81.9,81.5,21.4
DVM_0194,PCC_038,2026-02-02,relief,79,13.2,28,82.4,88.0,18.2
DVM_0194,PCC_038,2026-02-09,relief,79,20.9,54,84.7,88.4,14.1
DVM_0194,PCC_038,2026-02-16,relief,79,15.7,36,81.5,96.0,15.7
DVM_0194,PCC_038,2026-02-23,relief,79,25.6,65,83.9,83.2,19.4
DVM_0194,PCC_038,2026-03-02,RELIEF,79,16.0,45,81.9,87.1,15.2
DVM_0194,PCC_038,2026-03-09,relief,79,15.3,42,83.9,87.7,16.6
DVM_0194,PCC_038,2026-03-16,relief,79,15.6,41,76.0,86.4,21.3
DVM_0194,PCC_038,2026-03-23,relief,79,27.5,71,80.9,81.3,18.7
DVM_0194,PCC_038,2026-03-30,relief,79,12.4,28,87.0,90.1,21.3
DVM_0194,PCC_038,2026-04-06,relief,79,11.7,23,76.8,89.3,19.1
DVM_0194,PCC_038,2026-04-13,relief,79,27.6,72,74.0,89.2,19.0
DVM_0194,PCC_038,2026-04-20,relief,79,19.4,33,89.1,83.2,19.3
DVM_0194,PCC_038,2026-04-27,relief,79,18.9,36,82.4,92.0,21.1
DVM_0195,PCC_039,2025-11-03,full_time,53,35.0,80,79.8,84.5,32.7
DVM_0195,PCC_039,2025-11-10,full_time,53,30.7,69,76.9,97.6,32.5
DVM_0195,PCC_039,2025-11-17,full_time,53,30.8,72,87.1,89.3,31.5
DVM_0195,PCC_039,2025-11-24,full_time,53,32.7,56,78.3,82.8,32.2
DVM_0195,PCC_039,2025-12-01,full_time,53,26.7,66,81.0,87.2,28.7
DVM_0195,PCC_039,2025-12-08,full_time,53,37.2,94,70.4,92.4,28.9
DVM_0195,PCC_039,2025-12-22,full_time,53,39.6,88,83.1,88.2,31.3
DVM_0195,PCC_039,2025-12-29,full_time,53,31.1,92,76.0,90.6,33.3
DVM_0195,PCC_039,2026-01-05,full_time,53,42.5,109,83.0,85.4,30.8
DVM_0195,PCC_039,2026-01-26,full_time,53,31.9,67,70.7,88.7,31.4
DVM_0195,PCC_039,2026-02-02,full_time,53,36.3,89,71.2,91.9,31.3
DVM_0195,PCC_039,2026-02-16,full_time,53,30.9,57,82.9,94.2,28.3
DVM_0195,PCC_039,2026-02-23,full_time,53,22.7,42,75.4,82.8,31.5
DVM_0195,PCC_039,2026-03-02,full_time,53,36.3,94,71.0,90.4,27.0
DVM_0195,PCC_039,2026-03-09,full_time,53,29.2,76,74.1,87.8,31.6
DVM_0195,PCC_039,2026-03-16,full_time,53,33.9,82,76.0,81.4,29.8
DVM_0195,PCC_039,2026-03-23,full_time,53,20.7,59,84.7,80.7,26.5
DVM_0195,PCC_039,2026-03-30,full_time,53,35.1,97,82.9,95.1,32.5
DVM_0195,PCC_039,2026-04-06,full_time,53,33.0,60,82.3,89.1,29.8
DVM_0195,PCC_039,2026-04-13,full_time,53,28.9,62,79.4,87.4,31.1
DVM_0195,PCC_039,2026-04-20,full_time,53,27.4,69,84.8,85.9,27.9
DVM_0195,PCC_039,2026-04-27,full_time,53,20.2,44,80.0,89.1,29.2
DVM_0196,PCC_039,2025-11-03,full_time,89,32.9,82,81.6,85.2,29.7
DVM_0196,PCC_039,2025-11-10,full_time,89,31.4,71,94.5,82.6,31.4
DVM_0196,PCC_039,2025-11-17,FULL_TIME,89,27.1,67,89.6,82.5,
DVM_0196,PCC_039,2025-11-24,full_time,89,26.2,57,91.2,84.3,25.8
DVM_0196,PCC_039,2025-12-01,full_time,89,25.5,63,84.4,83.1,31.5
DVM_0196,PCC_039,2025-12-08,full_time,89,30.8,71,96.5,84.1,28.9
DVM_0196,PCC_039,2025-12-15,full_time,89,34.0,79,88.5,84.8,30.4
DVM_0196,PCC_039,2025-12-29,full_time,89,36.0,92,79.3,87.2,30.2
DVM_0196,PCC_039,2026-01-05,full_time,89,38.2,91,82.0,88.1,32.3
DVM_0196,PCC_039,2026-01-12,full_time,89,22.7,49,87.2,81.7,25.7
DVM_0196,PCC_039,2026-01-19,full_time,89,30.7,88,86.7,86.9,29.0
DVM_0196,PCC_039,2026-01-26,full_time,89,40.7,110,95.2,92.9,28.3
DVM_0196,PCC_039,2026-02-09,full_time,89,25.1,73,85.5,78.3,28.0
DVM_0196,PCC_039,2026-02-16,full_time,89,25.2,71,79.5,86.6,30.6
DVM_0196,PCC_039,2026-02-23,full_time,89,30.7,67,87.7,87.5,28.1
DVM_0196,PCC_039,2026-03-02,full_time,89,23.7,59,83.5,78.0,24.3
DVM_0196,PCC_039,2026-03-09,full_time,89,17.3,49,85.8,73.3,31.4
DVM_0196,PCC_039,2026-03-23,full_time,89,39.7,96,83.9,80.1,31.3
DVM_0196,PCC_039,2026-03-30,full_time,89,39.2,87,90.4,86.5,33.9
DVM_0196,PCC_039,2026-04-06,full_time,89,30.3,66,86.2,79.7,28.0
DVM_0196,PCC_039,2026-04-13,full_time,89,32.9,98,79.5,86.7,29.4
DVM_0196,PCC_039,2026-04-20,full_time,89,27.6,61,89.9,89.6,30.0
DVM_0196,PCC_039,2026-04-27,full_time,89,24.1,59,95.7,82.3,29.9
DVM_0197,PCC_039,2025-11-03,full_time,61,27.9,54,88.6,85.3,26.1
DVM_0197,PCC_039,2025-11-10,full_time,61,34.2,80,88.8,82.5,26.8
DVM_0197,PCC_039,2025-11-17,full_time,61,38.9,92,93.5,77.8,25.4
DVM_0197,PCC_039,2025-11-24,full_time,61,39.8,98,92.5,80.9,30.1
DVM_0197,PCC_039,2025-12-01,full_time,61,31.1,71,86.4,83.3,25.7
DVM_0197,PCC_039,2025-12-08,full_time,61,28.4,61,83.4,84.6,26.9
DVM_0197,PCC_039,2025-12-15,full_time,61,34.5,69,89.0,89.3,24.6
DVM_0197,PCC_039,2025-12-22,full_time,61,30.4,63,90.6,85.2,26.7
DVM_0197,PCC_039,2025-12-29,full_time,61,39.8,86,89.2,86.0,27.4
DVM_0197,PCC_039,2026-01-05,full_time,61,39.9,98,85.8,83.9,25.4
DVM_0197,PCC_039,2026-01-12,full_time,61,38.3,95,85.8,85.1,28.5
DVM_0197,PCC_039,2026-01-19,full_time,61,42.1,87,85.8,83.0,20.8
DVM_0197,PCC_039,2026-01-26,full_time,61,30.7,72,88.6,82.5,26.1
DVM_0197,PCC_039,2026-02-02,full_time,61,15.6,39,89.8,86.7,28.2
DVM_0197,PCC_039,2026-02-16,full_time,61,28.9,61,92.4,79.4,27.5
DVM_0197,PCC_039,2026-03-02,full_time,61,37.5,91,83.1,91.0,29.7
DVM_0197,PCC_039,2026-03-09,full_time,61,26.8,54,85.6,93.8,28.6
DVM_0197,PCC_039,2026-03-16,full_time,61,40.3,109,93.1,84.8,29.7
DVM_0197,PCC_039,2026-03-23,full_time,61,32.4,87,85.9,93.8,28.9
DVM_0197,PCC_039,2026-03-30,full_time,61,21.7,46,85.8,83.0,28.7
DVM_0197,PCC_039,2026-04-06,full_time,61,31.6,67,92.4,85.5,25.5
DVM_0197,PCC_039,2026-04-13,FULL_TIME,61,26.6,49,94.8,79.8,27.2
DVM_0197,PCC_039,2026-04-20,full_time,61,45.7,95,93.4,80.9,22.4
DVM_0197,PCC_039,2026-04-27,full_time,61,25.7,56,85.8,86.0,27.3
DVM_0198,PCC_039,2025-11-03,full_time,89,35.2,72,88.8,86.4,21.2
DVM_0198,PCC_039,2025-11-10,full_time,89,25.8,65,78.6,91.7,20.4
DVM_0198,PCC_039,2025-11-17,full_time,89,31.2,65,77.5,82.6,20.5
DVM_0198,PCC_039,2025-11-24,full_time,89,32.9,73,89.2,88.2,26.0
DVM_0198,PCC_039,2025-12-01,full_time,89,23.2,62,83.1,90.1,20.5
DVM_0198,PCC_039,2025-12-08,FULL_TIME,89,30.5,71,89.1,80.1,24.6
DVM_0198,PCC_039,2025-12-22,full_time,89,43.2,114,86.2,85.7,22.0
DVM_0198,PCC_039,2025-12-29,full_time,89,29.0,62,79.5,93.9,19.1
DVM_0198,PCC_039,2026-01-05,full_time,89,40.2,117,77.6,77.7,18.6
DVM_0198,PCC_039,2026-01-19,full_time,89,34.4,103,83.6,81.0,23.4
DVM_0198,PCC_039,2026-01-26,full_time,89,44.0,83,87.5,81.2,22.9
DVM_0198,PCC_039,2026-02-02,full_time,89,20.0,50,92.3,88.5,24.4
DVM_0198,PCC_039,2026-02-09,full_time,89,34.0,78,82.9,91.6,24.9
DVM_0198,PCC_039,2026-02-16,full_time,89,36.5,75,89.4,84.3,20.2
DVM_0198,PCC_039,2026-02-23,full_time,89,33.5,78,83.2,88.0,22.3
DVM_0198,PCC_039,2026-03-02,full_time,89,32.5,94,81.6,79.6,22.6
DVM_0198,PCC_039,2026-03-16,full_time,89,38.3,72,83.0,82.5,23.4
DVM_0198,PCC_039,2026-03-23,full_time,89,30.9,87,75.6,81.6,23.3
DVM_0198,PCC_039,2026-03-30,full_time,89,30.9,75,81.7,84.1,23.5
DVM_0198,PCC_039,2026-04-06,full_time,89,31.9,62,84.7,89.8,23.5
DVM_0198,PCC_039,2026-04-13,full_time,89,38.0,94,83.1,82.5,23.5
DVM_0198,PCC_039,2026-04-20,full_time,89,35.7,90,86.0,85.9,20.6
DVM_0198,PCC_039,2026-04-27,full_time,89,44.0,80,77.0,82.8,22.4
DVM_0199,PCC_039,2025-11-03,part_time,14,10.3,20,74.2,82.5,38.9
DVM_0199,PCC_039,2025-11-10,part_time,14,19.6,60,86.3,78.5,43.1
DVM_0199,PCC_039,2025-11-17,part_time,14,16.0,40,82.0,83.5,40.0
DVM_0199,PCC_039,2025-11-24,part_time,14,11.0,26,81.7,78.2,36.0
DVM_0199,PCC_039,2025-12-01,part_time,14,32.7,84,93.3,82.7,35.6
DVM_0199,PCC_039,2025-12-08,part_time,14,13.0,24,73.0,75.8,34.7
DVM_0199,PCC_039,2025-12-15,part_time,14,26.7,72,80.9,83.3,37.0
DVM_0199,PCC_039,2025-12-22,part_time,14,19.4,42,77.9,80.0,36.4
DVM_0199,PCC_039,2025-12-29,part_time,14,14.1,35,84.0,81.9,35.1
DVM_0199,PCC_039,2026-01-05,part_time,14,12.9,29,86.8,82.1,37.9
DVM_0199,PCC_039,2026-01-12,part_time,14,19.1,55,89.1,76.1,42.0
DVM_0199,PCC_039,2026-01-19,part_time,14,17.8,40,82.6,86.8,39.9
DVM_0199,PCC_039,2026-01-26,part_time,14,26.0,65,74.5,78.8,34.5
DVM_0199,PCC_039,2026-02-02,part_time,14,18.2,40,79.6,80.1,37.1
DVM_0199,PCC_039,2026-02-09,part_time,14,23.9,69,83.9,77.2,39.1
DVM_0199,PCC_039,2026-02-16,PART_TIME,14,8.6,22,82.2,83.6,36.7
DVM_0199,PCC_039,2026-02-23,part_time,14,15.9,36,84.0,83.2,37.5
DVM_0199,PCC_039,2026-03-02,part_time,14,16.2,33,90.1,79.6,34.7
DVM_0199,PCC_039,2026-03-09,part_time,14,17.2,49,87.0,73.3,37.8
DVM_0199,PCC_039,2026-03-23,part_time,14,20.3,41,90.4,84.7,37.3
DVM_0199,PCC_039,2026-03-30,part_time,14,15.8,39,82.3,72.6,34.8
DVM_0199,PCC_039,2026-04-06,part_time,14,19.6,48,78.4,82.3,38.6
DVM_0199,PCC_039,2026-04-20,part_time,14,21.7,46,89.8,73.2,40.7
DVM_0199,PCC_039,2026-04-27,part_time,14,21.8,59,87.7,72.4,34.5
DVM_0200,PCC_040,2025-11-03,full_time,27,35.4,97,65.2,100.0,27.4
DVM_0200,PCC_040,2025-11-10,full_time,27,28.8,74,78.9,87.0,26.9
DVM_0200,PCC_040,2025-11-17,full_time,27,30.6,99,75.3,92.3,23.7
DVM_0200,PCC_040,2025-11-24,full_time,27,35.2,86,63.7,91.8,23.2
DVM_0200,PCC_040,2025-12-01,full_time,27,32.8,64,69.0,94.7,29.4
DVM_0200,PCC_040,2025-12-08,full_time,27,32.5,68,71.4,96.0,26.0
DVM_0200,PCC_040,2025-12-15,full_time,27,39.2,136,64.1,89.8,23.7
DVM_0200,PCC_040,2025-12-22,full_time,27,29.3,81,66.7,91.9,28.1
DVM_0200,PCC_040,2025-12-29,full_time,27,36.3,96,60.7,91.1,
DVM_0200,PCC_040,2026-01-05,full_time,27,31.2,67,66.1,94.1,25.3
DVM_0200,PCC_040,2026-01-12,full_time,27,28.4,88,62.6,90.1,26.5
DVM_0200,PCC_040,2026-01-26,full_time,27,39.6,114,76.9,85.5,22.3
DVM_0200,PCC_040,2026-02-02,full_time,27,27.7,80,69.2,93.1,22.1
DVM_0200,PCC_040,2026-02-09,full_time,27,35.1,85,68.7,93.0,
DVM_0200,PCC_040,2026-02-16,full_time,27,32.6,63,67.9,96.1,
DVM_0200,PCC_040,2026-02-23,full_time,27,35.9,88,75.5,88.3,27.2
DVM_0200,PCC_040,2026-03-02,full_time,27,30.6,92,70.0,91.5,29.8
DVM_0200,PCC_040,2026-03-09,full_time,27,25.3,64,63.4,93.9,
DVM_0200,PCC_040,2026-03-16,full_time,27,27.2,74,59.8,85.1,27.6
DVM_0200,PCC_040,2026-03-23,full_time,27,25.9,67,65.6,92.5,27.8
DVM_0200,PCC_040,2026-03-30,full_time,27,12.6,34,69.0,89.7,24.5
DVM_0200,PCC_040,2026-04-06,full_time,27,43.6,128,68.7,90.4,27.5
DVM_0200,PCC_040,2026-04-13,full_time,27,27.1,77,70.2,91.3,24.0
DVM_0200,PCC_040,2026-04-20,full_time,27,40.6,117,66.2,93.6,23.5
DVM_0200,PCC_040,2026-04-27,full_time,27,35.0,87,53.3,91.9,27.5
DVM_0201,PCC_040,2025-11-03,full_time,93,38.0,128,67.4,85.6,28.0
DVM_0201,PCC_040,2025-11-10,full_time,93,26.6,73,73.5,83.7,30.4
DVM_0201,PCC_040,2025-11-17,full_time,93,25.9,56,77.0,95.5,29.3
DVM_0201,PCC_040,2025-11-24,full_time,93,33.5,94,67.8,82.9,28.3
DVM_0201,PCC_040,2025-12-01,full_time,93,21.8,61,76.9,87.6,29.0
DVM_0201,PCC_040,2025-12-08,full_time,93,29.6,69,64.1,82.8,31.1
DVM_0201,PCC_040,2025-12-15,full_time,93,34.5,97,67.7,83.2,
DVM_0201,PCC_040,2025-12-22,full_time,93,28.6,74,69.1,81.5,28.9
DVM_0201,PCC_040,2025-12-29,full_time,93,31.6,82,69.6,79.4,29.9
DVM_0201,PCC_040,2026-01-05,full_time,93,34.1,94,66.3,78.5,29.1
DVM_0201,PCC_040,2026-01-12,full_time,93,26.2,64,72.5,84.0,25.0
DVM_0201,PCC_040,2026-01-19,full_time,93,30.3,79,81.6,83.1,29.4
DVM_0201,PCC_040,2026-01-26,full_time,93,29.3,68,64.7,92.4,29.0
DVM_0201,PCC_040,2026-02-02,full_time,93,31.3,73,67.8,80.1,25.9
DVM_0201,PCC_040,2026-02-09,full_time,93,23.2,63,77.3,83.1,29.2
DVM_0201,PCC_040,2026-02-16,full_time,93,24.4,67,77.7,88.7,28.4
DVM_0201,PCC_040,2026-02-23,full_time,93,27.0,68,67.4,89.8,26.1
DVM_0201,PCC_040,2026-03-02,full_time,93,30.6,87,71.8,87.4,23.8
DVM_0201,PCC_040,2026-03-09,full_time,93,38.2,91,72.9,86.8,27.1
DVM_0201,PCC_040,2026-03-16,full_time,93,35.0,108,74.9,87.6,28.0
DVM_0201,PCC_040,2026-03-23,full_time,93,31.9,89,73.6,85.8,27.1
DVM_0201,PCC_040,2026-03-30,full_time,93,34.3,88,73.7,82.1,30.0
DVM_0201,PCC_040,2026-04-06,full_time,93,39.8,134,72.7,85.2,30.3
DVM_0201,PCC_040,2026-04-13,full_time,93,29.9,82,69.4,85.0,34.2
DVM_0201,PCC_040,2026-04-20,full_time,93,25.6,71,70.1,92.4,24.4
DVM_0201,PCC_040,2026-04-27,FULL_TIME,93,42.2,108,70.8,81.4,28.1
DVM_0202,PCC_040,2025-11-03,full_time,57,26.0,66,79.7,87.0,29.8
DVM_0202,PCC_040,2025-11-10,full_time,57,38.1,92,73.7,91.8,32.3
DVM_0202,PCC_040,2025-11-17,full_time,57,35.9,92,69.2,88.4,31.9
DVM_0202,PCC_040,2025-11-24,full_time,57,23.9,73,66.0,91.5,33.8
DVM_0202,PCC_040,2025-12-08,full_time,57,32.6,96,76.1,91.0,33.1
DVM_0202,PCC_040,2025-12-15,full_time,57,21.6,50,61.2,88.2,33.1
DVM_0202,PCC_040,2025-12-22,full_time,57,32.1,87,72.2,96.4,33.8
DVM_0202,PCC_040,2025-12-29,full_time,57,29.0,72,70.5,93.1,30.3
DVM_0202,PCC_040,2026-01-05,full_time,57,27.0,59,78.2,87.8,30.0
DVM_0202,PCC_040,2026-01-12,full_time,57,46.4,137,68.0,83.9,29.3
DVM_0202,PCC_040,2026-01-19,full_time,57,33.0,80,69.9,86.5,30.0
DVM_0202,PCC_040,2026-02-02,full_time,57,31.2,91,62.4,97.7,35.3
DVM_0202,PCC_040,2026-02-09,full_time,57,26.4,53,74.2,93.3,30.7
DVM_0202,PCC_040,2026-02-16,full_time,57,38.7,96,66.3,86.0,25.6
DVM_0202,PCC_040,2026-02-23,full_time,57,24.9,67,75.0,79.6,29.1
DVM_0202,PCC_040,2026-03-02,full_time,57,29.9,100,67.0,87.9,30.5
DVM_0202,PCC_040,2026-03-16,full_time,57,23.5,57,76.7,96.5,32.6
DVM_0202,PCC_040,2026-03-23,full_time,57,43.0,132,72.3,89.6,28.1
DVM_0202,PCC_040,2026-03-30,full_time,57,30.4,65,74.4,84.4,30.9
DVM_0202,PCC_040,2026-04-06,full_time,57,25.7,59,74.1,93.5,29.6
DVM_0202,PCC_040,2026-04-13,full_time,57,33.4,104,70.5,96.3,28.5
DVM_0202,PCC_040,2026-04-20,full_time,57,25.2,62,66.3,85.6,31.0
DVM_0202,PCC_040,2026-04-27,full_time,57,33.9,77,75.5,85.0,32.5
DVM_0203,PCC_040,2025-11-03,full_time,16,33.1,91,78.1,82.9,26.9
DVM_0203,PCC_040,2025-11-10,full_time,16,33.5,66,75.4,89.3,
DVM_0203,PCC_040,2025-11-17,full_time,16,34.5,95,75.6,90.7,26.9
DVM_0203,PCC_040,2025-11-24,full_time,16,34.9,110,85.3,76.8,22.4
DVM_0203,PCC_040,2025-12-01,full_time,16,34.3,78,68.5,86.1,25.3
DVM_0203,PCC_040,2025-12-08,full_time,16,31.5,68,75.9,86.8,26.6
DVM_0203,PCC_040,2025-12-15,full_time,16,31.9,102,81.0,87.8,28.2
DVM_0203,PCC_040,2025-12-22,full_time,16,28.3,76,68.2,86.4,30.1
DVM_0203,PCC_040,2025-12-29,full_time,16,24.6,64,82.3,84.2,26.1
DVM_0203,PCC_040,2026-01-05,full_time,16,25.1,72,78.9,90.6,24.7
DVM_0203,PCC_040,2026-01-12,full_time,16,35.0,104,71.0,87.6,23.5
DVM_0203,PCC_040,2026-01-19,full_time,16,25.3,58,74.8,84.7,27.0
DVM_0203,PCC_040,2026-01-26,full_time,16,37.0,96,75.4,87.8,26.5
DVM_0203,PCC_040,2026-02-02,full_time,16,36.6,81,80.7,82.7,27.5
DVM_0203,PCC_040,2026-02-09,full_time,16,34.2,89,70.5,84.2,24.9
DVM_0203,PCC_040,2026-02-16,full_time,16,30.6,90,79.6,83.2,22.4
DVM_0203,PCC_040,2026-02-23,full_time,16,36.5,103,69.8,84.5,30.3
DVM_0203,PCC_040,2026-03-02,full_time,16,31.8,84,75.0,82.1,28.8
DVM_0203,PCC_040,2026-03-09,full_time,16,27.2,70,74.6,85.8,25.8
DVM_0203,PCC_040,2026-03-16,full_time,16,25.2,66,67.1,91.4,25.0
DVM_0203,PCC_040,2026-03-23,full_time,16,17.0,37,73.5,89.7,28.5
DVM_0203,PCC_040,2026-04-06,full_time,16,29.6,66,81.9,88.3,29.1
DVM_0203,PCC_040,2026-04-13,full_time,16,25.2,64,74.3,91.3,27.0
DVM_0203,PCC_040,2026-04-20,full_time,16,29.0,75,70.5,89.4,25.2
DVM_0203,PCC_040,2026-04-27,full_time,16,40.5,119,76.7,92.5,25.8
DVM_0204,PCC_041,2025-11-03,part_time,8,12.2,25,93.0,90.7,26.8
DVM_0204,PCC_041,2025-11-10,part_time,8,11.4,27,89.0,93.2,30.5
DVM_0204,PCC_041,2025-11-17,part_time,8,22.6,47,90.9,97.6,24.0
DVM_0204,PCC_041,2025-11-24,part_time,8,13.6,33,81.5,98.0,27.9
DVM_0204,PCC_041,2025-12-01,part_time,8,17.3,43,85.1,99.3,27.3
DVM_0204,PCC_041,2025-12-08,part_time,8,19.7,50,85.0,100.0,32.4
DVM_0204,PCC_041,2025-12-22,part_time,8,9.6,18,83.6,96.5,25.1
DVM_0204,PCC_041,2025-12-29,part_time,8,9.0,22,90.7,91.5,31.0
DVM_0204,PCC_041,2026-01-05,part_time,8,14.4,26,90.7,89.8,27.4
DVM_0204,PCC_041,2026-01-12,part_time,8,16.0,36,77.3,93.7,27.4
DVM_0204,PCC_041,2026-01-19,part_time,8,21.7,59,89.0,99.8,27.0
DVM_0204,PCC_041,2026-01-26,part_time,8,22.4,48,77.7,95.7,30.2
DVM_0204,PCC_041,2026-02-02,part_time,8,18.3,38,97.3,95.4,
DVM_0204,PCC_041,2026-02-09,part_time,8,16.0,32,82.6,89.9,25.9
DVM_0204,PCC_041,2026-02-16,part_time,8,29.2,73,88.2,93.7,33.0
DVM_0204,PCC_041,2026-03-02,part_time,8,21.2,58,89.0,100.0,35.1
DVM_0204,PCC_041,2026-03-09,part_time,8,26.3,60,89.8,91.3,27.7
DVM_0204,PCC_041,2026-03-16,part_time,8,16.1,38,90.0,92.4,28.3
DVM_0204,PCC_041,2026-03-23,part_time,8,16.7,31,84.1,83.2,24.5
DVM_0204,PCC_041,2026-03-30,part_time,8,8.3,18,87.2,92.4,27.9
DVM_0204,PCC_041,2026-04-06,part_time,8,19.8,48,77.7,85.2,31.0
DVM_0204,PCC_041,2026-04-13,part_time,8,11.0,24,83.5,90.4,28.0
DVM_0204,PCC_041,2026-04-20,part_time,8,14.6,34,91.2,92.8,30.2
DVM_0205,PCC_041,2025-11-03,full_time,55,31.1,77,83.4,94.3,23.9
DVM_0205,PCC_041,2025-11-10,full_time,55,29.1,60,88.9,90.3,
DVM_0205,PCC_041,2025-11-17,full_time,55,21.3,54,83.8,97.3,24.0
DVM_0205,PCC_041,2025-12-01,full_time,55,35.3,78,92.0,90.9,26.5
DVM_0205,PCC_041,2025-12-08,full_time,55,34.2,68,87.8,86.3,24.5
DVM_0205,PCC_041,2026-01-05,full_time,55,38.1,112,79.4,83.1,28.3
DVM_0205,PCC_041,2026-01-12,full_time,55,31.6,74,81.0,85.9,26.1
DVM_0205,PCC_041,2026-01-19,full_time,55,44.9,110,83.0,88.5,23.5
DVM_0205,PCC_041,2026-01-26,full_time,55,31.3,83,86.4,85.5,22.0
DVM_0205,PCC_041,2026-02-02,full_time,55,41.4,84,83.0,94.1,23.9
DVM_0205,PCC_041,2026-02-09,full_time,55,31.8,86,72.4,84.3,24.0
DVM_0205,PCC_041,2026-02-16,full_time,55,31.9,81,76.1,93.1,25.0
DVM_0205,PCC_041,2026-03-02,full_time,55,42.4,118,86.4,89.2,23.4
DVM_0205,PCC_041,2026-03-09,full_time,55,27.3,65,83.9,93.2,26.2
DVM_0205,PCC_041,2026-03-16,full_time,55,33.8,56,79.5,88.3,25.8
DVM_0205,PCC_041,2026-03-23,full_time,55,32.0,79,86.3,88.7,26.4
DVM_0205,PCC_041,2026-03-30,full_time,55,28.8,61,78.7,94.2,26.6
DVM_0205,PCC_041,2026-04-06,full_time,55,29.6,81,82.4,86.7,24.1
DVM_0205,PCC_041,2026-04-13,full_time,55,39.3,75,82.5,85.1,25.2
DVM_0205,PCC_041,2026-04-20,full_time,55,28.9,87,85.0,87.1,
DVM_0205,PCC_041,2026-04-27,full_time,55,48.0,113,78.5,92.9,28.3
DVM_0206,PCC_041,2025-11-03,part_time,59,14.5,33,81.0,88.9,33.0
DVM_0206,PCC_041,2025-11-10,part_time,59,17.2,36,74.5,100.0,32.8
DVM_0206,PCC_041,2025-11-17,part_time,59,20.5,38,79.5,95.9,32.4
DVM_0206,PCC_041,2025-12-01,part_time,59,18.9,41,75.6,98.1,33.1
DVM_0206,PCC_041,2025-12-08,part_time,59,7.6,20,70.2,91.8,32.7
DVM_0206,PCC_041,2025-12-22,part_time,59,26.2,65,85.2,100.0,33.7
DVM_0206,PCC_041,2025-12-29,part_time,59,18.6,46,78.4,84.8,33.1
DVM_0206,PCC_041,2026-01-05,part_time,59,16.4,40,85.2,92.4,33.6
DVM_0206,PCC_041,2026-01-12,part_time,59,10.6,21,74.6,94.9,31.5
DVM_0206,PCC_041,2026-01-19,PART_TIME,59,16.7,31,80.0,97.0,34.4
DVM_0206,PCC_041,2026-01-26,part_time,59,10.5,20,77.1,93.9,31.9
DVM_0206,PCC_041,2026-02-02,part_time,59,28.5,66,70.2,97.7,34.5
DVM_0206,PCC_041,2026-02-09,part_time,59,14.5,27,75.5,91.8,
DVM_0206,PCC_041,2026-02-16,part_time,59,16.9,33,74.2,98.0,
DVM_0206,PCC_041,2026-02-23,part_time,59,31.5,71,84.1,100.0,34.6
DVM_0206,PCC_041,2026-03-02,part_time,59,28.6,65,82.5,99.9,
DVM_0206,PCC_041,2026-03-09,part_time,59,15.9,30,74.8,95.3,31.0
DVM_0206,PCC_041,2026-03-16,part_time,59,25.8,42,74.5,98.5,30.3
DVM_0206,PCC_041,2026-03-23,PART_TIME,59,17.7,39,81.1,98.0,33.2
DVM_0206,PCC_041,2026-03-30,part_time,59,31.1,56,78.1,92.6,34.0
DVM_0206,PCC_041,2026-04-06,part_time,59,9.8,20,85.8,93.2,29.1
DVM_0206,PCC_041,2026-04-13,part_time,59,12.8,28,72.2,98.5,32.9
DVM_0206,PCC_041,2026-04-20,part_time,59,24.7,51,72.9,100.0,30.2
DVM_0206,PCC_041,2026-04-27,part_time,59,11.0,24,74.0,97.9,34.2
DVM_0207,PCC_041,2025-11-03,full_time,64,22.7,58,72.0,96.7,26.7
DVM_0207,PCC_041,2025-11-10,full_time,64,40.5,99,81.6,95.0,29.7
DVM_0207,PCC_041,2025-11-17,full_time,64,30.4,73,73.7,88.3,23.7
DVM_0207,PCC_041,2025-11-24,full_time,64,38.9,87,82.4,92.8,31.0
DVM_0207,PCC_041,2025-12-01,full_time,64,30.1,67,81.1,87.0,29.3
DVM_0207,PCC_041,2025-12-15,full_time,64,39.4,88,79.5,84.4,29.8
DVM_0207,PCC_041,2025-12-22,full_time,64,23.1,67,73.0,94.1,25.3
DVM_0207,PCC_041,2025-12-29,full_time,64,38.5,95,81.3,91.9,27.8
DVM_0207,PCC_041,2026-01-05,full_time,64,25.2,49,73.4,84.0,29.8
DVM_0207,PCC_041,2026-01-12,full_time,64,33.0,84,71.2,86.1,26.3
DVM_0207,PCC_041,2026-01-19,full_time,64,36.8,68,85.1,93.2,28.5
DVM_0207,PCC_041,2026-01-26,full_time,64,42.8,88,84.0,86.8,21.5
DVM_0207,PCC_041,2026-02-02,full_time,64,23.4,67,78.0,94.1,
DVM_0207,PCC_041,2026-02-09,full_time,64,32.6,76,79.4,97.9,29.3
DVM_0207,PCC_041,2026-02-16,full_time,64,32.2,60,80.2,88.3,25.6
DVM_0207,PCC_041,2026-02-23,full_time,64,30.9,75,80.8,85.6,31.9
DVM_0207,PCC_041,2026-03-02,full_time,64,34.2,82,80.0,86.6,28.6
DVM_0207,PCC_041,2026-03-09,full_time,64,23.5,56,81.3,82.3,26.2
DVM_0207,PCC_041,2026-03-16,full_time,64,29.0,53,73.0,88.0,24.9
DVM_0207,PCC_041,2026-03-23,full_time,64,32.5,75,77.0,85.3,25.7
DVM_0207,PCC_041,2026-03-30,full_time,64,35.0,95,75.1,99.9,27.7
DVM_0207,PCC_041,2026-04-06,full_time,64,38.1,64,77.7,86.3,29.4
DVM_0207,PCC_041,2026-04-13,full_time,64,26.2,65,81.8,88.3,33.6
DVM_0207,PCC_041,2026-04-20,full_time,64,31.9,73,77.0,95.0,30.3
DVM_0207,PCC_041,2026-04-27,full_time,64,30.3,76,81.9,92.4,28.1
DVM_0208,PCC_041,2025-11-03,part_time,35,13.8,37,79.5,98.3,29.5
DVM_0208,PCC_041,2025-11-10,part_time,35,22.2,49,75.9,100.0,33.1
DVM_0208,PCC_041,2025-11-17,part_time,35,22.4,42,82.9,100.0,26.0
DVM_0208,PCC_041,2025-11-24,part_time,35,15.6,30,82.6,98.0,26.6
DVM_0208,PCC_041,2025-12-01,part_time,35,20.0,37,82.0,93.6,30.1
DVM_0208,PCC_041,2025-12-08,part_time,35,16.7,42,71.7,91.4,27.4
DVM_0208,PCC_041,2025-12-15,part_time,35,15.6,33,76.4,98.7,26.4
DVM_0208,PCC_041,2025-12-22,part_time,35,20.1,37,77.9,92.7,24.3
DVM_0208,PCC_041,2026-01-12,part_time,35,14.8,39,79.7,98.3,28.7
DVM_0208,PCC_041,2026-01-19,PART_TIME,35,23.7,56,86.3,100.0,25.8
DVM_0208,PCC_041,2026-01-26,part_time,35,28.6,74,76.6,100.0,
DVM_0208,PCC_041,2026-02-02,part_time,35,14.9,30,80.8,100.0,26.2
DVM_0208,PCC_041,2026-02-09,part_time,35,18.7,54,72.5,96.7,34.3
DVM_0208,PCC_041,2026-02-16,part_time,35,16.5,27,87.3,91.6,26.8
DVM_0208,PCC_041,2026-02-23,part_time,35,20.3,47,73.3,100.0,28.6
DVM_0208,PCC_041,2026-03-02,part_time,35,7.9,21,67.2,90.5,24.0
DVM_0208,PCC_041,2026-03-09,part_time,35,18.3,44,68.8,92.4,27.8
DVM_0208,PCC_041,2026-03-16,part_time,35,14.0,30,78.9,93.6,30.7
DVM_0208,PCC_041,2026-03-23,part_time,35,18.5,35,78.4,98.7,27.6
DVM_0208,PCC_041,2026-03-30,part_time,35,7.2,17,76.2,100.0,26.7
DVM_0208,PCC_041,2026-04-06,part_time,35,14.2,32,86.9,99.0,29.0
DVM_0208,PCC_041,2026-04-13,part_time,35,22.4,48,75.6,97.7,24.1
DVM_0208,PCC_041,2026-04-20,part_time,35,14.6,36,85.0,100.0,23.6
DVM_0208,PCC_041,2026-04-27,part_time,35,15.5,32,72.6,99.3,27.9
DVM_0209,PCC_042,2025-11-03,relief,8,16.7,48,66.2,93.4,37.2
DVM_0209,PCC_042,2025-11-10,relief,8,7.1,20,64.0,93.5,31.2
DVM_0209,PCC_042,2025-11-17,relief,8,24.9,78,72.2,90.7,31.0
DVM_0209,PCC_042,2025-11-24,relief,8,24.2,78,59.4,92.6,35.4
DVM_0209,PCC_042,2025-12-01,relief,8,15.4,41,69.4,88.4,35.1
DVM_0209,PCC_042,2025-12-08,relief,8,22.3,61,60.2,96.9,34.1
DVM_0209,PCC_042,2025-12-15,relief,8,29.6,84,62.3,93.0,34.0
DVM_0209,PCC_042,2025-12-22,relief,8,26.1,78,61.2,94.9,31.8
DVM_0209,PCC_042,2025-12-29,relief,8,12.7,37,73.3,90.2,33.1
DVM_0209,PCC_042,2026-01-05,relief,8,10.9,34,72.8,91.4,30.6
DVM_0209,PCC_042,2026-01-26,relief,8,18.4,47,69.9,92.8,33.4
DVM_0209,PCC_042,2026-02-02,relief,8,13.7,47,67.2,93.6,33.8
DVM_0209,PCC_042,2026-02-09,relief,8,13.4,32,71.8,99.7,32.2
DVM_0209,PCC_042,2026-02-16,relief,8,26.6,94,65.1,94.9,33.9
DVM_0209,PCC_042,2026-02-23,relief,8,5.2,14,79.8,100.0,33.4
DVM_0209,PCC_042,2026-03-02,relief,8,26.8,71,70.7,96.5,29.5
DVM_0209,PCC_042,2026-03-09,relief,8,18.0,46,71.3,91.2,29.5
DVM_0209,PCC_042,2026-03-16,relief,8,18.4,60,74.7,91.3,34.5
DVM_0209,PCC_042,2026-03-23,relief,8,21.0,64,66.8,95.2,31.3
DVM_0209,PCC_042,2026-03-30,relief,8,23.2,68,73.0,97.0,36.6
DVM_0209,PCC_042,2026-04-06,relief,8,16.4,48,76.3,89.8,33.1
DVM_0209,PCC_042,2026-04-13,relief,8,13.7,35,71.5,97.4,
DVM_0209,PCC_042,2026-04-20,relief,8,9.2,25,69.3,79.7,34.0
DVM_0209,PCC_042,2026-04-27,relief,8,16.0,34,66.4,92.7,34.7
DVM_0210,PCC_042,2025-11-03,full_time,53,26.9,71,71.9,88.7,23.9
DVM_0210,PCC_042,2025-11-10,full_time,53,39.6,125,70.2,85.8,19.1
DVM_0210,PCC_042,2025-11-17,full_time,53,40.8,102,72.0,90.8,19.1
DVM_0210,PCC_042,2025-11-24,full_time,53,25.2,84,70.3,87.3,27.3
DVM_0210,PCC_042,2025-12-01,full_time,53,26.0,85,82.0,88.4,24.4
DVM_0210,PCC_042,2025-12-15,full_time,53,36.0,89,69.8,94.6,27.2
DVM_0210,PCC_042,2025-12-22,full_time,53,22.1,69,81.7,89.8,24.2
DVM_0210,PCC_042,2025-12-29,full_time,53,29.3,80,70.9,87.4,21.9
DVM_0210,PCC_042,2026-01-05,full_time,53,30.5,96,72.1,84.2,27.0
DVM_0210,PCC_042,2026-01-12,full_time,53,23.3,72,68.7,97.1,26.5
DVM_0210,PCC_042,2026-01-19,full_time,53,30.7,97,73.6,88.0,24.0
DVM_0210,PCC_042,2026-01-26,full_time,53,27.5,74,78.9,90.3,23.5
DVM_0210,PCC_042,2026-02-02,full_time,53,32.5,84,74.9,83.6,23.4
DVM_0210,PCC_042,2026-02-16,full_time,53,38.7,109,75.8,89.2,21.7
DVM_0210,PCC_042,2026-02-23,full_time,53,31.4,83,69.1,87.4,22.6
DVM_0210,PCC_042,2026-03-02,full_time,53,37.8,114,72.9,89.6,27.2
DVM_0210,PCC_042,2026-03-09,full_time,53,28.1,84,80.4,93.0,27.4
DVM_0210,PCC_042,2026-03-16,full_time,53,36.5,101,69.4,89.1,26.2
DVM_0210,PCC_042,2026-03-23,full_time,53,38.7,114,76.2,91.6,23.6
DVM_0210,PCC_042,2026-03-30,full_time,53,31.3,100,64.5,90.9,22.6
DVM_0210,PCC_042,2026-04-06,full_time,53,24.0,66,76.1,95.1,26.0
DVM_0210,PCC_042,2026-04-13,full_time,53,38.4,121,76.4,93.3,27.9
DVM_0210,PCC_042,2026-04-20,full_time,53,33.0,102,65.5,86.9,28.3
DVM_0210,PCC_042,2026-04-27,full_time,53,27.1,88,79.2,96.1,
DVM_0211,PCC_042,2025-11-03,full_time,85,33.4,107,93.5,86.3,22.4
DVM_0211,PCC_042,2025-11-10,full_time,85,26.0,83,87.6,90.8,23.5
DVM_0211,PCC_042,2025-11-24,full_time,85,19.9,53,89.3,86.0,29.4
DVM_0211,PCC_042,2025-12-01,full_time,85,36.8,113,92.6,91.4,23.6
DVM_0211,PCC_042,2025-12-08,full_time,85,34.1,104,86.1,82.4,24.5
DVM_0211,PCC_042,2025-12-15,full_time,85,33.2,107,87.3,89.6,26.0
DVM_0211,PCC_042,2025-12-22,full_time,85,35.5,94,87.8,89.4,23.9
DVM_0211,PCC_042,2025-12-29,full_time,85,33.3,111,88.4,94.5,24.3
DVM_0211,PCC_042,2026-01-05,full_time,85,29.6,87,92.3,88.1,23.1
DVM_0211,PCC_042,2026-01-12,full_time,85,34.0,106,87.0,89.3,22.5
DVM_0211,PCC_042,2026-01-19,full_time,85,32.2,94,96.8,93.3,21.7
DVM_0211,PCC_042,2026-01-26,full_time,85,33.8,93,84.7,86.5,22.0
DVM_0211,PCC_042,2026-02-02,full_time,85,35.1,104,93.0,90.3,22.2
DVM_0211,PCC_042,2026-02-09,full_time,85,36.9,100,89.0,98.7,23.6
DVM_0211,PCC_042,2026-02-23,full_time,85,39.0,100,91.7,93.8,20.0
DVM_0211,PCC_042,2026-03-02,full_time,85,27.4,100,96.3,88.4,21.1
DVM_0211,PCC_042,2026-03-09,full_time,85,29.8,94,96.9,96.6,25.6
DVM_0211,PCC_042,2026-03-16,full_time,85,25.8,83,93.7,89.2,21.7
DVM_0211,PCC_042,2026-03-23,full_time,85,28.6,88,86.1,99.8,26.9
DVM_0211,PCC_042,2026-03-30,full_time,85,28.9,96,84.3,95.2,25.8
DVM_0211,PCC_042,2026-04-06,full_time,85,20.8,58,83.4,97.9,22.4
DVM_0211,PCC_042,2026-04-13,full_time,85,32.7,93,90.4,99.6,23.4
DVM_0211,PCC_042,2026-04-20,full_time,85,31.5,99,75.7,95.7,25.9
DVM_0211,PCC_042,2026-04-27,full_time,85,32.1,103,89.7,92.6,22.8
DVM_0212,PCC_043,2025-11-03,full_time,19,31.4,82,81.6,84.9,25.8
DVM_0212,PCC_043,2025-11-10,full_time,19,30.1,80,83.1,86.0,31.2
DVM_0212,PCC_043,2025-11-17,full_time,19,30.8,86,80.2,89.0,27.7
DVM_0212,PCC_043,2025-11-24,full_time,19,26.3,69,82.6,82.2,28.0
DVM_0212,PCC_043,2025-12-01,full_time,19,30.8,78,82.8,84.3,23.1
DVM_0212,PCC_043,2025-12-15,full_time,19,38.1,91,83.1,86.6,32.2
DVM_0212,PCC_043,2025-12-22,full_time,19,39.6,96,82.5,85.9,29.5
DVM_0212,PCC_043,2025-12-29,full_time,19,23.6,65,76.2,85.0,24.4
DVM_0212,PCC_043,2026-01-05,full_time,19,20.4,58,85.4,82.3,25.7
DVM_0212,PCC_043,2026-01-12,FULL_TIME,19,24.6,66,77.1,91.7,29.9
DVM_0212,PCC_043,2026-01-19,full_time,19,25.5,52,89.3,88.1,26.6
DVM_0212,PCC_043,2026-01-26,full_time,19,25.2,66,73.6,84.8,29.7
DVM_0212,PCC_043,2026-02-02,full_time,19,39.2,102,83.6,85.0,29.0
DVM_0212,PCC_043,2026-02-09,full_time,19,28.7,73,88.7,81.5,30.5
DVM_0212,PCC_043,2026-02-16,full_time,19,38.9,105,77.6,78.7,26.2
DVM_0212,PCC_043,2026-02-23,full_time,19,35.1,86,78.1,87.0,30.6
DVM_0212,PCC_043,2026-03-02,full_time,19,41.9,126,80.6,89.5,32.0
DVM_0212,PCC_043,2026-03-09,full_time,19,30.7,92,72.7,88.6,23.6
DVM_0212,PCC_043,2026-03-16,full_time,19,29.3,86,85.1,84.2,28.2
DVM_0212,PCC_043,2026-03-23,full_time,19,16.5,49,76.6,82.5,27.3
DVM_0212,PCC_043,2026-03-30,full_time,19,31.9,64,74.0,83.0,28.7
DVM_0212,PCC_043,2026-04-06,full_time,19,26.3,87,86.0,97.6,28.7
DVM_0212,PCC_043,2026-04-20,full_time,19,28.9,83,76.0,86.2,28.8
DVM_0212,PCC_043,2026-04-27,full_time,19,23.0,56,79.4,87.9,26.1
DVM_0213,PCC_043,2025-11-03,full_time,6,37.4,85,68.6,87.5,31.8
DVM_0213,PCC_043,2025-11-10,full_time,6,30.3,91,72.5,88.1,35.0
DVM_0213,PCC_043,2025-11-17,full_time,6,35.8,107,76.1,86.9,33.9
DVM_0213,PCC_043,2025-11-24,full_time,6,26.2,73,77.1,90.2,32.4
DVM_0213,PCC_043,2025-12-01,full_time,6,32.3,81,73.3,84.0,28.8
DVM_0213,PCC_043,2025-12-08,full_time,6,36.8,92,68.3,82.2,31.6
DVM_0213,PCC_043,2025-12-22,full_time,6,27.9,70,74.0,88.9,32.0
DVM_0213,PCC_043,2025-12-29,full_time,6,34.7,103,81.7,86.7,32.5
DVM_0213,PCC_043,2026-01-05,full_time,6,24.9,58,65.2,87.2,31.8
DVM_0213,PCC_043,2026-01-12,full_time,6,30.2,77,66.6,91.3,31.2
DVM_0213,PCC_043,2026-01-19,full_time,6,28.1,75,75.2,87.2,34.6
DVM_0213,PCC_043,2026-01-26,full_time,6,34.3,91,75.1,93.9,32.1
DVM_0213,PCC_043,2026-02-02,FULL_TIME,6,25.9,67,68.2,93.6,35.0
DVM_0213,PCC_043,2026-02-09,full_time,6,30.3,87,71.6,89.5,32.0
DVM_0213,PCC_043,2026-02-16,full_time,6,24.7,64,76.9,94.6,37.3
DVM_0213,PCC_043,2026-02-23,full_time,6,43.3,95,73.6,98.6,28.1
DVM_0213,PCC_043,2026-03-02,full_time,6,30.4,93,68.8,96.1,32.5
DVM_0213,PCC_043,2026-03-09,full_time,6,29.4,70,76.6,91.0,32.6
DVM_0213,PCC_043,2026-03-16,full_time,6,19.3,53,72.6,96.4,32.7
DVM_0213,PCC_043,2026-03-23,full_time,6,30.4,72,75.1,92.7,30.8
DVM_0213,PCC_043,2026-03-30,full_time,6,27.8,77,76.4,94.3,33.6
DVM_0213,PCC_043,2026-04-06,full_time,6,34.7,101,70.6,87.5,30.5
DVM_0213,PCC_043,2026-04-13,FULL_TIME,6,28.4,86,70.7,88.3,35.6
DVM_0213,PCC_043,2026-04-20,full_time,6,40.5,109,76.8,91.4,32.5
DVM_0213,PCC_043,2026-04-27,full_time,6,26.2,51,79.4,90.3,29.3
DVM_0214,PCC_043,2025-11-03,full_time,17,23.4,54,79.8,94.4,23.6
DVM_0214,PCC_043,2025-11-10,full_time,17,19.6,65,74.3,100.0,26.6
DVM_0214,PCC_043,2025-11-17,full_time,17,27.9,60,72.9,92.2,21.6
DVM_0214,PCC_043,2025-11-24,full_time,17,42.2,117,70.8,99.0,24.6
DVM_0214,PCC_043,2025-12-08,full_time,17,40.5,80,82.4,89.8,26.5
DVM_0214,PCC_043,2025-12-15,full_time,17,29.4,85,71.1,92.3,24.5
DVM_0214,PCC_043,2025-12-22,full_time,17,29.5,77,76.3,96.4,24.8
DVM_0214,PCC_043,2025-12-29,full_time,17,25.6,54,77.7,91.1,23.2
DVM_0214,PCC_043,2026-01-05,full_time,17,31.6,81,80.8,87.4,23.5
DVM_0214,PCC_043,2026-01-19,full_time,17,26.9,75,76.9,94.4,25.9
DVM_0214,PCC_043,2026-01-26,full_time,17,30.3,77,75.5,95.9,19.9
DVM_0214,PCC_043,2026-02-02,full_time,17,25.3,72,68.1,89.1,29.4
DVM_0214,PCC_043,2026-02-09,full_time,17,37.6,107,73.0,93.3,
DVM_0214,PCC_043,2026-02-16,full_time,17,24.8,83,75.2,90.9,19.5
DVM_0214,PCC_043,2026-02-23,full_time,17,34.5,95,63.6,89.2,26.1
DVM_0214,PCC_043,2026-03-02,FULL_TIME,17,40.0,120,79.4,97.9,22.6
DVM_0214,PCC_043,2026-03-09,full_time,17,36.0,99,78.8,90.4,25.8
DVM_0214,PCC_043,2026-03-16,full_time,17,34.8,102,79.8,92.4,23.1
DVM_0214,PCC_043,2026-03-23,full_time,17,39.7,87,74.4,93.2,24.3
DVM_0214,PCC_043,2026-03-30,full_time,17,23.0,55,76.2,88.1,25.2
DVM_0214,PCC_043,2026-04-06,full_time,17,37.0,92,71.6,99.0,23.6
DVM_0214,PCC_043,2026-04-13,full_time,17,25.6,71,73.1,93.3,26.2
DVM_0214,PCC_043,2026-04-20,full_time,17,29.9,94,74.0,96.7,26.1
DVM_0214,PCC_043,2026-04-27,full_time,17,34.7,101,74.9,93.8,27.7
DVM_0215,PCC_043,2025-11-03,part_time,54,12.7,37,66.7,86.5,31.6
DVM_0215,PCC_043,2025-11-10,part_time,54,21.9,58,73.0,84.9,28.5
DVM_0215,PCC_043,2025-11-17,part_time,54,37.4,83,67.0,83.0,26.3
DVM_0215,PCC_043,2025-11-24,part_time,54,19.7,50,76.8,84.9,30.4
DVM_0215,PCC_043,2025-12-01,part_time,54,17.2,57,71.6,88.6,26.1
DVM_0215,PCC_043,2025-12-08,part_time,54,12.8,38,74.3,89.1,29.8
DVM_0215,PCC_043,2025-12-15,part_time,54,18.4,46,67.5,94.8,28.5
DVM_0215,PCC_043,2025-12-22,part_time,54,18.4,42,74.5,85.5,28.2
DVM_0215,PCC_043,2025-12-29,part_time,54,22.5,53,78.8,88.3,29.6
DVM_0215,PCC_043,2026-01-05,part_time,54,19.3,43,75.1,88.9,29.1
DVM_0215,PCC_043,2026-01-19,part_time,54,18.8,44,79.3,90.7,30.9
DVM_0215,PCC_043,2026-01-26,part_time,54,19.7,54,71.6,87.0,30.2
DVM_0215,PCC_043,2026-02-02,part_time,54,17.3,52,78.2,86.6,34.6
DVM_0215,PCC_043,2026-02-09,part_time,54,18.3,53,73.7,94.9,31.0
DVM_0215,PCC_043,2026-02-16,part_time,54,10.7,30,76.1,81.4,27.3
DVM_0215,PCC_043,2026-02-23,part_time,54,8.0,20,65.5,85.8,26.7
DVM_0215,PCC_043,2026-03-02,part_time,54,34.3,74,70.1,89.9,27.6
DVM_0215,PCC_043,2026-03-09,part_time,54,23.9,66,70.1,88.5,27.7
DVM_0215,PCC_043,2026-03-16,part_time,54,7.0,19,70.6,84.9,29.2
DVM_0215,PCC_043,2026-03-23,part_time,54,19.8,58,72.4,85.1,28.8
DVM_0215,PCC_043,2026-03-30,PART_TIME,54,17.4,44,66.1,88.4,31.4
DVM_0215,PCC_043,2026-04-06,part_time,54,30.1,83,68.3,92.6,26.3
DVM_0215,PCC_043,2026-04-13,part_time,54,17.9,44,73.5,86.2,26.6
DVM_0215,PCC_043,2026-04-20,part_time,54,15.2,36,71.2,95.7,30.9
DVM_0215,PCC_043,2026-04-27,part_time,54,18.2,49,72.2,85.2,30.2
DVM_0216,PCC_043,2025-11-03,full_time,95,28.0,58,70.3,100.0,26.7
DVM_0216,PCC_043,2025-11-10,full_time,95,28.2,58,67.5,89.0,25.0
DVM_0216,PCC_043,2025-11-17,full_time,95,32.0,79,69.5,96.6,26.4
DVM_0216,PCC_043,2025-11-24,full_time,95,36.2,106,79.2,95.0,22.8
DVM_0216,PCC_043,2025-12-01,full_time,95,29.5,90,73.2,93.4,22.7
DVM_0216,PCC_043,2025-12-08,full_time,95,28.0,73,65.8,100.0,23.7
DVM_0216,PCC_043,2025-12-15,FULL_TIME,95,44.9,126,69.6,96.8,24.8
DVM_0216,PCC_043,2025-12-22,full_time,95,37.8,119,71.5,88.1,23.9
DVM_0216,PCC_043,2025-12-29,full_time,95,29.3,75,73.9,89.5,21.5
DVM_0216,PCC_043,2026-01-05,full_time,95,26.4,61,77.0,96.0,25.2
DVM_0216,PCC_043,2026-01-12,FULL_TIME,95,28.1,77,76.2,87.9,25.2
DVM_0216,PCC_043,2026-01-19,full_time,95,23.0,57,74.9,96.5,22.2
DVM_0216,PCC_043,2026-01-26,full_time,95,48.0,121,72.7,89.8,24.2
DVM_0216,PCC_043,2026-02-02,full_time,95,43.0,123,82.4,95.3,24.3
DVM_0216,PCC_043,2026-02-09,full_time,95,24.0,62,66.5,89.5,26.7
DVM_0216,PCC_043,2026-02-16,full_time,95,25.5,67,67.2,93.4,22.5
DVM_0216,PCC_043,2026-03-02,full_time,95,33.7,85,74.7,90.9,20.7
DVM_0216,PCC_043,2026-03-09,full_time,95,26.1,58,67.5,94.9,27.0
DVM_0216,PCC_043,2026-03-16,full_time,95,37.8,99,71.8,93.9,26.6
DVM_0216,PCC_043,2026-03-23,full_time,95,33.3,98,77.7,94.3,23.2
DVM_0216,PCC_043,2026-03-30,full_time,95,28.6,67,69.7,96.2,24.8
DVM_0216,PCC_043,2026-04-06,full_time,95,26.6,69,74.4,95.8,26.7
DVM_0216,PCC_043,2026-04-13,full_time,95,46.4,143,77.2,94.3,24.1
DVM_0216,PCC_043,2026-04-20,FULL_TIME,95,28.9,74,69.3,95.6,22.5
DVM_0216,PCC_043,2026-04-27,FULL_TIME,95,28.6,78,74.6,97.6,24.6
DVM_0217,PCC_044,2025-11-03,full_time,53,39.1,117,76.4,99.3,28.2
DVM_0217,PCC_044,2025-11-10,full_time,53,35.3,95,78.1,93.1,26.6
DVM_0217,PCC_044,2025-11-17,full_time,53,37.2,113,83.2,96.3,25.9
DVM_0217,PCC_044,2025-11-24,full_time,53,35.8,96,74.7,100.0,26.2
DVM_0217,PCC_044,2025-12-01,full_time,53,28.2,56,85.5,98.8,23.7
DVM_0217,PCC_044,2025-12-08,full_time,53,38.1,103,78.5,94.0,28.3
DVM_0217,PCC_044,2025-12-15,full_time,53,32.8,80,80.7,99.0,22.0
DVM_0217,PCC_044,2025-12-22,full_time,53,26.8,76,84.7,99.5,23.0
DVM_0217,PCC_044,2025-12-29,full_time,53,26.8,66,77.6,100.0,27.3
DVM_0217,PCC_044,2026-01-05,full_time,53,36.7,96,77.6,99.5,25.4
DVM_0217,PCC_044,2026-01-12,full_time,53,27.9,65,83.4,100.0,23.3
DVM_0217,PCC_044,2026-01-19,full_time,53,27.3,60,74.0,100.0,29.0
DVM_0217,PCC_044,2026-01-26,full_time,53,25.1,64,74.6,98.8,25.6
DVM_0217,PCC_044,2026-02-02,full_time,53,44.4,124,82.3,99.7,26.3
DVM_0217,PCC_044,2026-02-09,full_time,53,26.9,78,82.0,98.7,32.4
DVM_0217,PCC_044,2026-02-16,full_time,53,41.1,97,80.8,100.0,24.0
DVM_0217,PCC_044,2026-02-23,full_time,53,37.3,88,83.9,100.0,22.6
DVM_0217,PCC_044,2026-03-02,full_time,53,35.3,100,88.1,93.1,25.5
DVM_0217,PCC_044,2026-03-09,full_time,53,32.7,89,80.8,95.9,24.5
DVM_0217,PCC_044,2026-03-16,full_time,53,27.7,59,78.0,99.4,27.4
DVM_0217,PCC_044,2026-03-23,full_time,53,27.5,75,78.2,94.1,24.7
DVM_0217,PCC_044,2026-03-30,full_time,53,37.0,103,77.1,92.1,29.0
DVM_0217,PCC_044,2026-04-06,full_time,53,33.9,89,84.8,100.0,26.8
DVM_0217,PCC_044,2026-04-13,full_time,53,38.6,114,85.6,93.5,25.3
DVM_0217,PCC_044,2026-04-20,full_time,53,37.8,100,77.8,92.5,23.9
DVM_0217,PCC_044,2026-04-27,full_time,53,27.1,70,73.6,100.0,26.7
DVM_0218,PCC_044,2025-11-10,full_time,77,30.3,75,71.9,85.8,26.8
DVM_0218,PCC_044,2025-11-17,full_time,77,34.2,97,73.7,96.4,24.2
DVM_0218,PCC_044,2025-11-24,full_time,77,26.8,73,76.9,90.3,26.2
DVM_0218,PCC_044,2025-12-01,full_time,77,36.1,92,71.9,98.4,29.7
DVM_0218,PCC_044,2025-12-08,full_time,77,38.0,104,67.0,93.3,25.0
DVM_0218,PCC_044,2025-12-15,full_time,77,30.4,89,72.9,88.9,25.6
DVM_0218,PCC_044,2025-12-22,full_time,77,27.4,62,73.0,81.6,28.0
DVM_0218,PCC_044,2025-12-29,full_time,77,31.0,91,74.3,92.7,22.7
DVM_0218,PCC_044,2026-01-05,FULL_TIME,77,39.5,104,81.1,92.3,31.2
DVM_0218,PCC_044,2026-01-12,full_time,77,36.3,107,82.5,91.8,27.4
DVM_0218,PCC_044,2026-01-19,full_time,77,23.8,52,80.0,92.1,31.1
DVM_0218,PCC_044,2026-02-09,full_time,77,29.4,72,75.5,95.4,26.9
DVM_0218,PCC_044,2026-02-23,full_time,77,38.3,96,70.1,85.6,28.4
DVM_0218,PCC_044,2026-03-02,full_time,77,23.4,60,69.9,87.0,30.6
DVM_0218,PCC_044,2026-03-09,full_time,77,35.9,75,75.8,91.1,23.7
DVM_0218,PCC_044,2026-03-16,full_time,77,30.8,74,76.7,95.9,26.4
DVM_0218,PCC_044,2026-03-23,full_time,77,24.1,59,77.1,85.4,26.5
DVM_0218,PCC_044,2026-03-30,full_time,77,30.1,61,82.0,87.9,27.2
DVM_0218,PCC_044,2026-04-06,full_time,77,22.0,53,80.6,82.5,27.5
DVM_0218,PCC_044,2026-04-13,full_time,77,38.3,92,73.4,90.5,29.0
DVM_0218,PCC_044,2026-04-20,full_time,77,40.2,103,81.8,90.3,28.3
DVM_0218,PCC_044,2026-04-27,full_time,77,48.0,125,76.8,96.2,28.9
DVM_0219,PCC_044,2025-11-03,full_time,44,34.8,91,64.2,94.7,22.5
DVM_0219,PCC_044,2025-11-10,full_time,44,42.6,113,72.5,93.3,25.4
DVM_0219,PCC_044,2025-11-17,full_time,44,39.3,119,64.5,98.1,29.7
DVM_0219,PCC_044,2025-11-24,full_time,44,32.3,83,68.1,93.8,27.6
DVM_0219,PCC_044,2025-12-01,full_time,44,28.0,59,79.9,90.3,19.0
DVM_0219,PCC_044,2025-12-08,full_time,44,24.8,61,78.5,93.6,22.6
DVM_0219,PCC_044,2025-12-15,full_time,44,26.2,71,68.3,94.9,22.2
DVM_0219,PCC_044,2025-12-22,full_time,44,40.3,109,76.8,100.0,21.9
DVM_0219,PCC_044,2025-12-29,full_time,44,29.5,78,80.3,98.7,27.4
DVM_0219,PCC_044,2026-01-19,full_time,44,32.7,78,59.9,91.9,22.2
DVM_0219,PCC_044,2026-01-26,full_time,44,31.7,69,79.4,85.7,26.6
DVM_0219,PCC_044,2026-02-09,FULL_TIME,44,29.0,73,70.6,99.4,22.9
DVM_0219,PCC_044,2026-02-16,full_time,44,30.6,62,74.3,89.0,20.2
DVM_0219,PCC_044,2026-02-23,full_time,44,32.9,70,68.1,94.2,20.4
DVM_0219,PCC_044,2026-03-02,full_time,44,32.5,101,75.1,84.1,20.6
DVM_0219,PCC_044,2026-03-09,full_time,44,28.3,80,69.0,93.8,24.3
DVM_0219,PCC_044,2026-03-16,full_time,44,22.3,53,75.7,93.0,23.7
DVM_0219,PCC_044,2026-03-23,full_time,44,30.4,75,73.3,93.5,23.3
DVM_0219,PCC_044,2026-03-30,full_time,44,34.1,81,65.1,92.3,21.0
DVM_0219,PCC_044,2026-04-06,full_time,44,30.6,67,71.8,92.4,24.4
DVM_0219,PCC_044,2026-04-13,full_time,44,44.3,113,69.8,90.7,21.9
DVM_0219,PCC_044,2026-04-20,full_time,44,24.2,53,69.6,92.4,19.5
DVM_0219,PCC_044,2026-04-27,full_time,44,29.0,64,71.4,94.9,22.1
DVM_0220,PCC_044,2025-11-03,part_time,39,8.3,21,86.6,84.0,29.2
DVM_0220,PCC_044,2025-11-10,PART_TIME,39,21.5,57,77.9,84.4,27.7
DVM_0220,PCC_044,2025-11-17,part_time,39,7.9,21,79.9,87.9,29.4
DVM_0220,PCC_044,2025-11-24,part_time,39,18.6,39,83.6,85.7,27.5
DVM_0220,PCC_044,2025-12-01,part_time,39,19.2,59,87.8,82.7,26.3
DVM_0220,PCC_044,2025-12-08,part_time,39,25.1,58,85.1,84.5,29.7
DVM_0220,PCC_044,2025-12-15,part_time,39,14.4,40,77.1,85.8,30.6
DVM_0220,PCC_044,2025-12-22,part_time,39,5.4,14,88.2,85.5,30.6
DVM_0220,PCC_044,2025-12-29,part_time,39,18.3,39,87.2,86.0,28.6
DVM_0220,PCC_044,2026-01-05,part_time,39,14.7,36,81.6,88.7,30.0
DVM_0220,PCC_044,2026-01-19,PART_TIME,39,25.1,63,77.7,85.0,30.8
DVM_0220,PCC_044,2026-01-26,PART_TIME,39,23.7,58,83.3,89.0,26.9
DVM_0220,PCC_044,2026-02-02,part_time,39,18.8,41,86.4,81.6,
DVM_0220,PCC_044,2026-02-09,part_time,39,16.0,33,81.5,83.2,27.8
DVM_0220,PCC_044,2026-02-16,part_time,39,25.1,67,83.1,83.7,28.6
DVM_0220,PCC_044,2026-02-23,part_time,39,26.6,73,81.0,81.3,25.9
DVM_0220,PCC_044,2026-03-02,part_time,39,27.8,69,79.4,85.5,27.1
DVM_0220,PCC_044,2026-03-09,part_time,39,14.7,33,80.0,86.9,29.9
DVM_0220,PCC_044,2026-03-16,part_time,39,21.8,58,78.4,85.2,29.5
DVM_0220,PCC_044,2026-03-23,part_time,39,16.0,42,83.6,86.5,31.0
DVM_0220,PCC_044,2026-03-30,part_time,39,12.9,39,75.5,84.9,27.9
DVM_0220,PCC_044,2026-04-06,part_time,39,24.3,70,81.4,91.5,22.8
DVM_0220,PCC_044,2026-04-13,part_time,39,25.3,80,80.9,85.5,32.2
DVM_0220,PCC_044,2026-04-20,part_time,39,13.0,37,81.4,84.5,29.8
DVM_0220,PCC_044,2026-04-27,part_time,39,18.2,42,74.2,80.3,31.0
DVM_0221,PCC_044,2025-11-10,relief,21,25.3,76,83.0,91.8,21.9
DVM_0221,PCC_044,2025-11-24,relief,21,22.9,57,75.3,99.2,23.5
DVM_0221,PCC_044,2025-12-01,relief,21,15.9,43,73.6,90.6,22.2
DVM_0221,PCC_044,2025-12-08,relief,21,19.5,45,75.7,92.0,18.8
DVM_0221,PCC_044,2025-12-15,relief,21,14.1,29,75.6,88.4,20.0
DVM_0221,PCC_044,2025-12-22,RELIEF,21,18.3,50,68.5,87.1,20.8
DVM_0221,PCC_044,2025-12-29,relief,21,19.1,54,75.4,89.2,22.0
DVM_0221,PCC_044,2026-01-05,relief,21,17.7,37,70.5,94.8,18.0
DVM_0221,PCC_044,2026-01-12,relief,21,15.1,36,80.1,91.8,22.5
DVM_0221,PCC_044,2026-01-19,relief,21,18.8,57,75.1,89.8,20.3
DVM_0221,PCC_044,2026-01-26,relief,21,12.9,29,71.3,89.3,24.3
DVM_0221,PCC_044,2026-02-02,relief,21,4.0,9,68.4,89.3,19.9
DVM_0221,PCC_044,2026-02-16,relief,21,12.4,32,69.3,86.2,
DVM_0221,PCC_044,2026-02-23,relief,21,15.1,40,77.5,90.9,20.2
DVM_0221,PCC_044,2026-03-02,relief,21,11.4,29,77.2,92.3,20.9
DVM_0221,PCC_044,2026-03-09,relief,21,11.9,27,79.2,87.7,
DVM_0221,PCC_044,2026-03-16,relief,21,16.7,38,74.0,84.5,20.2
DVM_0221,PCC_044,2026-03-23,relief,21,10.4,32,77.5,90.6,17.9
DVM_0221,PCC_044,2026-03-30,relief,21,22.1,56,67.6,95.1,20.5
DVM_0221,PCC_044,2026-04-06,relief,21,17.4,46,73.1,93.2,18.4
DVM_0221,PCC_044,2026-04-13,relief,21,17.5,43,64.3,95.0,18.4
DVM_0221,PCC_044,2026-04-20,relief,21,23.1,74,70.4,98.7,19.2
DVM_0221,PCC_044,2026-04-27,relief,21,23.4,60,75.8,97.7,22.6
DVM_0222,PCC_044,2025-11-03,full_time,26,24.6,55,85.2,87.2,28.4
DVM_0222,PCC_044,2025-11-10,full_time,26,32.6,96,88.1,91.0,26.0
DVM_0222,PCC_044,2025-11-17,full_time,26,29.4,68,83.2,93.3,23.3
DVM_0222,PCC_044,2025-11-24,full_time,26,32.7,96,78.2,87.2,22.3
DVM_0222,PCC_044,2025-12-01,full_time,26,28.1,65,78.5,88.2,29.3
DVM_0222,PCC_044,2025-12-08,full_time,26,26.7,72,87.5,88.7,23.8
DVM_0222,PCC_044,2025-12-15,full_time,26,30.7,82,78.1,91.5,24.5
DVM_0222,PCC_044,2025-12-29,full_time,26,38.1,95,75.7,91.6,24.9
DVM_0222,PCC_044,2026-01-05,full_time,26,28.8,88,80.6,88.6,29.1
DVM_0222,PCC_044,2026-01-12,full_time,26,23.4,49,84.5,89.2,26.8
DVM_0222,PCC_044,2026-01-19,full_time,26,29.9,81,85.9,90.7,28.1
DVM_0222,PCC_044,2026-01-26,full_time,26,32.3,83,84.7,88.3,25.8
DVM_0222,PCC_044,2026-02-02,full_time,26,31.4,86,79.3,82.2,26.3
DVM_0222,PCC_044,2026-02-09,full_time,26,41.3,100,85.1,88.9,25.7
DVM_0222,PCC_044,2026-02-16,full_time,26,30.0,80,82.9,87.9,25.0
DVM_0222,PCC_044,2026-02-23,full_time,26,33.7,81,81.1,99.5,23.3
DVM_0222,PCC_044,2026-03-02,full_time,26,23.0,62,80.0,89.6,20.8
DVM_0222,PCC_044,2026-03-09,full_time,26,34.8,63,76.9,93.1,27.6
DVM_0222,PCC_044,2026-03-16,full_time,26,21.7,50,72.2,90.9,29.4
DVM_0222,PCC_044,2026-03-23,full_time,26,32.2,80,69.9,81.9,23.7
DVM_0222,PCC_044,2026-03-30,full_time,26,35.8,89,73.1,90.1,25.1
DVM_0222,PCC_044,2026-04-06,full_time,26,28.8,73,78.4,93.4,26.6
DVM_0222,PCC_044,2026-04-13,full_time,26,37.2,92,89.1,91.4,24.5
DVM_0222,PCC_044,2026-04-20,full_time,26,30.0,77,81.5,94.4,24.5
DVM_0222,PCC_044,2026-04-27,full_time,26,32.0,55,86.6,92.3,25.5
DVM_0223,PCC_045,2025-11-03,full_time,5,15.0,41,78.3,80.3,34.7
DVM_0223,PCC_045,2025-11-10,full_time,5,30.5,88,67.1,87.3,33.9
DVM_0223,PCC_045,2025-11-17,full_time,5,27.7,81,81.6,77.7,31.3
DVM_0223,PCC_045,2025-11-24,full_time,5,27.6,75,82.3,87.0,32.2
DVM_0223,PCC_045,2025-12-01,full_time,5,13.1,44,82.7,71.5,33.6
DVM_0223,PCC_045,2025-12-08,full_time,5,22.2,64,78.0,83.1,35.3
DVM_0223,PCC_045,2025-12-15,full_time,5,30.5,102,70.4,84.3,28.9
DVM_0223,PCC_045,2025-12-22,full_time,5,25.1,66,81.5,87.0,32.1
DVM_0223,PCC_045,2025-12-29,FULL_TIME,5,30.7,83,81.7,88.0,33.2
DVM_0223,PCC_045,2026-01-05,full_time,5,31.0,76,83.7,88.6,32.0
DVM_0223,PCC_045,2026-01-12,full_time,5,20.1,61,73.4,79.4,34.0
DVM_0223,PCC_045,2026-01-19,full_time,5,22.1,70,75.9,86.5,32.8
DVM_0223,PCC_045,2026-01-26,full_time,5,29.0,77,79.4,86.0,34.0
DVM_0223,PCC_045,2026-02-02,full_time,5,26.9,81,79.4,86.6,34.2
DVM_0223,PCC_045,2026-02-09,full_time,5,32.7,79,87.6,81.6,35.0
DVM_0223,PCC_045,2026-02-16,full_time,5,28.3,92,83.1,83.8,32.3
DVM_0223,PCC_045,2026-02-23,full_time,5,35.0,106,75.6,86.0,31.6
DVM_0223,PCC_045,2026-03-02,full_time,5,39.2,100,80.5,81.2,34.4
DVM_0223,PCC_045,2026-03-09,full_time,5,41.1,112,81.6,83.8,35.7
DVM_0223,PCC_045,2026-03-16,full_time,5,28.1,80,80.4,83.4,30.8
DVM_0223,PCC_045,2026-03-23,full_time,5,37.1,94,77.9,85.8,29.8
DVM_0223,PCC_045,2026-03-30,full_time,5,29.8,85,74.1,87.7,31.0
DVM_0223,PCC_045,2026-04-06,full_time,5,29.4,78,67.3,86.3,30.4
DVM_0223,PCC_045,2026-04-13,full_time,5,35.7,102,81.9,84.7,31.5
DVM_0223,PCC_045,2026-04-20,full_time,5,30.0,86,74.0,89.5,34.4
DVM_0224,PCC_045,2025-11-03,full_time,14,31.3,79,57.3,75.9,20.9
DVM_0224,PCC_045,2025-11-10,full_time,14,31.2,83,64.5,81.5,27.2
DVM_0224,PCC_045,2025-11-17,full_time,14,40.1,99,58.0,90.6,22.2
DVM_0224,PCC_045,2025-11-24,full_time,14,42.4,117,59.1,78.4,19.4
DVM_0224,PCC_045,2025-12-01,full_time,14,35.8,110,69.6,88.3,18.5
DVM_0224,PCC_045,2025-12-08,full_time,14,17.7,52,66.9,79.9,18.7
DVM_0224,PCC_045,2025-12-15,full_time,14,33.3,101,65.3,81.9,22.1
DVM_0224,PCC_045,2025-12-22,full_time,14,33.1,91,69.2,82.2,17.4
DVM_0224,PCC_045,2025-12-29,full_time,14,31.8,97,63.6,77.6,19.9
DVM_0224,PCC_045,2026-01-05,full_time,14,29.2,78,64.2,82.9,18.0
DVM_0224,PCC_045,2026-01-12,full_time,14,35.8,99,68.5,84.4,20.4
DVM_0224,PCC_045,2026-01-19,full_time,14,35.4,98,62.7,79.7,19.1
DVM_0224,PCC_045,2026-01-26,full_time,14,40.2,94,57.2,79.7,17.9
DVM_0224,PCC_045,2026-02-02,full_time,14,28.0,67,71.2,78.2,20.5
DVM_0224,PCC_045,2026-02-09,full_time,14,33.5,109,56.7,78.2,21.6
DVM_0224,PCC_045,2026-02-16,full_time,14,38.0,105,56.6,83.4,20.4
DVM_0224,PCC_045,2026-02-23,full_time,14,29.8,87,66.1,92.6,17.9
DVM_0224,PCC_045,2026-03-02,full_time,14,31.6,97,58.6,75.5,21.4
DVM_0224,PCC_045,2026-03-09,full_time,14,41.8,116,59.7,84.6,18.4
DVM_0224,PCC_045,2026-03-16,full_time,14,36.2,100,63.7,80.3,21.6
DVM_0224,PCC_045,2026-03-23,full_time,14,33.3,100,65.8,84.4,22.7
DVM_0224,PCC_045,2026-03-30,full_time,14,21.2,55,57.3,85.5,20.4
DVM_0224,PCC_045,2026-04-06,full_time,14,33.0,104,62.3,83.3,22.8
DVM_0224,PCC_045,2026-04-13,full_time,14,39.9,125,59.5,85.0,23.6
DVM_0224,PCC_045,2026-04-20,full_time,14,28.4,78,61.8,74.3,24.3
DVM_0224,PCC_045,2026-04-27,full_time,14,45.0,135,69.7,87.7,22.6
DVM_0225,PCC_045,2025-11-03,FULL_TIME,30,32.1,98,70.7,82.8,25.8
DVM_0225,PCC_045,2025-11-10,full_time,30,43.2,127,85.5,79.6,27.4
DVM_0225,PCC_045,2025-11-17,full_time,30,38.9,104,70.6,86.9,23.4
DVM_0225,PCC_045,2025-11-24,full_time,30,45.2,102,73.6,87.5,21.5
DVM_0225,PCC_045,2025-12-01,full_time,30,19.2,61,68.7,81.2,
DVM_0225,PCC_045,2025-12-08,full_time,30,30.4,83,74.7,93.0,19.5
DVM_0225,PCC_045,2025-12-15,full_time,30,31.9,95,72.3,86.2,21.4
DVM_0225,PCC_045,2025-12-22,full_time,30,30.6,88,78.4,82.6,25.9
DVM_0225,PCC_045,2025-12-29,full_time,30,21.6,70,79.8,83.3,24.6
DVM_0225,PCC_045,2026-01-05,full_time,30,34.8,98,75.4,83.4,28.8
DVM_0225,PCC_045,2026-01-12,full_time,30,41.1,125,75.4,88.1,27.3
DVM_0225,PCC_045,2026-01-19,full_time,30,29.9,80,73.4,84.8,23.0
DVM_0225,PCC_045,2026-01-26,full_time,30,37.6,93,71.8,84.2,22.2
DVM_0225,PCC_045,2026-02-02,full_time,30,25.7,75,74.2,81.4,23.7
DVM_0225,PCC_045,2026-02-09,full_time,30,33.3,95,71.8,78.7,25.5
DVM_0225,PCC_045,2026-02-16,full_time,30,32.6,80,74.9,81.2,23.5
DVM_0225,PCC_045,2026-02-23,full_time,30,20.6,58,79.6,81.4,23.0
DVM_0225,PCC_045,2026-03-02,full_time,30,34.8,95,73.7,80.8,23.3
DVM_0225,PCC_045,2026-03-09,full_time,30,36.0,106,70.3,81.9,25.0
DVM_0225,PCC_045,2026-03-16,FULL_TIME,30,31.9,100,79.8,81.0,24.6
DVM_0225,PCC_045,2026-03-23,full_time,30,40.3,98,79.3,79.7,24.3
DVM_0225,PCC_045,2026-03-30,full_time,30,33.6,87,73.6,85.5,22.8
DVM_0225,PCC_045,2026-04-06,full_time,30,31.3,75,74.5,76.3,26.3
DVM_0225,PCC_045,2026-04-13,full_time,30,26.3,69,74.3,87.9,25.7
DVM_0225,PCC_045,2026-04-27,full_time,30,34.7,107,75.8,80.1,22.8
DVM_0226,PCC_045,2025-11-03,part_time,70,11.4,24,69.3,83.2,33.4
DVM_0226,PCC_045,2025-11-10,part_time,70,21.0,64,66.3,84.3,30.7
DVM_0226,PCC_045,2025-11-17,part_time,70,26.2,76,69.1,80.3,26.0
DVM_0226,PCC_045,2025-11-24,part_time,70,14.3,27,76.1,80.9,35.0
DVM_0226,PCC_045,2025-12-01,part_time,70,13.3,35,61.9,84.8,
DVM_0226,PCC_045,2025-12-08,part_time,70,12.5,38,65.0,82.8,30.1
DVM_0226,PCC_045,2025-12-15,part_time,70,12.0,30,67.0,83.8,30.5
DVM_0226,PCC_045,2025-12-29,part_time,70,15.2,49,64.2,82.0,29.5
DVM_0226,PCC_045,2026-01-05,part_time,70,16.7,45,68.3,92.9,26.4
DVM_0226,PCC_045,2026-01-12,part_time,70,29.0,72,62.1,84.3,28.4
DVM_0226,PCC_045,2026-01-19,part_time,70,18.9,51,63.9,77.0,28.3
DVM_0226,PCC_045,2026-01-26,part_time,70,15.8,44,66.7,82.8,30.3
DVM_0226,PCC_045,2026-02-02,part_time,70,22.8,60,62.1,84.6,29.1
DVM_0226,PCC_045,2026-02-09,part_time,70,17.6,56,66.7,85.0,26.9
DVM_0226,PCC_045,2026-02-23,part_time,70,14.0,41,68.6,82.1,32.1
DVM_0226,PCC_045,2026-03-02,part_time,70,23.0,64,60.1,88.1,29.6
DVM_0226,PCC_045,2026-03-09,part_time,70,8.0,22,63.5,81.9,
DVM_0226,PCC_045,2026-03-16,part_time,70,23.7,76,70.1,82.3,29.7
DVM_0226,PCC_045,2026-03-23,part_time,70,19.8,55,68.1,86.7,32.4
DVM_0226,PCC_045,2026-03-30,part_time,70,19.8,56,65.4,91.6,30.5
DVM_0226,PCC_045,2026-04-06,part_time,70,9.2,25,64.3,77.9,28.5
DVM_0226,PCC_045,2026-04-13,part_time,70,14.1,38,63.0,76.9,29.8
DVM_0226,PCC_045,2026-04-20,part_time,70,19.0,57,73.2,74.2,29.1
DVM_0226,PCC_045,2026-04-27,part_time,70,19.4,58,70.6,86.4,27.8
DVM_0227,PCC_045,2025-11-03,full_time,42,36.9,119,69.7,92.8,24.4
DVM_0227,PCC_045,2025-11-10,full_time,42,32.1,86,73.6,82.7,22.9
DVM_0227,PCC_045,2025-11-17,full_time,42,29.1,78,65.7,91.4,21.8
DVM_0227,PCC_045,2025-11-24,full_time,42,39.4,108,69.6,79.1,25.5
DVM_0227,PCC_045,2025-12-01,full_time,42,33.1,79,67.7,82.7,24.0
DVM_0227,PCC_045,2025-12-08,FULL_TIME,42,37.7,104,76.5,87.4,27.2
DVM_0227,PCC_045,2025-12-15,FULL_TIME,42,34.2,90,69.8,94.6,23.1
DVM_0227,PCC_045,2025-12-22,full_time,42,33.3,96,78.3,92.3,23.6
DVM_0227,PCC_045,2025-12-29,full_time,42,39.8,117,77.0,89.1,23.2
DVM_0227,PCC_045,2026-01-19,full_time,42,28.6,98,66.6,89.1,24.3
DVM_0227,PCC_045,2026-02-02,full_time,42,29.4,88,71.1,88.4,26.2
DVM_0227,PCC_045,2026-02-09,full_time,42,40.8,118,66.1,89.4,25.6
DVM_0227,PCC_045,2026-02-16,full_time,42,40.2,113,77.3,92.9,22.2
DVM_0227,PCC_045,2026-02-23,full_time,42,39.5,110,67.2,89.1,24.0
DVM_0227,PCC_045,2026-03-02,full_time,42,32.8,100,69.9,89.2,24.0
DVM_0227,PCC_045,2026-03-09,full_time,42,28.8,82,68.6,85.9,25.0
DVM_0227,PCC_045,2026-03-16,full_time,42,36.6,107,66.0,83.7,23.5
DVM_0227,PCC_045,2026-03-23,full_time,42,34.6,91,71.3,93.9,26.6
DVM_0227,PCC_045,2026-03-30,full_time,42,28.4,83,69.2,84.3,21.9
DVM_0227,PCC_045,2026-04-06,full_time,42,33.1,109,64.9,82.5,19.0
DVM_0227,PCC_045,2026-04-13,full_time,42,34.5,99,71.5,89.6,23.4
DVM_0227,PCC_045,2026-04-20,full_time,42,24.8,77,71.7,84.7,24.8
DVM_0227,PCC_045,2026-04-27,full_time,42,26.3,73,67.8,87.9,22.9
DVM_0228,PCC_045,2025-11-03,relief,47,15.5,42,59.6,80.5,24.3
DVM_0228,PCC_045,2025-11-10,relief,47,28.2,75,60.5,76.0,28.5
DVM_0228,PCC_045,2025-11-24,relief,47,19.6,49,64.0,86.1,27.5
DVM_0228,PCC_045,2025-12-01,relief,47,25.0,68,69.6,80.1,32.9
DVM_0228,PCC_045,2025-12-08,relief,47,4.0,12,71.1,87.1,30.5
DVM_0228,PCC_045,2025-12-15,relief,47,16.4,48,67.1,85.4,29.5
DVM_0228,PCC_045,2025-12-22,relief,47,17.5,55,60.2,76.0,26.7
DVM_0228,PCC_045,2025-12-29,relief,47,13.1,30,63.8,76.4,31.7
DVM_0228,PCC_045,2026-01-05,relief,47,19.3,56,59.7,69.6,29.2
DVM_0228,PCC_045,2026-01-12,relief,47,20.2,58,63.9,77.3,34.0
DVM_0228,PCC_045,2026-01-19,relief,47,15.8,38,74.2,77.8,26.8
DVM_0228,PCC_045,2026-01-26,relief,47,21.3,52,58.4,79.8,27.3
DVM_0228,PCC_045,2026-02-02,relief,47,21.7,57,57.5,83.9,29.7
DVM_0228,PCC_045,2026-02-09,relief,47,18.0,48,56.3,80.8,24.4
DVM_0228,PCC_045,2026-02-16,relief,47,16.3,49,64.5,80.4,28.3
DVM_0228,PCC_045,2026-02-23,relief,47,19.1,52,72.7,85.0,30.7
DVM_0228,PCC_045,2026-03-02,relief,47,18.7,57,73.3,79.6,29.4
DVM_0228,PCC_045,2026-03-09,relief,47,18.5,51,66.6,80.5,33.4
DVM_0228,PCC_045,2026-03-16,relief,47,19.7,43,60.2,76.0,32.5
DVM_0228,PCC_045,2026-03-23,relief,47,16.5,45,61.6,84.4,31.8
DVM_0228,PCC_045,2026-04-06,relief,47,18.9,51,69.2,81.7,24.8
DVM_0228,PCC_045,2026-04-13,relief,47,14.8,49,66.1,74.9,
DVM_0228,PCC_045,2026-04-20,relief,47,17.3,50,73.7,75.4,26.9
DVM_0228,PCC_045,2026-04-27,relief,47,16.5,41,57.0,86.8,28.4
DVM_0229,PCC_046,2025-11-03,full_time,61,35.8,93,84.0,87.8,25.7
DVM_0229,PCC_046,2025-11-10,full_time,61,28.2,74,88.0,80.4,23.1
DVM_0229,PCC_046,2025-11-17,full_time,61,31.0,81,83.9,98.7,29.6
DVM_0229,PCC_046,2025-11-24,full_time,61,37.2,97,88.2,96.4,26.2
DVM_0229,PCC_046,2025-12-01,full_time,61,20.4,53,84.6,86.7,25.1
DVM_0229,PCC_046,2025-12-08,full_time,61,28.9,75,82.2,90.7,24.1
DVM_0229,PCC_046,2025-12-15,full_time,61,33.4,81,77.3,86.6,25.8
DVM_0229,PCC_046,2025-12-22,full_time,61,31.0,91,87.9,88.2,21.1
DVM_0229,PCC_046,2025-12-29,full_time,61,29.0,75,78.0,85.9,23.2
DVM_0229,PCC_046,2026-01-05,full_time,61,32.0,73,86.3,86.2,20.4
DVM_0229,PCC_046,2026-01-12,full_time,61,33.5,91,90.2,94.6,18.9
DVM_0229,PCC_046,2026-01-19,full_time,61,26.0,58,88.7,97.5,29.0
DVM_0229,PCC_046,2026-01-26,full_time,61,35.6,85,81.5,92.0,20.3
DVM_0229,PCC_046,2026-02-02,full_time,61,32.5,78,84.5,88.9,24.0
DVM_0229,PCC_046,2026-02-09,full_time,61,31.4,56,84.8,90.9,25.9
DVM_0229,PCC_046,2026-02-16,full_time,61,29.6,76,79.2,87.8,22.7
DVM_0229,PCC_046,2026-02-23,full_time,61,40.4,86,88.9,90.7,22.6
DVM_0229,PCC_046,2026-03-02,full_time,61,36.4,102,85.2,95.2,23.9
DVM_0229,PCC_046,2026-03-09,full_time,61,36.6,93,79.9,88.0,24.3
DVM_0229,PCC_046,2026-03-16,full_time,61,35.6,79,83.8,80.9,23.8
DVM_0229,PCC_046,2026-03-23,full_time,61,30.6,82,83.2,91.6,23.2
DVM_0229,PCC_046,2026-03-30,full_time,61,27.9,66,84.7,88.8,23.7
DVM_0229,PCC_046,2026-04-06,full_time,61,32.0,76,80.6,94.8,23.1
DVM_0229,PCC_046,2026-04-13,full_time,61,35.3,82,91.8,87.8,27.7
DVM_0229,PCC_046,2026-04-20,full_time,61,28.0,78,83.2,87.2,23.8
DVM_0229,PCC_046,2026-04-27,full_time,61,26.8,83,83.4,98.9,18.7
DVM_0230,PCC_046,2025-11-03,relief,8,14.8,36,70.5,83.1,29.7
DVM_0230,PCC_046,2025-11-10,relief,8,10.8,32,77.1,76.7,26.0
DVM_0230,PCC_046,2025-11-17,relief,8,27.9,69,84.8,83.1,26.2
DVM_0230,PCC_046,2025-11-24,relief,8,13.7,26,75.9,86.3,26.5
DVM_0230,PCC_046,2025-12-01,relief,8,19.6,46,81.2,84.4,26.4
DVM_0230,PCC_046,2025-12-08,relief,8,20.9,51,80.0,86.6,31.5
DVM_0230,PCC_046,2025-12-15,relief,8,21.8,54,82.8,87.8,20.5
DVM_0230,PCC_046,2025-12-22,relief,8,17.3,58,77.7,84.2,29.6
DVM_0230,PCC_046,2026-01-05,relief,8,8.6,23,78.3,81.0,24.5
DVM_0230,PCC_046,2026-01-12,relief,8,23.0,74,83.2,82.6,25.4
DVM_0230,PCC_046,2026-01-19,relief,8,25.0,65,82.6,87.8,27.1
DVM_0230,PCC_046,2026-01-26,relief,8,15.6,37,79.0,82.2,26.4
DVM_0230,PCC_046,2026-02-02,relief,8,20.6,57,73.9,89.3,25.7
DVM_0230,PCC_046,2026-02-09,relief,8,13.7,36,77.6,85.6,27.6
DVM_0230,PCC_046,2026-02-16,relief,8,27.1,65,78.1,84.3,29.0
DVM_0230,PCC_046,2026-02-23,relief,8,23.2,53,85.8,88.6,23.1
DVM_0230,PCC_046,2026-03-09,relief,8,26.4,64,81.8,87.7,29.2
DVM_0230,PCC_046,2026-03-16,relief,8,27.0,58,72.6,73.0,29.7
DVM_0230,PCC_046,2026-03-23,relief,8,13.1,33,78.3,92.9,28.2
DVM_0230,PCC_046,2026-03-30,relief,8,16.2,37,77.6,83.3,29.1
DVM_0230,PCC_046,2026-04-06,relief,8,14.9,38,79.8,87.0,26.9
DVM_0230,PCC_046,2026-04-13,relief,8,15.5,37,78.2,92.8,25.8
DVM_0230,PCC_046,2026-04-20,relief,8,15.2,39,76.3,81.7,27.2
DVM_0230,PCC_046,2026-04-27,relief,8,24.6,59,80.5,91.5,
DVM_0231,PCC_046,2025-11-03,full_time,49,29.1,64,87.5,91.0,34.2
DVM_0231,PCC_046,2025-11-10,full_time,49,33.7,77,85.8,80.4,35.7
DVM_0231,PCC_046,2025-11-17,full_time,49,31.2,82,91.8,85.2,36.4
DVM_0231,PCC_046,2025-11-24,full_time,49,26.2,63,89.0,89.4,30.7
DVM_0231,PCC_046,2025-12-01,full_time,49,40.1,106,86.9,86.4,36.6
DVM_0231,PCC_046,2025-12-08,full_time,49,28.6,69,88.7,85.0,32.7
DVM_0231,PCC_046,2025-12-15,full_time,49,17.4,38,93.0,90.3,36.7
DVM_0231,PCC_046,2025-12-22,full_time,49,39.7,115,79.6,87.0,32.4
DVM_0231,PCC_046,2025-12-29,full_time,49,28.8,78,89.7,87.4,35.4
DVM_0231,PCC_046,2026-01-05,full_time,49,24.2,61,95.8,84.5,37.0
DVM_0231,PCC_046,2026-01-12,full_time,49,29.6,58,87.8,84.6,34.9
DVM_0231,PCC_046,2026-01-19,full_time,49,32.6,85,81.1,85.0,33.9
DVM_0231,PCC_046,2026-01-26,full_time,49,27.1,71,85.0,83.9,36.5
DVM_0231,PCC_046,2026-02-02,full_time,49,38.6,90,84.6,86.2,32.2
DVM_0231,PCC_046,2026-02-09,full_time,49,41.1,93,90.8,83.1,35.3
DVM_0231,PCC_046,2026-02-16,full_time,49,31.6,68,100.0,90.2,35.0
DVM_0231,PCC_046,2026-02-23,full_time,49,37.1,104,89.6,87.7,37.2
DVM_0231,PCC_046,2026-03-02,full_time,49,35.6,88,89.5,89.9,34.1
DVM_0231,PCC_046,2026-03-09,full_time,49,33.9,76,93.6,87.3,33.7
DVM_0231,PCC_046,2026-03-16,full_time,49,29.8,57,97.0,83.7,37.3
DVM_0231,PCC_046,2026-03-23,full_time,49,20.7,51,94.1,88.1,32.5
DVM_0231,PCC_046,2026-03-30,full_time,49,39.3,86,87.6,81.0,33.9
DVM_0231,PCC_046,2026-04-06,full_time,49,29.8,66,92.5,89.1,36.0
DVM_0231,PCC_046,2026-04-13,full_time,49,35.5,90,83.7,85.5,
DVM_0231,PCC_046,2026-04-20,full_time,49,43.7,135,84.9,83.3,35.5
DVM_0231,PCC_046,2026-04-27,full_time,49,32.6,57,96.8,90.6,37.7
DVM_0232,PCC_046,2025-11-03,full_time,88,23.8,66,73.7,87.6,28.8
DVM_0232,PCC_046,2025-11-10,full_time,88,33.9,81,70.6,90.4,27.9
DVM_0232,PCC_046,2025-11-17,full_time,88,36.9,89,81.6,83.8,23.7
DVM_0232,PCC_046,2025-11-24,full_time,88,28.4,59,84.2,91.4,28.2
DVM_0232,PCC_046,2025-12-01,full_time,88,30.9,79,83.1,91.6,25.9
DVM_0232,PCC_046,2025-12-08,full_time,88,33.6,70,75.9,86.0,26.6
DVM_0232,PCC_046,2025-12-15,full_time,88,25.2,67,72.0,88.8,22.9
DVM_0232,PCC_046,2025-12-22,full_time,88,32.8,79,79.4,88.0,32.5
DVM_0232,PCC_046,2025-12-29,full_time,88,30.6,73,82.0,86.6,25.7
DVM_0232,PCC_046,2026-01-05,full_time,88,28.5,80,80.9,91.7,29.4
DVM_0232,PCC_046,2026-01-12,full_time,88,39.0,90,75.0,81.0,25.0
DVM_0232,PCC_046,2026-01-19,full_time,88,35.0,93,78.0,90.4,23.5
DVM_0232,PCC_046,2026-01-26,full_time,88,32.2,76,80.5,89.7,26.2
DVM_0232,PCC_046,2026-02-02,full_time,88,31.7,85,84.4,90.5,24.4
DVM_0232,PCC_046,2026-02-09,full_time,88,33.7,83,76.0,81.2,25.4
DVM_0232,PCC_046,2026-02-16,full_time,88,33.5,80,83.6,86.8,27.7
DVM_0232,PCC_046,2026-02-23,full_time,88,27.6,68,80.3,83.9,25.5
DVM_0232,PCC_046,2026-03-02,full_time,88,27.2,69,81.5,83.5,29.6
DVM_0232,PCC_046,2026-03-09,full_time,88,30.8,75,72.9,88.1,26.4
DVM_0232,PCC_046,2026-03-16,FULL_TIME,88,35.7,76,78.9,88.5,25.7
DVM_0232,PCC_046,2026-03-23,full_time,88,37.0,91,79.4,89.6,27.7
DVM_0232,PCC_046,2026-03-30,full_time,88,41.0,94,75.2,89.1,28.1
DVM_0232,PCC_046,2026-04-06,full_time,88,46.3,114,77.3,93.9,30.6
DVM_0232,PCC_046,2026-04-13,full_time,88,43.4,116,74.3,90.1,24.6
DVM_0232,PCC_046,2026-04-20,full_time,88,31.5,72,81.4,92.3,27.5
DVM_0232,PCC_046,2026-04-27,full_time,88,34.5,99,89.3,85.5,25.6
DVM_0233,PCC_047,2025-11-03,full_time,50,43.8,100,86.5,94.8,23.9
DVM_0233,PCC_047,2025-11-17,full_time,50,35.0,92,88.9,91.9,23.2
DVM_0233,PCC_047,2025-11-24,full_time,50,43.8,127,79.9,100.0,21.9
DVM_0233,PCC_047,2025-12-01,full_time,50,29.4,73,76.3,92.2,26.2
DVM_0233,PCC_047,2025-12-08,full_time,50,36.6,83,76.4,87.2,26.8
DVM_0233,PCC_047,2025-12-15,full_time,50,32.1,78,77.8,89.1,27.1
DVM_0233,PCC_047,2025-12-22,full_time,50,28.2,67,82.8,85.4,22.3
DVM_0233,PCC_047,2025-12-29,full_time,50,34.0,85,86.0,95.2,27.1
DVM_0233,PCC_047,2026-01-05,full_time,50,11.9,26,83.6,94.8,26.3
DVM_0233,PCC_047,2026-01-12,full_time,50,32.4,88,86.4,88.6,23.0
DVM_0233,PCC_047,2026-01-19,full_time,50,32.8,81,81.7,90.4,22.1
DVM_0233,PCC_047,2026-01-26,full_time,50,31.6,83,76.6,89.1,23.6
DVM_0233,PCC_047,2026-02-02,full_time,50,26.9,63,76.7,96.1,27.7
DVM_0233,PCC_047,2026-02-09,full_time,50,32.1,88,83.4,89.7,21.7
DVM_0233,PCC_047,2026-02-16,full_time,50,35.2,86,80.7,93.2,24.1
DVM_0233,PCC_047,2026-02-23,full_time,50,30.2,82,85.8,91.1,27.4
DVM_0233,PCC_047,2026-03-02,full_time,50,27.8,77,87.1,94.7,25.3
DVM_0233,PCC_047,2026-03-16,full_time,50,36.8,99,81.2,95.0,24.8
DVM_0233,PCC_047,2026-03-23,full_time,50,29.5,67,80.8,87.9,29.1
DVM_0233,PCC_047,2026-03-30,full_time,50,32.1,82,74.9,95.4,26.8
DVM_0233,PCC_047,2026-04-06,FULL_TIME,50,34.2,103,81.6,90.8,25.0
DVM_0233,PCC_047,2026-04-13,full_time,50,34.0,92,91.8,93.1,19.0
DVM_0233,PCC_047,2026-04-20,full_time,50,38.5,97,90.4,91.1,26.2
DVM_0233,PCC_047,2026-04-27,full_time,50,28.7,73,83.5,93.5,26.8
DVM_0234,PCC_047,2025-11-10,relief,77,17.8,44,75.7,96.5,28.9
DVM_0234,PCC_047,2025-11-17,relief,77,16.4,41,70.7,85.5,24.9
DVM_0234,PCC_047,2025-11-24,relief,77,17.4,50,67.6,82.9,26.8
DVM_0234,PCC_047,2025-12-01,relief,77,23.5,62,66.1,92.9,26.3
DVM_0234,PCC_047,2025-12-08,relief,77,22.4,50,75.5,96.2,29.3
DVM_0234,PCC_047,2025-12-15,relief,77,18.3,43,74.3,93.1,27.6
DVM_0234,PCC_047,2025-12-22,relief,77,21.9,50,81.8,94.9,26.2
DVM_0234,PCC_047,2025-12-29,relief,77,11.0,29,79.5,85.0,23.8
DVM_0234,PCC_047,2026-01-05,RELIEF,77,10.6,23,70.4,86.2,22.9
DVM_0234,PCC_047,2026-01-12,relief,77,18.8,41,71.9,82.9,22.7
DVM_0234,PCC_047,2026-01-19,relief,77,18.2,44,77.6,88.9,23.5
DVM_0234,PCC_047,2026-01-26,relief,77,11.0,21,68.5,88.6,24.9
DVM_0234,PCC_047,2026-02-02,relief,77,18.1,50,72.8,88.3,27.6
DVM_0234,PCC_047,2026-02-09,relief,77,19.4,48,79.2,91.4,26.6
DVM_0234,PCC_047,2026-02-16,relief,77,15.9,43,77.2,89.9,28.5
DVM_0234,PCC_047,2026-02-23,relief,77,22.1,63,69.9,92.4,26.5
DVM_0234,PCC_047,2026-03-02,relief,77,25.7,59,77.4,86.8,31.3
DVM_0234,PCC_047,2026-03-09,relief,77,14.3,37,61.8,87.4,27.4
DVM_0234,PCC_047,2026-03-16,relief,77,11.9,27,77.2,85.7,26.6
DVM_0234,PCC_047,2026-03-23,relief,77,34.0,78,71.2,88.9,29.7
DVM_0234,PCC_047,2026-03-30,relief,77,14.0,33,68.6,84.6,28.0
DVM_0234,PCC_047,2026-04-06,relief,77,9.2,26,66.2,90.5,27.8
DVM_0234,PCC_047,2026-04-13,relief,77,11.4,27,77.6,95.6,29.6
DVM_0234,PCC_047,2026-04-20,relief,77,20.5,66,78.8,84.8,29.5
DVM_0234,PCC_047,2026-04-27,relief,77,19.2,46,70.1,86.2,26.1
DVM_0235,PCC_047,2025-11-03,part_time,28,21.3,47,85.7,76.9,29.7
DVM_0235,PCC_047,2025-11-10,part_time,28,15.2,44,83.9,82.5,32.1
DVM_0235,PCC_047,2025-11-17,part_time,28,17.4,45,88.8,85.2,28.3
DVM_0235,PCC_047,2025-11-24,part_time,28,30.8,82,93.2,87.5,25.8
DVM_0235,PCC_047,2025-12-01,part_time,28,28.7,67,85.9,85.4,29.7
DVM_0235,PCC_047,2025-12-08,part_time,28,12.7,32,81.1,85.8,28.5
DVM_0235,PCC_047,2025-12-15,part_time,28,27.3,59,85.6,87.7,31.1
DVM_0235,PCC_047,2025-12-22,part_time,28,18.5,45,87.6,82.2,29.0
DVM_0235,PCC_047,2025-12-29,part_time,28,17.0,49,92.1,85.9,32.6
DVM_0235,PCC_047,2026-01-05,part_time,28,14.7,34,82.9,82.1,28.9
DVM_0235,PCC_047,2026-01-12,part_time,28,23.2,55,83.2,85.7,31.6
DVM_0235,PCC_047,2026-01-19,part_time,28,8.9,18,82.9,84.3,27.7
DVM_0235,PCC_047,2026-01-26,part_time,28,15.2,43,75.8,90.0,30.2
DVM_0235,PCC_047,2026-02-02,part_time,28,6.6,18,88.0,89.1,27.2
DVM_0235,PCC_047,2026-02-09,PART_TIME,28,6.6,12,85.8,84.1,34.2
DVM_0235,PCC_047,2026-02-16,part_time,28,17.8,46,86.2,79.3,32.9
DVM_0235,PCC_047,2026-02-23,part_time,28,24.3,64,85.6,83.9,30.7
DVM_0235,PCC_047,2026-03-02,part_time,28,21.8,61,86.2,92.6,27.4
DVM_0235,PCC_047,2026-03-09,part_time,28,18.9,50,84.8,89.3,27.2
DVM_0235,PCC_047,2026-03-16,part_time,28,16.6,36,85.9,85.5,30.9
DVM_0235,PCC_047,2026-03-23,part_time,28,18.0,51,87.5,84.2,29.0
DVM_0235,PCC_047,2026-03-30,part_time,28,20.3,46,84.7,79.0,29.4
DVM_0235,PCC_047,2026-04-06,part_time,28,5.8,16,83.9,87.8,27.7
DVM_0235,PCC_047,2026-04-13,part_time,28,27.6,57,83.4,83.2,32.7
DVM_0235,PCC_047,2026-04-20,part_time,28,21.7,60,91.4,91.9,31.1
DVM_0235,PCC_047,2026-04-27,part_time,28,23.6,55,80.9,84.6,31.0
DVM_0236,PCC_047,2025-11-03,part_time,41,12.3,34,79.0,80.5,29.1
DVM_0236,PCC_047,2025-11-10,part_time,41,20.5,56,76.2,88.7,25.7
DVM_0236,PCC_047,2025-11-17,part_time,41,24.1,57,76.1,84.8,23.6
DVM_0236,PCC_047,2025-11-24,part_time,41,16.4,37,81.3,88.7,27.8
DVM_0236,PCC_047,2025-12-01,part_time,41,14.7,41,79.2,87.6,26.8
DVM_0236,PCC_047,2025-12-08,part_time,41,14.7,36,79.3,85.8,24.4
DVM_0236,PCC_047,2025-12-15,part_time,41,18.0,42,75.2,75.5,24.4
DVM_0236,PCC_047,2025-12-22,part_time,41,25.7,61,81.1,87.2,28.4
DVM_0236,PCC_047,2025-12-29,part_time,41,15.2,37,69.0,84.0,25.9
DVM_0236,PCC_047,2026-01-05,part_time,41,8.6,23,79.0,94.5,22.6
DVM_0236,PCC_047,2026-01-12,part_time,41,21.3,63,83.5,84.6,28.3
DVM_0236,PCC_047,2026-01-19,part_time,41,18.6,43,82.7,79.6,26.2
DVM_0236,PCC_047,2026-01-26,part_time,41,16.0,37,88.2,92.2,25.8
DVM_0236,PCC_047,2026-02-02,part_time,41,18.3,33,73.9,81.5,24.0
DVM_0236,PCC_047,2026-02-09,part_time,41,18.9,46,73.0,87.9,27.6
DVM_0236,PCC_047,2026-02-16,part_time,41,17.2,35,77.3,88.2,26.7
DVM_0236,PCC_047,2026-02-23,part_time,41,15.4,44,83.2,80.2,25.8
DVM_0236,PCC_047,2026-03-02,part_time,41,16.6,43,82.6,91.2,26.3
DVM_0236,PCC_047,2026-03-09,part_time,41,8.8,21,73.5,80.8,24.5
DVM_0236,PCC_047,2026-03-16,part_time,41,25.5,66,86.0,89.8,26.5
DVM_0236,PCC_047,2026-03-23,part_time,41,13.8,31,81.0,80.1,
DVM_0236,PCC_047,2026-03-30,part_time,41,17.7,47,79.8,88.9,25.7
DVM_0236,PCC_047,2026-04-06,part_time,41,27.4,63,78.3,93.0,24.2
DVM_0236,PCC_047,2026-04-13,part_time,41,19.6,59,84.1,91.7,23.3
DVM_0236,PCC_047,2026-04-20,part_time,41,17.2,42,80.8,86.8,27.1
DVM_0236,PCC_047,2026-04-27,part_time,41,18.2,43,76.4,87.0,27.3
