location_id,week_start,doctor_hours_scheduled,appts_completed,appts_no_show,appts_cancelled,appts_per_doctor_hour,recheck_compliance_pct,record_completion_24h_pct,callback_compliance_pct,client_csat,csat_responses,avg_wait_time_min,revenue_per_appt,membership_conversion_pct,staff_call_outs,open_dvm_requisitions
PCC_001,2025-05-05,196.2,516,22,12,2.631,80.3,84.5,90.5,4.53,35,15.7,248.78,22.7,1,0
PCC_001,2025-05-12,206.6,571,35,40,2.764,79.9,96.1,86.1,4.65,66,12.7,268.42,20.8,1,0
PCC_001,2025-05-19,212.7,537,45,26,2.523,86.5,94.4,87.1,4.49,44,15.5,262.98,20.9,2,1
PCC_001,2025-05-26,180.0,456,53,24,2.535,80.7,90.0,80.7,4.57,44,16.8,259.88,20.4,1,1
PCC_001,2025-06-02,215.4,590,44,33,2.741,81.9,92.1,83.2,,43,14.2,272.37,20.5,2,0
PCC_001,2025-06-09,196.6,514,42,35,2.616,80.8,91.4,87.5,4.61,44,11.1,251.05,20.8,1,0
PCC_001,2025-06-16,202.6,514,47,25,2.535,87.6,94.1,92.0,4.59,57,,251.03,16.8,1,0
PCC_001,2025-06-23,191.5,477,28,27,2.493,79.0,91.3,84.6,4.62,45,10.4,265.54,19.6,2,1
PCC_001,2025-06-30,196.7,519,37,27,2.64,81.1,97.3,83.0,4.64,46,9.8,278.08,22.6,2,4
PCC_001,2025-07-07,209.0,558,20,36,2.668,85.8,91.2,84.0,4.58,55,13.6,244.92,21.2,2,1
PCC_001,2025-07-14,218.1,605,51,21,2.775,88.2,90.7,88.9,4.5,47,14.3,272.92,20.2,2,0
PCC_001,2025-07-21,202.6,521,35,19,2.57,87.7,96.0,86.8,4.55,47,13.5,270.55,22.7,4,1
PCC_001,2025-07-28,193.3,530,40,29,2.741,81.6,94.7,84.5,4.55,41,11.1,270.59,18.8,1,0
PCC_001,2025-08-04,198.1,564,39,32,2.845,84.6,97.8,86.9,4.7,43,9.9,279.17,19.1,2,0
PCC_001,2025-08-11,189.9,479,34,38,2.521,74.8,89.8,93.0,4.66,48,14.3,293.53,20.0,1,1
PCC_001,2025-08-18,220.2,536,56,26,2.436,84.4,87.6,88.5,4.68,52,14.2,265.91,23.1,1,0
PCC_001,2025-08-25,194.9,520,42,36,2.669,84.8,89.5,91.9,4.61,40,15.3,284.98,19.8,2,1
PCC_001,2025-09-01,208.6,529,45,26,2.534,79.9,93.9,87.3,4.55,46,14.8,272.05,19.2,0,0
PCC_001,2025-09-08,202.2,566,23,16,2.799,86.0,95.7,86.0,4.52,51,9.6,266.94,25.7,0,1
PCC_001,2025-09-15,177.6,451,19,26,2.543,85.9,91.1,80.9,4.61,51,16.3,282.43,22.1,3,0
PCC_001,2025-09-22,204.5,490,20,30,2.398,82.7,93.7,87.8,4.67,49,17.4,277.1,19.2,1,3
PCC_001,2025-09-29,205.4,558,35,29,2.715,85.2,91.3,87.4,4.58,49,13.6,255.58,19.5,1,2
PCC_001,2025-10-06,205.2,485,48,31,2.362,80.0,91.3,93.9,4.77,56,14.2,248.92,24.3,1,0
PCC_001,2025-10-13,201.9,462,49,17,2.287,82.1,93.8,86.3,4.62,37,17.0,313.13,25.5,4,4
PCC_001,2025-10-20,183.1,429,23,33,2.34,84.0,92.6,93.9,4.7,46,16.1,244.17,18.1,1,0
PCC_001,2025-10-27,198.3,483,22,25,2.438,80.4,88.7,88.5,4.66,49,15.5,247.24,18.5,1,1
PCC_001,2025-11-03,198.7,482,27,28,2.427,86.0,90.6,85.5,4.61,36,13.0,270.96,19.1,2,2
PCC_001,2025-11-10,194.9,496,29,35,2.546,88.6,89.5,89.5,4.66,39,12.8,254.13,22.1,3,2
PCC_001,2025-11-17,201.6,515,25,31,2.552,84.4,90.0,86.9,,51,11.7,274.78,20.0,5,1
PCC_001,2025-11-24,209.7,532,30,19,2.539,88.6,90.0,80.3,4.65,42,10.0,234.01,18.5,1,0
PCC_001,2025-12-01,182.7,457,32,31,2.501,80.5,90.4,81.7,4.58,49,7.1,244.01,23.2,5,1
PCC_001,2025-12-08,201.6,506,37,21,2.511,86.0,92.0,86.2,4.59,43,10.8,260.86,17.3,1,0
PCC_001,2025-12-15,194.7,458,32,20,2.351,85.9,93.3,84.2,4.67,47,16.9,225.15,19.6,4,0
PCC_001,2025-12-22,193.5,496,31,17,2.566,84.4,88.8,83.7,4.67,37,13.0,226.63,19.5,0,1
PCC_001,2025-12-29,193.9,408,35,31,2.105,86.5,92.6,87.9,4.65,36,11.0,225.37,23.2,1,2
PCC_001,2026-01-05,190.7,483,36,16,2.532,81.4,93.8,87.4,4.66,41,16.1,228.63,19.0,1,1
PCC_001,2026-01-12,198.9,470,47,22,2.362,84.1,87.4,90.6,4.65,38,15.8,232.12,21.6,1,2
PCC_001,2026-01-19,176.7,403,20,17,2.281,84.4,92.5,88.7,4.64,44,12.1,238.03,23.1,0,4
PCC_001,2026-01-26,196.0,470,24,13,2.395,83.7,91.2,87.0,4.66,37,17.4,250.46,21.7,3,2
PCC_001,2026-02-02,194.4,452,19,32,2.325,83.7,92.9,88.3,4.63,30,8.8,268.94,19.0,1,0
PCC_001,2026-02-09,200.4,474,30,23,2.363,90.6,88.6,86.3,4.7,39,10.3,,13.2,3,0
PCC_001,2026-02-16,201.7,486,33,31,2.411,85.8,90.0,88.4,4.7,41,14.5,237.7,15.2,0,0
PCC_001,2026-02-23,213.0,535,41,17,2.512,82.2,91.0,88.5,4.35,52,14.6,285.48,16.2,4,2
PCC_001,2026-03-02,185.1,453,23,31,2.449,85.0,91.6,88.2,4.68,47,12.7,262.88,17.9,1,1
PCC_001,2026-03-09,213.7,520,56,18,2.432,88.2,88.7,78.0,4.59,41,15.4,256.66,16.4,2,1
PCC_001,2026-03-16,216.6,471,49,26,2.176,83.6,90.0,85.5,4.53,46,14.1,274.12,16.3,2,0
PCC_001,2026-03-23,210.4,442,17,22,2.102,87.5,90.5,89.3,4.6,43,12.6,264.33,16.3,2,0
PCC_001,2026-03-30,234.1,527,34,27,2.252,81.3,87.5,88.5,4.63,49,15.8,259.01,17.1,1,1
PCC_001,2026-04-06,223.4,506,44,19,2.266,85.1,89.0,88.9,4.62,46,14.0,276.21,14.7,0,0
PCC_001,2026-04-13,224.4,475,42,27,2.118,83.1,89.3,86.2,4.57,43,9.1,248.45,15.8,2,1
PCC_001,2026-04-20,239.3,570,45,28,2.383,86.3,91.6,81.7,4.62,49,13.7,262.4,17.6,3,0
PCC_001,2026-04-27,211.6,474,26,28,2.242,86.5,92.7,86.5,4.52,38,14.9,270.47,17.6,1,0
PCC_002,2025-05-05,209.8,481,19,37,2.293,73.4,91.7,79.0,4.65,64,12.4,234.63,23.9,1,0
PCC_002,2025-05-12,198.9,491,31,21,2.469,82.3,84.5,84.6,4.47,51,13.2,274.39,24.0,6,0
PCC_002,2025-05-19,193.6,476,19,22,2.461,79.2,84.7,84.4,4.67,37,10.6,257.85,30.4,1,0
PCC_002,2025-05-26,205.0,562,58,37,2.743,80.5,86.8,83.0,4.67,56,10.6,241.28,23.8,1,0
PCC_002,2025-06-02,206.6,518,46,29,2.507,75.9,91.5,85.4,4.56,50,10.7,271.86,25.3,1,1
PCC_002,2025-06-09,207.4,620,49,37,2.991,77.7,88.5,85.5,4.66,44,11.0,250.94,25.1,2,0
PCC_002,2025-06-16,211.5,550,36,28,2.601,84.2,90.8,84.7,4.74,54,8.0,267.15,25.7,1,1
PCC_002,2025-06-23,210.0,533,43,30,2.539,83.2,88.7,88.0,4.67,47,12.5,240.29,23.7,1,0
PCC_002,2025-06-30,203.1,558,45,21,2.746,78.9,88.6,84.5,4.77,46,13.3,254.9,28.0,1,0
PCC_002,2025-07-07,205.1,563,38,21,2.746,76.3,96.4,85.5,4.65,62,13.3,287.46,27.5,1,1
PCC_002,2025-07-14,212.0,560,46,35,2.639,78.7,88.5,82.5,4.66,51,15.8,234.48,20.3,1,0
PCC_002,2025-07-21,201.0,530,32,32,2.635,85.4,86.3,82.0,4.64,49,12.4,244.6,22.9,2,1
PCC_002,2025-07-28,217.1,574,41,40,2.643,83.7,90.6,83.0,4.71,47,13.4,229.01,26.8,0,0
PCC_002,2025-08-04,198.3,520,40,15,2.623,77.7,92.5,81.4,4.76,43,14.1,261.32,23.6,1,1
PCC_002,2025-08-11,200.5,531,41,28,2.649,82.6,87.3,80.5,4.79,32,11.7,264.81,28.1,0,0
PCC_002,2025-08-18,201.9,568,43,45,2.814,82.2,87.7,82.2,4.7,57,10.7,237.48,23.6,1,1
PCC_002,2025-08-25,218.1,553,25,28,2.534,84.3,88.3,84.4,4.64,53,14.0,259.63,29.7,2,0
PCC_002,2025-09-01,202.8,516,18,36,2.544,80.0,87.0,86.5,4.72,50,7.7,234.93,27.5,1,0
PCC_002,2025-09-08,203.2,529,36,30,2.604,74.2,85.8,81.3,4.65,47,7.9,250.5,22.8,2,1
PCC_002,2025-09-15,197.2,522,34,13,2.648,76.9,89.5,85.9,4.64,36,12.2,247.68,23.2,1,2
PCC_002,2025-09-22,209.8,541,44,28,2.578,79.8,88.9,83.6,4.73,48,11.9,240.19,25.2,4,1
PCC_002,2025-09-29,188.8,491,39,38,2.6,80.1,87.3,84.3,4.7,45,13.0,245.08,25.3,1,0
PCC_002,2025-10-06,201.7,543,37,22,2.69,83.8,89.7,87.8,4.61,57,17.0,266.49,28.6,2,1
PCC_002,2025-10-13,211.8,479,23,35,2.261,83.1,88.5,88.6,4.75,42,12.6,231.25,25.6,1,0
PCC_002,2025-10-20,210.7,524,37,23,2.486,77.9,91.7,83.0,4.75,44,14.5,226.52,25.8,3,0
PCC_002,2025-10-27,215.0,490,34,42,2.279,82.8,86.0,84.1,4.55,64,9.1,232.85,26.2,2,1
PCC_002,2025-11-03,215.5,494,55,28,2.295,77.0,89.4,79.9,4.76,36,9.4,229.34,24.6,4,0
PCC_002,2025-11-10,205.2,515,38,26,2.512,83.3,86.0,83.3,4.65,40,11.7,223.61,26.2,3,0
PCC_002,2025-11-17,195.5,495,33,23,2.532,79.4,89.7,83.8,4.72,55,9.9,255.11,25.2,2,0
PCC_002,2025-11-24,207.5,538,35,31,2.591,80.0,84.7,86.6,4.72,46,10.3,206.98,26.6,4,2
PCC_002,2025-12-01,194.6,437,26,33,2.246,79.7,87.8,90.0,4.8,41,10.4,234.59,25.6,1,1
PCC_002,2025-12-08,208.8,532,37,22,2.549,76.6,88.3,90.3,4.62,44,11.3,249.58,28.7,1,0
PCC_002,2025-12-15,226.2,583,32,21,2.578,83.9,82.2,88.4,4.62,50,14.3,229.68,25.0,3,2
PCC_002,2025-12-22,226.1,568,39,31,2.511,80.8,90.4,86.3,4.61,49,13.6,238.91,27.4,3,1
PCC_002,2025-12-29,198.9,497,45,23,2.498,80.0,87.9,80.9,4.78,43,11.6,204.08,27.4,0,2
PCC_002,2026-01-05,205.0,502,69,33,2.45,80.9,90.3,87.1,4.75,47,14.7,230.18,24.6,1,1
PCC_002,2026-01-12,204.0,505,20,21,2.474,81.5,87.5,81.3,4.61,40,14.2,220.27,25.1,2,0
PCC_002,2026-01-19,217.9,549,43,38,2.522,80.8,89.6,86.0,4.64,37,11.5,227.59,29.1,3,0
PCC_002,2026-01-26,194.7,429,46,16,2.203,79.8,90.3,83.3,4.62,44,12.6,228.47,27.2,3,0
PCC_002,2026-02-02,200.6,530,36,41,2.644,79.4,87.9,85.9,4.57,37,11.9,228.79,28.3,1,2
PCC_002,2026-02-09,213.1,505,23,31,2.369,81.7,88.7,90.6,4.65,49,9.3,224.66,19.2,4,1
PCC_002,2026-02-16,200.4,480,40,21,2.394,80.7,86.8,85.0,4.66,47,10.4,235.42,24.4,3,0
PCC_002,2026-02-23,214.0,524,30,26,2.447,79.3,85.3,85.3,4.61,50,14.3,245.6,20.0,1,0
PCC_002,2026-03-02,204.4,498,19,40,2.435,78.5,88.3,90.8,4.64,48,11.3,224.13,18.2,4,0
PCC_002,2026-03-09,197.5,489,29,20,2.478,79.4,86.3,80.8,4.66,52,12.6,230.46,19.9,5,0
PCC_002,2026-03-16,230.5,527,26,23,2.287,76.2,85.8,84.3,4.72,58,9.5,234.05,21.5,1,0
PCC_002,2026-03-23,238.2,527,23,27,2.213,80.4,83.8,87.2,4.73,43,10.1,246.55,17.6,0,2
PCC_002,2026-03-30,215.9,488,30,36,2.261,76.0,87.6,83.4,4.71,39,9.1,265.73,20.3,2,0
PCC_002,2026-04-06,245.9,554,28,26,2.252,80.5,86.4,79.6,4.67,38,13.2,218.31,19.5,2,0
PCC_002,2026-04-13,253.4,560,48,26,2.208,78.9,89.5,83.5,4.77,40,10.6,229.81,19.9,1,1
PCC_002,2026-04-20,215.7,484,40,31,2.245,81.2,86.0,80.8,4.64,51,12.7,253.25,22.5,0,2
PCC_002,2026-04-27,232.1,559,31,42,2.407,81.2,88.7,91.8,4.74,50,12.5,240.33,19.1,3,1
PCC_003,2025-05-05,210.7,471,30,34,2.237,73.8,91.7,85.7,4.22,47,8.7,236.65,26.7,3,0
PCC_003,2025-05-12,204.9,536,42,28,2.615,74.1,91.4,84.4,4.29,56,7.3,212.71,23.7,4,0
PCC_003,2025-05-19,206.3,463,29,22,2.244,75.2,85.5,80.5,4.36,44,6.0,242.41,25.4,0,1
PCC_003,2025-05-26,203.5,529,35,34,2.601,78.2,97.4,89.4,4.37,38,9.6,230.45,27.2,1,2
PCC_003,2025-06-02,206.0,459,24,18,2.227,80.4,91.4,79.7,4.35,33,7.2,215.91,26.4,2,1
PCC_003,2025-06-09,202.3,456,38,17,2.253,77.1,94.7,81.9,4.27,40,8.6,251.11,26.9,2,2
PCC_003,2025-06-16,201.6,483,36,35,2.396,74.0,96.5,86.5,4.3,48,9.9,,26.4,2,0
PCC_003,2025-06-23,212.9,551,28,30,2.587,78.8,89.3,85.9,4.24,42,7.9,226.39,25.8,2,1
PCC_003,2025-06-30,190.7,487,41,16,2.556,73.8,88.8,82.1,4.32,38,9.2,246.95,30.8,2,0
PCC_003,2025-07-07,209.1,448,40,23,2.14,75.3,92.3,82.5,4.28,37,9.1,240.25,28.2,1,0
PCC_003,2025-07-14,204.0,515,38,18,2.524,78.4,96.5,84.6,4.38,46,4.9,231.52,27.9,2,1
PCC_003,2025-07-21,199.8,493,22,18,2.466,75.9,95.0,86.6,4.25,50,5.5,239.79,26.3,2,1
PCC_003,2025-07-28,193.6,483,27,29,2.494,72.9,88.7,88.7,4.28,39,7.7,250.91,27.0,3,0
PCC_003,2025-08-04,209.2,509,34,22,2.432,75.7,96.1,84.7,4.24,43,7.9,238.46,26.0,1,1
PCC_003,2025-08-11,217.9,526,29,35,2.414,73.1,90.0,85.6,4.25,58,7.5,232.62,30.1,1,1
PCC_003,2025-08-18,206.2,460,30,24,2.229,77.3,92.6,87.4,4.28,50,7.5,256.83,28.6,0,0
PCC_003,2025-08-25,206.4,487,30,27,2.361,77.0,94.2,84.5,4.32,35,5.4,237.18,27.1,1,2
PCC_003,2025-09-01,187.8,447,27,15,2.379,74.7,93.8,82.9,4.27,42,7.3,241.78,30.7,0,1
PCC_003,2025-09-08,195.8,474,29,24,2.422,77.2,98.0,89.3,4.19,36,8.4,213.84,27.3,2,0
PCC_003,2025-09-15,206.2,497,42,34,2.409,83.0,97.5,83.7,4.26,41,7.8,230.85,25.2,1,0
PCC_003,2025-09-22,198.9,463,40,25,2.327,74.4,94.7,94.2,4.34,37,7.3,235.57,25.5,1,1
PCC_003,2025-09-29,210.1,505,23,19,2.405,77.0,99.6,85.8,4.38,48,7.1,225.96,23.9,0,0
PCC_003,2025-10-06,200.1,424,30,16,2.119,79.1,94.4,84.0,4.27,40,7.0,223.11,28.5,1,1
PCC_003,2025-10-13,199.7,451,36,25,2.259,79.6,94.8,87.5,4.26,41,7.0,222.88,31.3,3,0
PCC_003,2025-10-20,213.8,522,31,28,2.44,76.6,95.3,82.9,4.22,54,8.0,222.89,30.1,3,1
PCC_003,2025-10-27,210.6,497,53,31,2.358,78.9,98.3,82.7,4.26,40,7.2,236.7,27.1,0,0
PCC_003,2025-11-03,215.0,475,33,27,2.21,78.0,96.5,84.4,4.35,34,6.5,231.09,25.3,1,2
PCC_003,2025-11-10,203.0,407,33,16,2.006,77.9,93.3,81.6,4.27,27,7.9,220.93,26.8,4,2
PCC_003,2025-11-17,196.1,476,28,20,2.426,77.0,95.0,82.8,4.33,44,8.8,221.14,30.3,1,0
PCC_003,2025-11-24,221.0,582,40,33,2.631,73.7,94.7,86.2,4.18,47,7.9,206.99,23.7,2,1
PCC_003,2025-12-01,205.3,402,28,25,1.961,76.7,94.5,86.6,4.14,36,7.2,217.67,24.1,2,0
PCC_003,2025-12-08,188.4,391,19,15,2.075,72.6,91.8,89.8,4.32,26,6.6,220.98,27.0,2,2
PCC_003,2025-12-15,201.5,458,30,29,2.271,78.3,95.8,79.4,4.21,37,7.0,195.1,27.9,1,0
PCC_003,2025-12-22,217.1,433,24,21,1.992,75.3,94.6,87.8,4.18,36,6.4,191.42,24.5,0,1
PCC_003,2025-12-29,200.7,460,39,19,2.289,75.2,97.1,86.7,4.23,42,7.3,243.54,25.8,2,0
PCC_003,2026-01-05,201.1,443,40,29,2.201,77.9,98.1,81.9,4.37,46,9.4,235.54,22.5,2,1
PCC_003,2026-01-12,209.2,439,27,33,2.1,76.4,95.9,87.2,4.13,39,7.2,220.49,23.2,0,1
PCC_003,2026-01-19,190.0,385,29,12,2.028,76.2,94.3,86.6,4.28,34,5.8,205.43,28.9,2,0
PCC_003,2026-01-26,195.2,428,32,14,2.192,78.7,95.9,83.6,4.29,41,5.8,228.87,26.9,4,0
PCC_003,2026-02-02,194.2,418,33,23,2.151,77.6,91.5,81.9,4.29,41,8.2,201.59,26.0,3,3
PCC_003,2026-02-09,209.5,496,24,25,2.367,72.5,93.4,83.3,,47,6.7,217.02,24.1,3,1
PCC_003,2026-02-16,200.9,452,24,29,2.249,75.4,94.8,86.9,4.33,47,7.2,227.32,21.8,1,0
PCC_003,2026-02-23,194.5,389,25,19,2.002,76.0,91.8,81.9,4.26,30,9.5,233.98,17.2,1,0
PCC_003,2026-03-02,206.3,463,40,30,2.244,75.2,92.0,83.7,4.26,46,7.0,227.51,17.9,2,1
PCC_003,2026-03-09,195.3,408,14,40,2.089,75.1,95.2,83.8,4.27,31,7.5,203.15,20.9,2,1
PCC_003,2026-03-16,224.3,415,14,22,1.85,75.5,94.9,90.8,4.17,42,8.0,221.94,19.4,2,0
PCC_003,2026-03-23,215.3,396,26,14,1.841,78.8,93.4,86.0,4.15,34,6.1,236.11,19.9,3,1
PCC_003,2026-03-30,246.0,553,35,22,2.247,75.2,95.0,86.8,4.27,53,7.0,226.67,21.2,3,2
PCC_003,2026-04-06,220.4,454,36,32,2.059,73.9,92.7,84.9,4.23,45,6.6,208.75,20.9,2,0
PCC_003,2026-04-13,230.7,453,37,27,1.963,77.6,97.6,86.4,4.2,47,8.8,231.4,20.2,0,0
PCC_003,2026-04-20,242.3,512,36,26,2.112,77.5,93.5,81.1,4.29,41,9.6,224.13,22.8,2,0
PCC_003,2026-04-27,226.7,493,56,14,2.177,76.6,91.5,87.3,4.17,52,8.2,260.87,20.6,3,1
PCC_004,2025-05-05,110.1,308,20,21,2.8,85.7,90.3,78.6,4.36,42,10.2,285.38,13.5,1,0
PCC_004,2025-05-12,109.6,332,10,20,3.03,83.1,89.3,84.8,4.6,37,17.1,267.71,12.8,3,1
PCC_004,2025-05-19,105.9,306,13,15,2.891,85.6,95.2,76.2,4.52,23,14.0,313.7,20.1,1,2
PCC_004,2025-05-26,107.2,330,21,20,3.077,87.6,89.0,84.6,4.66,36,13.8,254.27,16.9,3,0
PCC_004,2025-06-02,110.2,338,27,19,3.069,81.6,89.5,79.7,4.54,31,17.1,293.28,17.3,2,1
PCC_004,2025-06-09,123.6,405,20,25,3.274,75.2,93.9,84.1,4.47,36,13.3,292.24,16.8,2,0
PCC_004,2025-06-16,129.4,392,19,30,3.034,83.3,94.9,80.4,,36,14.9,296.44,18.7,2,2
PCC_004,2025-06-23,131.8,445,27,20,3.379,80.6,90.0,82.5,4.64,38,16.0,309.64,17.6,3,1
PCC_004,2025-06-30,129.9,378,27,16,2.91,77.1,94.8,76.8,4.45,30,18.2,271.03,16.7,3,1
PCC_004,2025-07-07,130.4,419,14,27,3.215,82.5,94.1,78.8,4.54,45,18.0,291.63,15.1,1,0
PCC_004,2025-07-14,134.6,453,34,32,3.366,85.1,89.5,79.3,4.66,39,10.3,290.4,14.5,2,0
PCC_004,2025-07-21,124.4,383,35,19,3.078,84.2,87.6,72.6,4.43,33,12.6,262.59,17.6,4,0
PCC_004,2025-07-28,118.9,370,28,17,3.117,85.8,90.7,75.4,4.66,40,14.3,263.41,17.6,1,0
PCC_004,2025-08-04,127.7,420,36,33,3.285,77.1,91.5,81.7,4.49,39,16.6,261.24,17.4,3,0
PCC_004,2025-08-11,124.4,369,32,20,2.968,79.8,90.7,83.0,4.54,36,14.4,288.58,16.0,0,0
PCC_004,2025-08-18,124.8,390,28,16,3.121,79.0,88.0,73.8,,50,15.8,262.49,17.3,0,3
PCC_004,2025-08-25,127.4,418,36,10,3.284,83.7,93.1,75.8,4.52,36,13.3,272.35,16.5,1,0
PCC_004,2025-09-01,117.1,362,23,13,3.088,75.4,95.9,85.8,4.55,37,18.6,251.82,16.5,5,0
PCC_004,2025-09-08,126.6,393,28,28,3.102,81.3,91.4,78.8,4.45,34,12.3,267.51,17.6,0,0
PCC_004,2025-09-15,134.4,437,30,33,3.247,78.5,91.5,77.8,4.35,42,13.1,279.54,16.4,2,1
PCC_004,2025-09-22,128.6,362,20,21,2.811,80.8,88.1,86.7,4.46,34,16.0,284.82,18.3,0,0
PCC_004,2025-09-29,121.8,377,25,21,3.093,83.9,90.6,85.2,4.5,33,16.8,265.19,16.9,0,1
PCC_004,2025-10-06,134.4,434,26,18,3.231,79.4,93.0,77.8,4.57,38,17.3,277.69,16.8,2,1
PCC_004,2025-10-13,125.0,352,33,19,2.812,79.1,93.1,80.1,4.48,28,17.0,248.4,18.4,2,1
PCC_004,2025-10-20,123.8,379,25,17,3.064,77.5,87.9,77.0,4.48,24,17.4,285.16,17.4,1,0
PCC_004,2025-10-27,126.4,384,20,13,3.041,79.4,95.1,72.6,4.48,33,15.4,277.67,15.9,1,1
PCC_004,2025-11-03,123.5,375,31,22,3.034,80.8,93.3,81.1,4.52,28,12.2,246.78,18.6,0,1
PCC_004,2025-11-10,114.7,332,13,14,2.893,81.9,92.5,72.6,4.54,25,13.8,256.6,14.1,2,1
PCC_004,2025-11-17,127.9,348,13,18,2.725,77.2,86.2,82.3,4.57,21,13.4,279.87,20.0,4,1
PCC_004,2025-11-24,127.3,377,17,20,2.961,80.0,93.5,85.0,4.57,39,14.2,262.07,18.2,2,0
PCC_004,2025-12-01,126.8,351,34,19,2.768,82.8,92.7,80.3,4.5,28,11.5,269.61,16.5,2,1
PCC_004,2025-12-08,135.6,351,32,22,2.586,83.0,92.2,73.3,4.57,25,14.9,255.21,16.4,4,1
PCC_004,2025-12-15,131.4,301,23,17,2.29,83.7,90.9,86.8,4.49,17,13.3,255.96,14.0,1,2
PCC_004,2025-12-22,129.6,322,22,18,2.483,86.3,93.7,80.8,4.5,24,15.2,255.09,21.8,1,0
PCC_004,2025-12-29,119.2,361,28,17,3.029,85.3,94.0,82.6,4.49,30,20.8,253.85,16.1,2,1
PCC_004,2026-01-05,134.3,415,17,24,3.087,86.0,93.6,80.1,4.57,45,15.7,245.96,17.1,2,1
PCC_004,2026-01-12,121.1,341,17,18,2.817,84.7,92.2,82.2,4.49,24,15.6,256.88,17.0,3,2
PCC_004,2026-01-19,130.5,390,14,25,2.988,85.5,90.5,76.6,4.41,37,14.7,269.96,16.4,3,0
PCC_004,2026-01-26,127.7,392,21,25,3.071,79.3,91.0,75.3,4.65,28,18.5,,16.2,1,1
PCC_004,2026-02-02,116.9,328,18,16,2.806,84.2,90.7,78.8,4.6,36,13.5,216.56,17.8,2,0
PCC_004,2026-02-09,124.8,357,21,24,2.857,80.7,90.3,76.6,4.71,23,14.5,262.42,13.9,2,0
PCC_004,2026-02-16,120.5,343,28,15,2.843,84.9,93.9,83.5,4.5,32,16.1,276.18,11.5,1,0
PCC_004,2026-02-23,130.8,330,21,21,2.523,89.9,96.1,81.4,4.56,30,19.0,,12.3,2,1
PCC_004,2026-03-02,135.2,398,29,27,2.944,81.4,88.2,79.8,4.52,37,15.8,255.22,12.4,0,1
PCC_004,2026-03-09,122.8,327,26,22,2.662,71.5,96.7,80.3,4.55,35,15.1,267.74,15.2,1,0
PCC_004,2026-03-16,141.0,372,29,20,2.636,77.3,93.1,82.7,4.57,25,19.7,258.62,13.9,2,1
PCC_004,2026-03-23,154.5,395,24,22,2.558,79.6,91.9,79.2,4.4,38,9.0,279.04,9.7,2,0
PCC_004,2026-03-30,133.7,313,16,19,2.34,85.3,91.4,81.2,4.48,30,14.6,279.65,15.8,0,1
PCC_004,2026-04-06,152.6,374,24,18,2.449,83.9,90.5,72.2,4.59,34,16.2,261.67,12.9,2,0
PCC_004,2026-04-13,139.8,402,24,15,2.874,78.6,89.9,83.7,4.62,34,19.9,257.34,13.6,2,1
PCC_004,2026-04-20,144.9,437,28,25,3.014,82.5,89.0,83.4,4.63,33,15.3,290.76,13.9,1,1
PCC_004,2026-04-27,138.0,354,22,15,2.566,84.5,90.7,81.0,4.52,25,13.2,270.37,14.3,1,1
PCC_005,2025-10-06,74.5,165,6,13,2.214,66.5,92.0,82.6,4.49,21,15.0,310.79,30.9,4,0
PCC_005,2025-10-13,73.3,162,10,13,2.21,74.1,88.5,80.0,4.55,13,10.6,329.0,31.1,1,1
PCC_005,2025-10-20,79.4,167,12,9,2.11,74.0,87.8,78.1,4.71,16,15.8,329.45,32.8,1,1
PCC_005,2025-10-27,89.3,178,16,9,1.988,71.6,84.9,79.6,4.61,12,11.3,316.87,28.1,2,1
PCC_005,2025-11-03,93.9,205,15,7,2.185,69.5,86.6,79.1,4.65,19,11.6,332.24,34.3,3,0
PCC_005,2025-11-10,89.2,187,18,5,2.095,67.6,89.3,82.0,4.55,17,14.2,325.21,35.8,1,0
PCC_005,2025-11-17,106.5,224,14,16,2.1,61.1,88.3,79.6,4.6,14,10.5,312.89,32.0,3,2
PCC_005,2025-11-24,103.2,209,13,11,2.028,73.2,85.7,75.6,4.62,22,11.0,345.39,32.3,2,1
PCC_005,2025-12-01,103.9,222,12,8,2.132,68.5,92.6,84.8,4.48,21,13.8,327.88,33.3,1,0
PCC_005,2025-12-08,123.7,282,21,13,2.282,67.7,89.2,78.8,4.51,22,14.7,327.33,30.7,1,1
PCC_005,2025-12-15,120.1,246,24,14,2.045,64.4,86.3,83.6,4.58,22,11.1,341.21,34.6,0,0
PCC_005,2025-12-22,116.6,219,10,17,1.875,70.0,89.6,82.6,4.5,24,11.7,343.26,33.4,2,1
PCC_005,2025-12-29,120.0,239,20,15,1.996,72.8,90.1,86.0,4.66,25,12.8,323.65,33.7,1,0
PCC_005,2026-01-05,117.8,236,21,10,2.004,63.9,88.9,87.9,4.54,17,15.0,317.64,38.8,3,1
PCC_005,2026-01-12,130.5,239,9,12,1.828,68.6,86.1,79.5,4.55,16,10.4,304.09,30.5,3,3
PCC_005,2026-01-19,133.4,268,26,7,2.013,65.1,88.6,81.3,4.47,23,12.6,291.51,35.1,3,1
PCC_005,2026-01-26,145.7,318,22,12,2.181,66.3,90.3,81.5,4.53,31,11.8,339.04,30.6,1,0
PCC_005,2026-02-02,142.2,297,20,8,2.086,70.1,89.6,80.3,4.54,27,10.7,337.57,33.4,2,0
PCC_005,2026-02-09,137.3,282,14,19,2.053,63.7,83.8,84.9,4.57,26,14.2,302.79,22.2,2,0
PCC_005,2026-02-16,135.3,313,21,15,2.314,69.2,88.6,87.8,4.57,15,14.2,291.77,23.9,1,0
PCC_005,2026-02-23,149.8,323,17,20,2.158,65.1,85.4,80.3,4.74,34,11.6,294.75,23.5,0,0
PCC_005,2026-03-02,155.1,337,11,11,2.175,64.6,89.1,78.9,4.63,34,12.9,321.32,25.0,1,1
PCC_005,2026-03-09,155.9,328,20,14,2.101,69.9,86.0,77.4,4.59,31,13.7,352.1,24.9,3,1
PCC_005,2026-03-16,165.1,385,23,27,2.33,70.5,86.0,78.9,4.45,37,11.8,326.16,20.9,1,0
PCC_005,2026-03-23,163.4,407,19,21,2.49,74.7,87.4,82.4,4.66,29,13.6,305.59,25.1,0,0
PCC_005,2026-03-30,178.0,418,22,21,2.348,68.2,87.4,79.5,4.41,44,11.2,343.55,22.3,3,2
PCC_005,2026-04-06,177.5,382,29,16,2.152,69.1,89.6,89.0,4.69,32,13.0,337.88,24.4,5,0
PCC_005,2026-04-13,176.3,464,28,22,2.63,75.5,86.8,79.8,4.55,44,15.3,323.16,25.6,2,1
PCC_005,2026-04-20,176.4,368,30,26,2.087,64.1,89.5,79.0,4.55,29,13.5,329.15,25.9,3,0
PCC_005,2026-04-27,179.9,412,26,25,2.29,70.6,88.9,83.0,4.67,38,13.2,371.09,24.9,2,1
PCC_006,2025-05-05,158.8,418,46,13,2.634,85.3,92.2,86.5,4.33,39,8.1,218.37,21.7,2,0
PCC_006,2025-05-12,137.2,344,17,18,2.508,82.4,92.4,87.0,4.36,23,6.6,243.09,18.1,1,1
PCC_006,2025-05-19,142.5,353,14,10,2.474,79.8,91.4,87.4,4.33,23,7.2,209.6,15.9,1,0
PCC_006,2025-05-26,141.1,380,23,13,2.694,84.3,93.1,84.9,4.36,28,6.0,238.68,22.3,2,1
PCC_006,2025-06-02,142.2,334,6,13,2.349,86.2,92.9,86.2,4.42,31,9.5,230.4,21.5,1,2
PCC_006,2025-06-09,168.5,429,30,36,2.543,82.1,92.5,84.4,4.25,34,5.7,253.83,18.0,3,1
PCC_006,2025-06-16,156.3,415,39,16,2.656,84.2,93.4,83.5,4.35,36,8.7,261.0,24.5,2,1
PCC_006,2025-06-23,155.1,404,32,18,2.606,79.6,93.2,85.0,4.42,43,9.4,241.77,21.2,4,0
PCC_006,2025-06-30,158.6,423,32,35,2.668,84.3,92.8,89.0,4.29,43,10.0,229.49,18.9,1,1
PCC_006,2025-07-07,160.8,421,33,25,2.621,81.5,90.6,92.8,4.22,43,6.6,246.2,23.2,0,1
PCC_006,2025-07-14,146.9,373,21,16,2.541,84.5,90.9,81.5,,32,8.7,,18.4,5,2
PCC_006,2025-07-21,142.7,383,34,22,2.687,85.2,91.4,82.9,4.32,32,9.0,246.26,22.6,3,1
PCC_006,2025-07-28,143.8,389,29,30,2.703,77.2,83.6,82.2,4.25,32,8.4,244.07,22.2,2,2
PCC_006,2025-08-04,145.3,358,27,19,2.465,88.2,91.0,81.5,4.29,31,6.4,256.02,21.6,0,1
PCC_006,2025-08-11,165.0,456,32,25,2.762,85.7,88.0,86.3,4.26,40,7.3,211.89,19.2,4,0
PCC_006,2025-08-18,146.7,400,30,22,2.73,77.4,94.2,84.9,4.25,32,8.7,259.15,19.1,1,2
PCC_006,2025-08-25,160.2,427,31,23,2.668,84.4,97.6,91.3,4.34,33,9.4,247.92,23.2,2,0
PCC_006,2025-09-01,136.5,321,17,19,2.35,82.5,91.6,90.8,4.46,25,8.2,240.39,21.9,0,1
PCC_006,2025-09-08,154.9,400,17,23,2.582,82.0,96.4,91.0,4.43,36,8.6,261.82,23.0,2,0
PCC_006,2025-09-15,147.4,399,16,27,2.707,81.7,87.9,87.1,4.31,32,7.5,241.68,19.3,4,1
PCC_006,2025-09-22,150.4,359,25,20,2.386,90.4,91.1,91.1,4.35,31,7.8,213.81,17.0,2,0
PCC_006,2025-09-29,152.2,393,24,16,2.584,85.6,90.9,91.6,4.32,40,10.3,202.27,20.5,1,0
PCC_006,2025-10-06,151.0,404,24,15,2.678,86.7,93.6,91.1,4.33,35,7.5,242.75,21.2,0,1
PCC_006,2025-10-13,145.7,337,7,18,2.313,79.9,95.8,92.0,4.22,41,9.7,234.17,21.7,1,1
PCC_006,2025-10-20,160.0,366,24,27,2.287,84.4,90.5,89.0,4.44,40,9.7,210.15,18.5,0,2
PCC_006,2025-10-27,148.5,367,17,9,2.471,80.9,89.3,87.3,4.42,38,6.7,251.55,20.0,2,0
PCC_006,2025-11-03,159.8,403,25,27,2.523,79.5,88.2,91.1,4.44,29,7.5,233.98,17.1,1,1
PCC_006,2025-11-10,159.5,379,30,20,2.378,83.1,92.2,83.9,4.27,41,9.8,210.87,21.7,1,0
PCC_006,2025-11-17,131.4,300,20,17,2.286,85.1,90.8,88.7,4.58,30,6.2,207.51,20.3,2,4
PCC_006,2025-11-24,146.0,340,31,18,2.327,76.6,90.9,86.8,4.5,32,8.2,218.76,20.9,4,1
PCC_006,2025-12-01,149.5,348,23,18,2.327,83.1,90.4,89.7,4.28,41,8.6,229.75,17.6,0,2
PCC_006,2025-12-08,146.0,347,32,20,2.377,80.8,91.4,83.5,4.38,35,9.6,195.23,19.5,3,2
PCC_006,2025-12-15,166.0,412,20,37,2.483,82.1,89.5,85.0,4.31,26,6.9,232.74,17.5,1,0
PCC_006,2025-12-22,145.6,335,24,17,2.297,80.8,91.1,88.0,4.47,40,6.4,236.85,19.6,1,1
PCC_006,2025-12-29,153.7,350,24,30,2.28,83.9,90.5,91.5,4.41,28,8.1,229.41,19.9,2,0
PCC_006,2026-01-05,150.6,350,17,15,2.322,79.6,89.5,92.8,4.3,28,6.9,212.58,19.9,2,1
PCC_006,2026-01-12,142.0,312,20,15,2.198,85.6,89.0,88.1,4.35,27,6.8,212.31,17.4,1,0
PCC_006,2026-01-19,156.5,411,19,25,2.626,85.8,90.8,88.4,4.37,47,6.7,185.09,24.1,0,0
PCC_006,2026-01-26,161.9,375,19,20,2.319,82.3,91.6,88.6,4.37,34,6.3,198.36,19.8,1,1
PCC_006,2026-02-02,152.0,324,25,19,2.133,86.2,87.5,86.8,4.44,28,8.2,216.53,22.0,1,1
PCC_006,2026-02-09,165.5,363,39,16,2.195,82.0,88.9,89.3,4.32,27,9.1,223.23,18.7,4,0
PCC_006,2026-02-16,150.2,367,33,17,2.444,84.5,91.5,81.9,4.42,35,8.3,216.25,17.1,1,0
PCC_006,2026-02-23,152.3,343,24,24,2.249,86.0,89.3,88.7,4.33,21,11.1,214.02,13.6,2,1
PCC_006,2026-03-02,140.7,311,18,23,2.209,81.3,88.3,94.3,4.38,23,7.2,228.05,16.7,1,1
PCC_006,2026-03-09,145.8,377,22,22,2.586,85.1,88.8,91.9,4.25,41,7.7,216.54,16.2,1,2
PCC_006,2026-03-16,154.0,387,33,10,2.512,83.3,91.0,91.3,4.43,35,7.3,212.23,18.1,3,1
PCC_006,2026-03-23,154.9,352,21,13,2.273,77.7,91.3,82.9,4.35,28,8.5,,14.8,2,2
PCC_006,2026-03-30,147.1,349,23,21,2.374,83.6,89.0,90.9,4.48,34,9.4,202.62,14.4,2,1
PCC_006,2026-04-06,154.6,395,38,21,2.556,84.4,88.5,86.4,4.37,39,9.9,223.89,14.4,4,1
PCC_006,2026-04-13,147.1,348,28,20,2.365,82.5,89.8,89.1,4.15,30,11.1,212.8,17.2,7,2
PCC_006,2026-04-20,143.0,342,16,16,2.388,77.6,91.2,89.3,4.37,32,8.6,253.2,18.5,9,2
PCC_006,2026-04-27,137.8,322,25,18,2.334,80.6,89.3,87.0,4.38,18,9.1,232.29,19.0,9,1
PCC_007,2025-12-01,41.2,78,5,5,1.887,88.3,94.5,83.4,4.52,8,10.7,192.48,12.5,0,0
PCC_007,2025-12-08,39.4,74,5,3,1.891,80.6,97.2,81.1,4.48,6,10.0,218.85,17.2,2,0
PCC_007,2025-12-15,41.5,82,5,3,1.967,88.8,92.9,84.0,4.63,9,7.6,204.19,14.8,2,1
PCC_007,2025-12-22,45.8,80,5,3,1.747,83.6,90.2,87.2,4.53,9,11.4,233.25,13.5,0,0
PCC_007,2025-12-29,49.3,96,8,7,1.948,89.7,90.9,90.2,4.48,6,7.0,217.01,14.2,0,0
PCC_007,2026-01-05,50.5,101,11,6,1.999,88.5,89.4,86.0,4.47,6,13.4,205.47,12.9,1,0
PCC_007,2026-01-12,47.4,85,5,7,1.795,85.7,92.8,83.3,4.43,6,12.2,220.5,18.2,1,0
PCC_007,2026-01-19,48.3,97,5,6,2.015,82.0,90.8,81.2,4.51,9,10.5,241.84,9.5,4,1
PCC_007,2026-01-26,54.6,108,7,8,1.982,86.6,92.1,83.6,4.56,6,12.8,221.94,14.7,4,0
PCC_007,2026-02-02,51.3,101,8,7,1.975,86.7,91.2,79.0,4.54,10,11.5,213.4,12.2,1,0
PCC_007,2026-02-09,56.0,111,6,9,1.987,90.4,92.8,84.7,4.42,10,15.7,222.18,11.8,1,1
PCC_007,2026-02-16,64.3,130,11,4,2.026,86.4,87.0,74.8,4.49,16,11.0,191.31,9.9,2,1
PCC_007,2026-02-23,59.0,107,7,3,1.811,85.6,93.9,90.7,4.59,13,14.1,229.32,11.5,2,0
PCC_007,2026-03-02,58.0,125,7,4,2.156,84.8,92.4,88.7,4.62,9,9.6,233.47,11.7,2,0
PCC_007,2026-03-09,63.0,136,13,10,2.152,86.4,90.1,87.3,4.57,9,12.0,221.91,12.6,2,2
PCC_007,2026-03-16,65.7,137,14,5,2.082,86.8,90.1,80.0,4.55,12,7.8,218.04,8.9,0,2
PCC_007,2026-03-23,65.2,135,8,5,2.069,83.8,88.3,84.1,4.56,13,11.1,233.78,13.1,0,1
PCC_007,2026-03-30,69.7,160,6,6,2.291,83.6,98.0,86.5,4.44,13,10.9,223.76,10.1,1,1
PCC_007,2026-04-06,67.4,153,5,8,2.276,89.7,88.4,84.7,4.56,14,10.5,228.95,12.9,1,0
PCC_007,2026-04-13,65.0,138,13,6,2.128,82.7,88.3,86.0,4.48,9,11.8,208.08,12.8,2,2
PCC_007,2026-04-20,71.7,166,9,7,2.32,92.4,87.8,90.5,4.53,20,11.0,209.88,9.7,3,1
PCC_007,2026-04-27,76.9,176,16,9,2.289,86.6,88.7,84.7,3.54,7,10.0,217.41,13.4,5,1
PCC_008,2025-05-05,153.2,408,26,21,2.661,82.2,94.6,76.4,4.59,33,20.7,280.91,23.5,0,0
PCC_008,2025-05-12,152.7,387,34,16,2.533,84.1,91.0,78.4,4.43,33,17.4,304.54,24.5,1,0
PCC_008,2025-05-19,176.6,414,7,20,2.343,81.5,83.9,75.3,4.49,31,14.7,306.52,24.5,3,0
PCC_008,2025-05-26,153.4,402,19,13,2.621,84.1,86.9,78.0,4.46,36,11.0,282.98,25.2,1,1
PCC_008,2025-06-02,164.9,386,37,16,2.339,75.3,93.0,86.2,4.44,26,13.4,310.54,22.0,0,1
PCC_008,2025-06-09,151.2,405,24,23,2.677,80.5,90.4,82.5,4.48,43,9.6,317.04,21.2,0,0
PCC_008,2025-06-16,172.5,412,16,17,2.39,77.4,90.7,72.5,4.46,25,12.5,299.21,25.0,3,1
PCC_008,2025-06-23,160.0,411,31,25,2.567,84.4,89.0,74.1,4.3,33,17.9,326.05,19.5,4,2
PCC_008,2025-06-30,159.7,440,13,26,2.758,88.3,88.9,83.5,4.55,30,15.4,317.77,25.6,2,1
PCC_008,2025-07-07,174.3,491,37,24,2.819,75.4,90.0,82.4,4.29,47,20.4,294.26,23.6,1,0
PCC_008,2025-07-14,155.4,419,33,32,2.695,84.8,93.9,81.2,4.63,30,14.9,311.42,25.0,2,1
PCC_008,2025-07-21,158.5,365,23,21,2.301,78.0,89.4,74.1,4.57,32,14.4,289.7,23.2,2,0
PCC_008,2025-07-28,166.9,410,27,26,2.455,84.1,89.8,78.9,4.45,46,17.3,299.34,21.1,2,1
PCC_008,2025-08-04,157.8,400,39,23,2.533,78.5,93.1,70.5,4.35,23,20.3,298.66,25.7,1,0
PCC_008,2025-08-11,166.2,424,27,25,2.553,82.4,89.2,77.4,4.46,31,12.2,298.6,23.8,0,3
PCC_008,2025-08-18,160.9,425,17,23,2.638,79.1,88.1,77.5,4.37,43,18.4,300.21,26.1,5,0
PCC_008,2025-08-25,163.8,389,30,22,2.373,81.0,93.4,80.7,4.57,43,18.7,302.04,26.5,1,2
PCC_008,2025-09-01,154.3,382,32,15,2.477,79.8,90.5,78.6,4.43,51,15.5,275.15,22.9,3,1
PCC_008,2025-09-08,162.8,403,26,19,2.475,79.2,90.5,80.9,4.46,23,19.8,308.4,24.3,1,2
PCC_008,2025-09-15,165.9,373,29,20,2.249,86.2,89.8,83.2,4.43,37,15.0,300.15,22.9,1,1
PCC_008,2025-09-22,162.2,420,33,9,2.591,82.3,91.1,83.6,4.48,27,18.9,271.1,27.0,0,0
PCC_008,2025-09-29,164.8,442,39,26,2.681,84.2,91.3,73.9,4.49,36,16.3,290.25,25.9,2,0
PCC_008,2025-10-06,159.5,397,23,23,2.488,82.5,92.8,82.5,4.43,23,12.9,257.32,23.1,1,1
PCC_008,2025-10-13,182.9,433,41,30,2.368,76.5,90.6,73.7,4.52,39,11.0,287.54,24.0,5,0
PCC_008,2025-10-20,151.4,349,29,10,2.302,83.5,89.2,76.0,4.58,30,17.8,305.35,24.8,4,0
PCC_008,2025-10-27,163.7,440,25,23,2.69,82.5,93.0,78.0,4.5,37,13.8,257.12,21.9,0,2
PCC_008,2025-11-03,154.8,354,24,14,2.288,84.5,84.5,74.1,4.39,28,17.4,286.21,24.5,1,3
PCC_008,2025-11-10,161.7,390,24,6,2.415,83.9,88.0,76.4,4.54,35,15.0,266.43,26.6,1,1
PCC_008,2025-11-17,165.9,406,34,22,2.449,82.5,88.0,75.6,4.6,38,13.9,270.15,23.0,2,0
PCC_008,2025-11-24,166.9,397,37,26,2.379,82.8,87.7,74.8,4.39,34,21.1,273.26,23.4,3,2
PCC_008,2025-12-01,172.4,420,24,17,2.436,85.5,88.1,80.8,4.66,30,12.8,279.69,22.6,2,0
PCC_008,2025-12-08,151.3,331,19,13,2.189,80.2,86.1,83.4,4.47,33,14.8,303.23,24.1,3,1
PCC_008,2025-12-15,172.6,380,22,18,2.202,80.4,92.5,79.8,4.45,35,17.1,284.33,26.4,5,0
PCC_008,2025-12-22,170.3,411,37,24,2.413,81.0,86.4,79.9,4.53,26,14.9,260.72,23.4,2,0
PCC_008,2025-12-29,161.4,406,33,21,2.512,82.2,90.7,74.3,4.45,33,14.6,266.96,28.1,1,1
PCC_008,2026-01-05,165.2,374,22,24,2.266,79.0,87.6,72.9,4.55,38,17.3,269.32,25.0,2,1
PCC_008,2026-01-12,161.4,364,7,10,2.255,82.0,85.3,71.6,4.41,30,14.6,263.24,20.0,1,0
PCC_008,2026-01-19,169.9,396,26,26,2.329,83.3,88.9,79.6,4.64,37,16.5,293.82,24.0,0,2
PCC_008,2026-01-26,148.7,347,22,17,2.332,84.8,90.1,73.4,4.5,30,19.1,296.48,27.3,0,3
PCC_008,2026-02-02,164.0,396,32,18,2.417,86.4,86.2,81.1,4.46,37,17.8,254.06,20.6,3,0
PCC_008,2026-02-09,166.3,346,25,10,2.081,78.3,87.8,76.0,4.49,28,19.3,286.94,20.6,3,1
PCC_008,2026-02-16,163.4,372,22,12,2.274,81.5,89.4,78.6,4.52,20,19.0,279.96,20.1,3,0
PCC_008,2026-02-23,160.5,350,19,25,2.178,85.3,90.5,83.5,4.45,35,16.0,259.96,20.9,2,1
PCC_008,2026-03-02,160.6,332,17,4,2.065,85.5,91.7,78.4,4.45,28,12.5,307.14,19.3,2,1
PCC_008,2026-03-09,147.3,352,34,17,2.388,80.3,87.6,77.0,4.51,43,15.7,278.52,18.5,6,0
PCC_008,2026-03-16,159.3,325,15,22,2.04,81.7,89.0,85.1,4.57,18,18.4,259.01,20.5,0,2
PCC_008,2026-03-23,155.6,345,18,11,2.217,83.7,85.9,82.8,4.49,33,15.4,300.36,21.4,2,1
PCC_008,2026-03-30,173.2,367,13,18,2.118,81.7,87.7,78.6,4.56,38,17.0,279.97,21.3,2,1
PCC_008,2026-04-06,151.6,357,19,25,2.353,84.9,85.3,73.0,4.34,42,15.8,287.87,16.7,3,0
PCC_008,2026-04-13,161.4,363,10,21,2.25,81.9,89.5,80.6,4.61,27,18.9,270.28,18.4,1,1
PCC_008,2026-04-20,158.8,400,17,28,2.521,83.2,89.7,80.1,4.46,26,12.5,310.98,23.0,1,1
PCC_008,2026-04-27,162.1,396,37,15,2.446,82.0,87.3,82.8,4.39,34,11.1,247.13,19.7,0,2
PCC_009,2025-08-25,92.8,238,25,16,2.559,72.0,85.9,99.5,4.54,15,7.0,290.55,18.6,2,2
PCC_009,2025-09-01,101.9,204,14,14,2.004,71.8,83.1,100.0,,17,8.2,301.16,19.6,3,0
PCC_009,2025-09-08,102.7,228,17,14,2.222,75.2,81.6,100.0,4.52,22,5.4,261.59,19.3,6,0
PCC_009,2025-09-15,100.5,207,16,9,2.055,74.1,80.2,100.0,4.52,16,6.4,293.19,22.4,0,0
PCC_009,2025-09-22,127.4,283,14,13,2.221,73.9,86.6,100.0,4.56,35,6.5,,22.6,0,1
PCC_009,2025-09-29,123.9,252,17,16,2.036,79.1,86.0,100.0,4.6,20,5.4,273.52,21.1,0,0
PCC_009,2025-10-06,122.6,243,15,19,1.985,74.2,76.1,100.0,4.6,25,8.9,240.0,21.7,1,3
PCC_009,2025-10-13,138.7,302,32,16,2.179,71.0,86.4,100.0,4.53,23,7.7,259.76,22.6,2,0
PCC_009,2025-10-20,148.6,325,29,11,2.188,70.0,86.7,98.4,4.56,33,7.0,291.67,22.7,0,0
PCC_009,2025-10-27,142.0,321,30,9,2.262,72.5,80.9,100.0,4.57,31,5.7,288.62,23.7,1,1
PCC_009,2025-11-03,145.7,307,27,14,2.104,72.8,82.0,97.0,4.45,22,5.7,287.35,20.4,0,2
PCC_009,2025-11-10,147.0,304,15,12,2.07,68.9,83.4,100.0,4.66,24,6.0,291.1,23.1,2,0
PCC_009,2025-11-17,166.5,341,19,14,2.046,70.7,83.8,100.0,4.64,35,7.1,278.06,18.0,1,2
PCC_009,2025-11-24,171.1,366,26,12,2.141,74.1,80.5,100.0,4.63,28,6.2,260.34,24.3,1,0
PCC_009,2025-12-01,176.9,336,20,4,1.898,72.8,81.0,97.6,4.59,20,7.2,266.42,22.3,3,1
PCC_009,2025-12-08,174.5,362,22,11,2.075,69.9,78.0,90.8,4.62,42,5.1,243.01,24.4,1,2
PCC_009,2025-12-15,172.1,344,25,14,1.997,69.8,80.7,97.6,4.55,27,9.1,268.56,19.2,2,0
PCC_009,2025-12-22,178.1,378,26,14,2.125,75.5,82.5,100.0,4.42,30,6.1,261.83,19.9,0,0
PCC_009,2025-12-29,188.5,395,34,14,2.094,65.1,81.9,100.0,4.51,39,6.9,275.67,20.2,1,0
PCC_009,2026-01-05,209.5,466,40,21,2.226,64.7,81.2,98.4,4.57,39,6.5,234.92,21.0,1,1
PCC_009,2026-01-12,207.2,465,37,34,2.246,69.1,79.0,99.7,4.65,35,7.2,226.21,20.9,1,0
PCC_009,2026-01-19,190.1,389,32,13,2.047,73.1,83.7,97.4,4.59,38,7.6,258.85,23.5,1,2
PCC_009,2026-01-26,206.8,490,43,30,2.371,70.7,83.8,100.0,4.57,53,7.7,271.17,21.8,1,1
PCC_009,2026-02-02,198.0,471,46,28,2.381,71.2,81.6,95.4,4.58,37,7.3,279.49,21.8,2,1
PCC_009,2026-02-09,199.2,447,31,13,2.241,72.8,79.8,100.0,4.66,41,7.5,261.74,20.5,3,2
PCC_009,2026-02-16,233.7,518,37,24,2.215,70.6,80.5,100.0,4.63,43,7.4,248.95,17.4,1,1
PCC_009,2026-02-23,230.3,521,22,28,2.262,70.1,80.7,100.0,4.51,41,4.4,262.51,17.1,3,1
PCC_009,2026-03-02,224.7,488,35,28,2.172,69.6,80.2,100.0,4.61,40,9.0,284.63,15.6,3,0
PCC_009,2026-03-09,224.8,544,43,35,2.421,70.0,79.7,100.0,4.49,47,8.5,272.99,19.0,2,2
PCC_009,2026-03-16,228.7,558,44,21,2.441,68.5,78.7,100.0,4.61,44,6.3,280.85,17.2,0,1
PCC_009,2026-03-23,241.4,535,24,42,2.216,70.8,81.5,98.9,4.6,53,7.6,259.93,15.9,0,2
PCC_009,2026-03-30,252.8,549,29,31,2.17,70.9,78.9,96.0,4.69,50,5.8,268.72,17.2,1,0
PCC_009,2026-04-06,220.5,474,47,33,2.151,71.0,80.9,100.0,4.57,28,8.2,270.41,19.4,1,1
PCC_009,2026-04-13,234.2,538,39,32,2.297,67.6,80.6,99.0,4.47,42,6.8,264.06,16.0,2,0
PCC_009,2026-04-20,238.2,571,60,37,2.398,70.2,82.0,100.0,4.54,56,7.3,283.51,17.9,2,1
PCC_009,2026-04-27,239.4,581,56,37,2.427,71.9,81.5,100.0,4.58,63,6.1,277.64,15.8,1,0
PCC_010,2025-12-29,86.6,193,11,6,2.223,82.4,92.8,79.5,4.46,17,6.0,271.99,26.9,1,1
PCC_010,2026-01-05,88.6,195,14,15,2.201,86.8,94.9,78.3,4.6,17,7.9,276.52,27.3,4,0
PCC_010,2026-01-12,99.6,210,13,10,2.111,84.3,96.5,83.7,4.4,23,8.5,266.31,19.9,1,3
PCC_010,2026-01-19,100.2,222,15,6,2.212,80.0,92.9,82.2,4.61,19,,278.09,21.7,3,0
PCC_010,2026-01-26,103.6,239,16,9,2.309,88.0,91.9,86.7,4.51,20,5.5,248.77,19.7,1,2
PCC_010,2026-02-02,105.1,237,15,12,2.254,81.5,97.6,85.1,4.65,24,4.3,257.59,25.9,2,2
PCC_010,2026-02-09,112.1,248,7,16,2.216,81.8,95.6,89.6,4.48,12,7.8,262.76,19.9,2,0
PCC_010,2026-02-16,114.8,266,18,14,2.314,82.3,95.3,82.5,4.38,29,7.4,267.86,15.9,3,0
PCC_010,2026-02-23,123.5,286,22,15,2.317,80.6,96.4,83.4,4.65,21,9.2,275.37,20.9,2,0
PCC_010,2026-03-02,120.4,269,7,15,2.238,85.1,94.8,81.8,4.45,26,7.1,254.72,18.8,1,1
PCC_010,2026-03-09,140.4,307,17,15,2.19,80.2,92.6,85.1,4.56,25,7.4,298.91,20.8,3,3
PCC_010,2026-03-16,130.1,324,25,26,2.49,80.1,93.0,93.1,4.58,36,7.7,253.97,16.6,0,2
PCC_010,2026-03-23,128.2,299,17,11,2.329,82.3,93.0,88.9,4.52,22,5.3,273.82,18.1,5,0
PCC_010,2026-03-30,135.0,326,33,15,2.417,82.0,93.8,85.9,4.54,27,7.5,262.13,17.7,0,1
PCC_010,2026-04-06,143.9,321,20,20,2.231,87.2,93.0,89.3,4.42,29,7.2,254.01,18.9,3,0
PCC_010,2026-04-13,152.3,406,32,21,2.663,83.6,95.8,88.8,4.49,35,9.1,271.3,20.4,1,3
PCC_010,2026-04-20,149.9,349,18,22,2.33,82.9,92.3,96.7,4.48,33,8.3,265.64,20.8,1,0
PCC_010,2026-04-27,146.5,376,28,10,2.564,77.7,96.6,100.0,4.55,26,7.2,271.8,19.3,0,0
PCC_011,2025-05-05,92.4,233,17,14,2.524,79.8,96.4,85.9,4.77,25,11.3,327.83,23.3,1,0
PCC_011,2025-05-12,95.4,269,19,20,2.824,82.1,91.8,88.9,4.83,23,10.7,291.86,23.5,1,2
PCC_011,2025-05-19,101.0,283,22,15,2.804,76.1,93.8,85.7,4.78,37,13.5,279.08,20.1,4,2
PCC_011,2025-05-26,93.6,272,21,25,2.91,77.1,91.5,87.6,4.79,24,15.8,293.73,22.4,1,0
PCC_011,2025-06-02,96.5,274,20,15,2.837,78.1,90.4,85.0,4.84,20,12.1,278.07,24.7,4,2
PCC_011,2025-06-09,99.5,278,15,13,2.796,80.9,89.8,86.5,4.69,15,10.1,252.92,23.5,0,1
PCC_011,2025-06-16,93.1,268,16,15,2.882,77.3,94.8,86.7,4.79,22,16.0,289.68,19.2,1,2
PCC_011,2025-06-23,95.8,264,20,22,2.758,79.3,92.8,86.2,4.81,22,14.6,315.07,23.7,4,0
PCC_011,2025-06-30,99.4,297,21,26,2.986,77.6,92.8,86.5,4.75,18,7.7,269.59,24.1,2,1
PCC_011,2025-07-07,101.4,309,21,26,3.049,77.4,90.9,88.3,4.6,27,10.2,304.64,22.0,4,0
PCC_011,2025-07-14,97.1,299,17,11,3.079,80.4,86.5,82.8,,28,10.8,287.3,23.2,0,0
PCC_011,2025-07-21,97.9,293,19,17,2.987,75.5,92.6,91.1,,30,11.6,285.4,25.0,2,0
PCC_011,2025-07-28,94.7,302,21,18,3.193,76.1,92.6,88.0,4.88,31,11.8,294.9,24.2,3,0
PCC_011,2025-08-04,92.9,240,6,16,2.587,80.1,89.8,83.1,4.87,29,8.9,278.04,23.8,0,1
PCC_011,2025-08-11,86.9,250,13,13,2.874,77.0,89.9,81.1,4.75,29,8.9,300.04,20.7,0,0
PCC_011,2025-08-18,102.3,271,15,20,2.648,81.3,88.2,90.4,4.8,21,15.5,352.28,22.5,1,1
PCC_011,2025-08-25,97.7,278,13,14,2.85,72.8,90.8,84.1,4.85,25,10.5,271.36,23.4,3,2
PCC_011,2025-09-01,92.5,280,19,20,3.027,80.9,91.4,87.7,4.82,25,11.6,276.33,24.2,1,0
PCC_011,2025-09-08,99.9,272,29,16,2.726,81.7,94.3,84.6,4.82,27,11.3,279.82,23.4,1,0
PCC_011,2025-09-15,98.6,271,21,12,2.749,76.3,89.9,90.1,4.78,22,13.4,287.37,23.0,0,0
PCC_011,2025-09-22,100.4,280,27,24,2.788,79.4,91.0,85.4,4.77,27,13.8,292.29,22.7,0,1
PCC_011,2025-09-29,95.8,271,30,21,2.832,78.4,92.7,88.3,4.83,26,11.0,269.21,21.5,1,1
PCC_011,2025-10-06,98.2,273,19,16,2.783,79.6,94.8,93.2,4.79,20,9.8,283.95,20.7,2,1
PCC_011,2025-10-13,96.3,238,16,10,2.476,75.5,94.0,86.7,4.75,24,11.2,292.65,24.1,6,0
PCC_011,2025-10-20,99.7,265,10,17,2.655,78.4,87.8,87.8,4.75,19,10.6,264.0,21.1,1,1
PCC_011,2025-10-27,99.8,272,21,8,2.729,85.2,93.3,86.1,4.87,24,14.0,272.17,22.2,1,2
PCC_011,2025-11-03,93.3,263,28,14,2.814,81.8,89.3,90.0,4.69,35,14.7,271.06,24.6,2,0
PCC_011,2025-11-10,98.5,257,5,16,2.605,76.1,91.9,89.2,4.9,25,13.1,293.9,23.0,1,1
PCC_011,2025-11-17,96.6,250,17,16,2.587,87.3,88.9,90.2,4.78,26,15.2,263.01,19.0,0,4
PCC_011,2025-11-24,95.1,231,19,9,2.431,83.0,89.8,80.8,4.89,16,11.3,253.09,20.8,4,0
PCC_011,2025-12-01,93.9,223,16,9,2.38,80.8,91.3,88.7,4.87,20,13.6,286.23,21.2,3,1
PCC_011,2025-12-08,97.7,256,14,18,2.616,87.2,89.1,90.5,4.74,25,12.9,237.79,21.9,0,1
PCC_011,2025-12-15,101.8,269,22,10,2.643,81.1,93.5,88.6,4.76,27,12.8,267.91,21.5,4,0
PCC_011,2025-12-22,95.6,252,24,9,2.635,83.5,90.2,87.4,4.82,29,11.7,267.43,24.9,2,1
PCC_011,2025-12-29,94.6,261,8,16,2.759,81.7,92.8,94.1,4.82,27,9.6,258.38,22.3,3,0
PCC_011,2026-01-05,101.7,277,13,14,2.726,81.5,92.0,90.0,4.8,19,9.9,243.91,18.0,0,1
PCC_011,2026-01-12,99.6,237,13,17,2.382,78.4,90.7,90.4,4.91,21,12.7,271.92,26.4,3,1
PCC_011,2026-01-19,95.6,237,14,20,2.475,83.1,93.3,89.9,4.83,19,12.8,245.83,23.6,1,1
PCC_011,2026-01-26,97.5,240,21,17,2.456,79.6,90.9,83.8,4.84,25,13.2,241.12,21.6,2,0
PCC_011,2026-02-02,96.0,251,20,13,2.614,82.2,92.5,94.8,4.97,26,11.5,279.3,21.4,3,1
PCC_011,2026-02-09,101.8,271,12,10,2.658,86.3,92.8,86.4,4.9,31,10.1,273.89,19.5,1,1
PCC_011,2026-02-16,104.8,252,17,22,2.405,77.8,89.6,89.1,4.85,27,12.5,247.3,17.7,3,2
PCC_011,2026-02-23,104.8,271,18,9,2.587,82.0,86.4,89.9,4.78,30,10.6,269.65,18.8,2,1
PCC_011,2026-03-02,102.9,283,19,16,2.747,80.6,86.0,88.7,4.88,32,13.0,256.32,17.5,3,2
PCC_011,2026-03-09,98.2,270,23,10,2.749,79.2,88.3,93.0,4.8,29,9.9,268.93,18.0,1,1
PCC_011,2026-03-16,95.6,255,16,18,2.667,80.2,81.6,90.0,4.95,24,13.2,298.95,16.1,2,2
PCC_011,2026-03-23,95.9,269,19,17,2.807,85.0,79.4,87.9,4.83,29,9.6,267.95,18.9,3,0
PCC_011,2026-03-30,104.9,292,22,15,2.782,80.5,81.1,87.1,4.95,20,12.5,297.09,15.3,4,1
PCC_011,2026-04-06,94.1,274,13,18,2.916,80.6,74.8,87.4,4.85,26,14.7,305.46,20.7,1,1
PCC_011,2026-04-13,100.0,257,29,18,2.573,85.2,78.3,87.9,4.83,33,9.2,269.79,14.6,2,0
PCC_011,2026-04-20,92.5,271,16,17,2.928,85.0,78.2,88.9,4.86,27,13.3,280.82,20.5,3,1
PCC_011,2026-04-27,101.6,303,21,10,2.982,81.5,79.5,87.1,4.81,26,11.7,257.95,15.8,0,2
PCC_012,2025-05-05,192.2,467,26,33,2.432,73.8,93.0,82.1,4.32,39,7.4,236.37,33.1,0,0
PCC_012,2025-05-12,186.0,524,43,27,2.819,81.4,88.2,84.8,4.6,46,8.9,255.94,35.1,2,0
PCC_012,2025-05-19,210.2,542,55,31,2.58,76.3,90.4,81.5,4.42,46,9.4,264.33,31.4,2,1
PCC_012,2025-05-26,186.4,525,30,27,2.818,72.8,91.0,81.3,4.59,48,7.6,290.78,30.1,1,2
PCC_012,2025-06-02,208.6,581,59,22,2.785,80.4,91.2,80.6,4.4,53,8.7,272.14,25.5,2,0
PCC_012,2025-06-09,219.6,584,30,42,2.66,75.2,84.8,84.2,4.33,51,11.0,282.25,32.6,2,0
PCC_012,2025-06-16,216.2,647,30,32,2.993,68.6,90.1,84.2,4.38,51,10.0,257.24,30.9,1,0
PCC_012,2025-06-23,216.1,613,54,30,2.836,71.6,88.6,88.8,4.5,54,7.7,270.78,30.3,3,0
PCC_012,2025-06-30,208.8,538,45,38,2.574,77.7,92.4,85.8,4.37,53,9.7,278.88,32.9,4,0
PCC_012,2025-07-07,224.5,643,58,20,2.866,69.1,92.4,87.0,4.58,71,9.0,277.62,30.2,5,0
PCC_012,2025-07-14,198.6,525,31,35,2.642,73.0,93.0,81.1,4.54,49,9.3,265.46,35.8,1,1
PCC_012,2025-07-21,229.9,644,32,29,2.8,70.4,89.7,87.0,4.49,54,12.0,248.33,31.4,1,0
PCC_012,2025-07-28,209.8,632,50,28,3.014,72.6,91.6,79.7,4.39,65,7.7,290.57,31.7,1,1
PCC_012,2025-08-04,209.8,650,44,43,3.099,75.6,88.6,78.6,4.37,59,10.8,278.45,34.7,1,1
PCC_012,2025-08-11,222.0,627,22,16,2.826,72.3,87.3,86.6,4.54,55,10.6,298.15,30.9,2,0
PCC_012,2025-08-18,242.9,626,33,41,2.577,74.8,90.6,83.0,4.44,49,10.0,265.18,31.5,2,1
PCC_012,2025-08-25,234.0,647,51,40,2.765,74.6,85.9,77.8,4.43,55,11.6,272.12,32.2,0,0
PCC_012,2025-09-01,200.7,621,35,35,3.091,74.8,92.1,88.2,4.47,68,6.4,241.99,30.7,4,0
PCC_012,2025-09-08,201.4,596,40,25,2.959,78.4,85.3,78.4,4.54,53,9.2,268.05,31.1,2,2
PCC_012,2025-09-15,206.0,550,44,48,2.67,77.5,86.5,86.1,4.46,33,9.4,283.74,33.5,3,0
PCC_012,2025-09-22,194.2,519,44,18,2.674,75.2,87.7,85.9,4.54,37,8.0,251.66,33.4,1,1
PCC_012,2025-09-29,234.4,640,31,38,2.732,73.6,92.9,81.7,4.38,52,11.0,273.54,31.0,0,0
PCC_012,2025-10-06,223.6,641,53,31,2.867,71.4,87.3,86.5,4.42,61,10.0,257.22,33.8,1,0
PCC_012,2025-10-13,214.0,556,26,33,2.599,76.5,89.5,84.5,4.53,53,10.0,250.65,32.6,1,1
PCC_012,2025-10-20,214.9,591,49,26,2.749,75.3,88.8,76.6,4.49,34,6.9,275.82,32.7,0,0
PCC_012,2025-10-27,217.8,612,33,28,2.811,75.9,84.9,88.2,4.4,74,8.3,267.02,31.2,2,0
PCC_012,2025-11-03,225.5,585,33,38,2.594,75.6,87.7,83.2,4.46,69,8.1,261.12,29.3,0,0
PCC_012,2025-11-10,214.4,546,29,31,2.549,73.8,87.3,79.6,4.49,42,8.5,257.3,32.0,1,1
PCC_012,2025-11-17,226.7,609,36,54,2.685,75.2,85.4,84.3,4.47,55,9.9,254.37,33.0,1,0
PCC_012,2025-11-24,220.4,584,42,41,2.651,75.3,90.1,85.6,4.43,53,7.7,229.74,26.9,0,0
PCC_012,2025-12-01,222.2,634,63,21,2.854,77.6,89.9,86.9,4.51,50,7.1,248.79,34.3,3,0
PCC_012,2025-12-08,221.6,556,19,40,2.51,76.2,87.4,87.5,4.48,48,13.6,228.68,34.1,2,0
PCC_012,2025-12-15,227.2,581,58,35,2.556,74.3,87.8,83.2,4.53,46,9.6,240.03,32.4,5,0
PCC_012,2025-12-22,219.7,564,33,36,2.567,73.3,89.6,89.0,4.46,40,9.1,264.57,34.6,0,0
PCC_012,2025-12-29,228.1,652,20,20,2.857,74.7,87.5,85.7,4.48,66,8.3,245.41,31.8,2,3
PCC_012,2026-01-05,203.7,520,35,32,2.552,73.8,87.4,84.5,4.53,37,8.2,247.16,29.0,5,1
PCC_012,2026-01-12,213.8,573,38,37,2.68,74.3,85.4,87.7,4.5,67,9.7,229.28,30.9,1,0
PCC_012,2026-01-19,223.0,577,47,19,2.586,75.1,88.9,80.3,4.55,58,9.3,225.51,32.7,4,0
PCC_012,2026-01-26,222.2,561,50,11,2.523,72.5,87.1,81.9,4.48,55,9.2,267.27,31.9,3,1
PCC_012,2026-02-02,216.4,583,28,18,2.693,73.2,88.5,82.7,4.39,53,9.3,211.67,29.7,2,2
PCC_012,2026-02-09,224.9,542,33,36,2.409,76.1,87.6,87.6,4.46,52,9.9,245.8,22.0,2,1
PCC_012,2026-02-16,216.0,608,35,25,2.812,74.0,89.1,87.4,4.35,54,9.1,228.75,27.8,3,2
PCC_012,2026-02-23,224.8,579,26,25,2.574,70.7,88.5,84.2,4.45,48,10.5,254.38,23.1,4,1
PCC_012,2026-03-02,228.1,538,51,30,2.357,76.4,88.0,87.0,4.42,52,9.6,256.16,26.7,3,0
PCC_012,2026-03-09,240.2,617,53,36,2.568,76.3,89.7,62.3,3.91,49,11.2,260.29,21.7,5,1
PCC_012,2026-03-16,240.3,664,53,57,2.764,74.7,88.2,66.9,4.12,68,12.2,263.47,22.2,7,1
PCC_012,2026-03-23,235.6,631,41,42,2.678,74.2,85.8,63.5,3.87,62,9.7,261.18,24.0,5,3
PCC_012,2026-03-30,233.5,632,39,17,2.709,74.3,88.2,61.1,3.86,55,9.7,266.17,23.9,4,1
PCC_012,2026-04-06,190.3,496,30,24,2.606,73.7,87.6,73.4,3.94,45,7.9,255.74,24.5,5,2
PCC_012,2026-04-13,227.7,593,38,46,2.604,73.9,87.6,64.5,3.88,47,10.4,250.12,22.7,9,1
PCC_012,2026-04-20,234.2,653,48,42,2.79,76.8,85.9,61.2,3.96,48,10.1,248.05,26.1,6,0
PCC_012,2026-04-27,211.5,627,51,44,2.964,75.5,88.8,67.7,3.9,51,11.0,271.86,19.9,5,0
PCC_013,2025-05-05,153.0,385,30,17,2.517,73.1,83.3,86.9,4.69,29,11.0,,21.4,3,2
PCC_013,2025-05-12,146.7,389,30,5,2.65,80.5,86.3,83.5,4.76,28,11.6,250.25,18.4,2,2
PCC_013,2025-05-19,145.6,410,24,19,2.819,75.1,84.1,79.6,4.8,30,10.3,274.55,18.7,0,0
PCC_013,2025-05-26,147.1,413,19,26,2.807,82.7,86.8,83.1,4.9,40,12.1,306.14,21.9,2,1
PCC_013,2025-06-02,144.7,426,29,21,2.943,74.8,90.2,86.4,4.77,40,13.6,295.13,24.6,1,0
PCC_013,2025-06-09,155.7,448,30,16,2.879,78.5,84.4,81.6,4.7,27,10.1,306.31,20.8,1,1
PCC_013,2025-06-16,155.8,436,44,15,2.798,75.7,83.4,84.0,4.7,37,12.3,301.59,25.9,1,0
PCC_013,2025-06-23,153.5,450,38,11,2.929,82.2,83.8,90.6,4.79,34,9.0,286.48,21.7,2,0
PCC_013,2025-06-30,152.4,445,33,28,2.917,77.8,90.3,86.8,4.74,35,11.2,269.25,24.4,1,0
PCC_013,2025-07-07,142.0,404,41,29,2.848,79.3,83.0,90.1,4.82,36,11.2,267.04,22.6,1,1
PCC_013,2025-07-14,148.3,435,29,27,2.932,81.6,86.7,89.4,4.67,43,13.2,279.12,23.5,2,3
PCC_013,2025-07-21,151.4,453,33,24,2.995,74.1,80.7,81.8,4.99,35,8.2,298.76,19.8,3,1
PCC_013,2025-07-28,151.7,425,40,19,2.804,82.6,83.6,87.0,4.7,23,7.1,274.04,20.3,2,0
PCC_013,2025-08-04,149.5,424,22,27,2.834,77.8,81.5,90.3,4.73,35,10.8,274.84,23.4,1,0
PCC_013,2025-08-11,153.2,420,20,33,2.745,65.9,81.9,87.0,4.73,39,9.5,283.99,21.2,1,1
PCC_013,2025-08-18,150.0,416,39,8,2.774,77.1,82.8,85.6,4.69,37,13.8,282.68,20.0,1,1
PCC_013,2025-08-25,148.7,439,32,21,2.95,76.5,85.2,84.7,4.74,33,8.5,276.67,20.3,1,0
PCC_013,2025-09-01,158.5,463,36,30,2.924,84.4,84.6,82.0,4.72,35,,307.42,19.9,3,0
PCC_013,2025-09-08,150.5,407,25,26,2.703,80.6,83.2,88.3,4.74,42,10.9,,20.8,3,0
PCC_013,2025-09-15,136.3,389,14,28,2.852,77.8,83.2,82.0,4.71,37,7.5,290.29,23.6,1,0
PCC_013,2025-09-22,129.6,365,20,21,2.815,77.1,84.1,92.8,4.68,34,9.0,274.56,20.1,1,0
PCC_013,2025-09-29,151.9,423,24,29,2.784,76.8,85.0,84.3,4.61,40,11.7,256.42,20.7,3,0
PCC_013,2025-10-06,168.7,437,31,37,2.591,78.6,82.8,76.1,4.84,34,12.7,258.89,19.1,3,0
PCC_013,2025-10-13,159.4,445,33,28,2.796,80.5,83.3,86.8,4.71,53,9.3,275.76,20.7,2,0
PCC_013,2025-10-20,148.0,409,26,18,2.765,84.2,85.2,86.1,4.91,37,11.3,296.63,19.7,1,1
PCC_013,2025-10-27,145.0,364,34,24,2.508,76.8,87.5,84.6,4.83,35,10.4,255.26,22.1,2,0
PCC_013,2025-11-03,155.3,393,19,17,2.53,76.1,85.2,83.1,4.83,44,12.5,266.76,23.5,1,0
PCC_013,2025-11-10,158.8,425,33,36,2.674,74.0,78.6,86.3,4.97,42,10.1,266.0,22.1,2,0
PCC_013,2025-11-17,139.7,378,33,23,2.703,75.7,83.0,86.6,4.86,45,11.1,,20.9,2,1
PCC_013,2025-11-24,149.6,323,22,8,2.157,72.6,81.5,83.0,4.87,29,8.0,245.87,20.4,2,0
PCC_013,2025-12-01,147.5,401,27,18,2.716,76.5,80.7,88.0,4.8,30,9.4,225.29,21.5,1,0
PCC_013,2025-12-08,159.3,416,11,10,2.614,72.7,81.2,82.2,4.66,35,8.8,225.33,16.2,0,0
PCC_013,2025-12-15,152.6,380,20,8,2.489,78.2,83.3,80.8,4.88,38,10.9,260.78,23.6,3,3
PCC_013,2025-12-22,156.1,396,33,22,2.536,73.8,79.6,86.1,,48,11.0,288.82,21.3,0,1
PCC_013,2025-12-29,157.4,413,37,26,2.622,74.7,83.4,87.6,4.86,31,9.9,256.36,19.2,1,1
PCC_013,2026-01-05,151.1,398,31,16,2.635,71.3,82.6,80.2,4.79,38,9.8,249.9,18.2,0,2
PCC_013,2026-01-12,160.8,425,33,24,2.645,75.5,80.0,82.2,4.76,35,10.1,274.06,22.3,3,1
PCC_013,2026-01-19,160.9,408,15,16,2.536,74.9,80.8,82.2,4.92,27,11.8,272.21,18.3,1,1
PCC_013,2026-01-26,141.2,352,16,18,2.494,72.6,84.9,85.1,4.74,19,10.2,263.05,21.6,2,0
PCC_013,2026-02-02,150.0,408,24,11,2.72,75.1,83.7,84.1,4.78,38,10.0,239.87,28.7,2,2
PCC_013,2026-02-09,138.3,381,16,15,2.758,73.8,80.3,87.3,,30,9.3,252.58,16.7,0,0
PCC_013,2026-02-16,148.1,368,31,13,2.487,74.6,86.1,82.1,4.89,32,8.4,272.54,18.4,2,1
PCC_013,2026-02-23,143.3,352,18,16,2.454,76.2,79.4,85.1,4.69,39,10.7,277.45,14.7,2,2
PCC_013,2026-03-02,152.2,433,18,20,2.847,79.5,86.3,85.1,4.75,34,11.8,251.15,17.5,1,4
PCC_013,2026-03-09,157.4,420,34,28,2.669,77.8,80.1,84.7,4.77,40,9.0,246.29,16.8,1,0
PCC_013,2026-03-16,147.1,414,38,13,2.815,77.0,85.0,80.8,4.81,33,8.9,248.8,13.2,0,0
PCC_013,2026-03-23,146.7,349,24,14,2.379,78.8,82.4,87.6,4.71,36,10.0,241.82,17.2,0,0
PCC_013,2026-03-30,141.6,398,23,21,2.807,75.0,82.0,85.4,4.7,40,9.7,273.61,15.2,3,1
PCC_013,2026-04-06,134.6,344,31,18,2.556,76.5,86.1,82.8,4.66,27,10.7,289.28,18.0,1,1
PCC_013,2026-04-13,147.7,419,30,22,2.839,75.7,81.0,82.9,4.62,29,9.5,260.96,17.8,1,0
PCC_013,2026-04-20,141.7,456,43,26,3.217,74.2,82.4,85.3,4.78,50,9.4,293.4,14.9,2,1
PCC_013,2026-04-27,162.2,411,41,33,2.537,76.2,83.5,84.6,4.82,38,11.2,294.62,17.1,4,0
PCC_014,2025-05-05,152.9,415,29,20,2.713,74.5,93.9,91.6,4.53,45,13.7,236.86,13.2,1,0
PCC_014,2025-05-12,151.5,431,37,24,2.845,84.1,90.5,91.1,4.56,39,16.6,233.64,13.1,1,0
PCC_014,2025-05-19,157.5,430,28,22,2.732,88.0,90.1,100.0,4.6,44,15.2,228.1,17.4,0,0
PCC_014,2025-05-26,170.4,440,45,22,2.58,85.5,91.5,91.6,4.54,39,13.4,197.53,17.4,0,0
PCC_014,2025-06-02,137.3,363,45,28,2.648,89.2,91.0,88.2,4.5,36,16.5,266.33,14.3,0,0
PCC_014,2025-06-09,152.0,474,33,24,3.115,83.2,91.3,93.3,4.55,40,17.0,279.46,13.6,2,2
PCC_014,2025-06-16,149.3,462,33,17,3.096,90.9,96.3,86.3,4.56,41,13.2,222.03,15.1,1,0
PCC_014,2025-06-23,164.6,492,18,25,2.99,89.5,94.4,91.8,4.51,60,12.8,243.11,16.8,1,0
PCC_014,2025-06-30,154.5,436,13,27,2.824,86.8,93.6,92.9,4.47,43,15.9,241.96,15.8,2,0
PCC_014,2025-07-07,148.9,402,25,17,2.701,82.6,93.2,90.6,4.55,43,16.0,242.61,10.5,0,1
PCC_014,2025-07-14,162.8,487,46,18,2.992,81.0,92.9,91.3,4.49,52,15.3,244.34,12.9,2,1
PCC_014,2025-07-21,145.8,448,38,30,3.072,81.8,94.1,89.2,4.44,41,11.3,242.34,16.4,0,2
PCC_014,2025-07-28,160.7,466,43,16,2.903,83.3,94.4,88.1,4.63,42,13.9,225.8,13.1,0,1
PCC_014,2025-08-04,163.4,448,22,33,2.741,86.1,97.7,91.8,4.5,35,15.7,196.91,9.0,1,1
PCC_014,2025-08-11,149.7,433,33,29,2.892,89.5,91.6,94.0,4.63,28,13.1,249.65,16.3,1,1
PCC_014,2025-08-18,159.5,445,30,22,2.79,89.7,87.9,92.9,4.46,43,16.4,222.45,17.8,2,0
PCC_014,2025-08-25,162.4,513,44,37,3.158,88.6,88.6,94.3,,37,14.5,241.26,16.6,0,1
PCC_014,2025-09-01,151.4,430,36,29,2.84,85.4,91.2,94.4,4.51,34,17.6,254.02,12.3,3,0
PCC_014,2025-09-08,149.8,410,13,13,2.738,85.1,91.7,90.2,4.56,38,10.0,219.08,15.3,1,0
PCC_014,2025-09-15,163.6,468,32,23,2.863,86.4,91.2,93.6,4.48,44,12.4,243.49,12.0,1,0
PCC_014,2025-09-22,157.4,459,33,18,2.914,82.7,91.8,87.7,4.63,33,17.2,233.98,11.9,2,0
PCC_014,2025-09-29,148.7,410,24,22,2.76,82.5,95.5,88.2,4.49,36,12.4,234.23,14.5,1,0
PCC_014,2025-10-06,154.6,436,18,15,2.817,85.3,95.0,86.8,4.56,36,12.4,251.56,15.3,0,2
PCC_014,2025-10-13,164.7,439,30,28,2.668,88.8,96.1,91.1,4.62,33,16.1,228.83,13.8,3,1
PCC_014,2025-10-20,150.6,416,30,29,2.763,88.8,89.9,90.6,4.55,31,13.1,240.55,14.8,2,1
PCC_014,2025-10-27,144.1,407,28,19,2.824,86.3,91.2,96.6,4.49,33,18.2,215.37,18.2,3,0
PCC_014,2025-11-03,143.7,408,35,10,2.84,82.6,95.1,91.7,4.42,40,15.4,217.23,15.1,3,0
PCC_014,2025-11-10,140.3,374,21,25,2.667,89.0,95.3,92.4,4.51,23,13.2,224.25,14.9,3,0
PCC_014,2025-11-17,153.2,373,33,14,2.434,85.2,95.7,89.5,4.5,27,14.2,208.24,12.0,1,0
PCC_014,2025-11-24,158.4,370,27,13,2.335,85.4,95.9,88.1,4.57,35,9.8,200.19,10.3,3,0
PCC_014,2025-12-01,160.1,438,28,30,2.733,87.0,95.6,96.1,4.47,39,14.9,202.55,16.4,3,1
PCC_014,2025-12-08,154.8,398,36,25,2.572,83.5,94.3,87.2,4.64,34,18.8,224.29,13.8,1,1
PCC_014,2025-12-15,132.8,397,21,22,2.987,85.4,95.6,92.1,4.34,42,18.8,,16.9,1,0
PCC_014,2025-12-22,154.5,377,25,11,2.437,84.1,95.3,87.5,4.5,34,11.9,199.04,11.8,1,1
PCC_014,2025-12-29,152.1,397,36,37,2.609,85.2,94.3,90.3,4.6,35,17.9,208.89,10.2,1,1
PCC_014,2026-01-05,150.4,374,21,20,2.485,84.1,97.4,86.3,4.47,39,13.2,220.87,15.6,1,1
PCC_014,2026-01-12,139.3,340,24,27,2.439,89.7,97.7,85.4,4.53,31,13.6,222.43,14.5,1,2
PCC_014,2026-01-19,151.0,389,26,23,2.573,82.1,89.5,89.5,4.52,46,18.0,223.24,16.6,3,0
PCC_014,2026-01-26,154.9,430,22,18,2.779,87.1,95.7,91.1,4.37,42,13.9,206.42,16.8,2,2
PCC_014,2026-02-02,153.8,420,20,16,2.73,85.7,95.9,95.2,4.55,34,16.3,222.83,14.3,3,1
PCC_014,2026-02-09,155.2,401,29,32,2.58,85.3,93.6,95.1,4.63,28,13.3,226.34,10.7,2,1
PCC_014,2026-02-16,148.5,369,26,20,2.484,90.6,96.8,93.2,4.54,21,15.0,215.82,11.2,2,1
PCC_014,2026-02-23,145.5,384,18,20,2.639,84.9,94.2,88.9,4.49,29,13.4,227.92,10.2,3,2
PCC_014,2026-03-02,149.3,411,22,18,2.753,85.1,96.8,90.1,4.49,40,16.1,232.61,11.6,1,0
PCC_014,2026-03-09,153.2,408,32,23,2.66,84.4,94.8,92.0,4.56,30,14.1,226.49,12.0,1,0
PCC_014,2026-03-16,137.6,422,44,26,3.064,87.2,96.4,88.4,4.45,45,17.8,200.03,11.7,0,2
PCC_014,2026-03-23,146.2,353,25,20,2.412,81.6,95.8,89.8,4.52,32,8.5,196.34,12.5,0,1
PCC_014,2026-03-30,154.6,426,20,18,2.754,87.6,95.0,92.0,4.36,38,15.9,241.23,11.5,0,0
PCC_014,2026-04-06,154.5,445,31,29,2.88,82.0,91.7,91.2,4.5,34,15.9,228.71,11.2,2,1
PCC_014,2026-04-13,147.1,404,24,27,2.75,85.4,93.0,89.1,4.48,45,10.1,229.77,8.8,2,1
PCC_014,2026-04-20,153.9,407,32,15,2.641,84.7,93.0,91.7,4.55,47,12.5,234.88,8.5,1,0
PCC_014,2026-04-27,150.9,434,35,22,2.877,85.4,94.9,92.3,4.57,37,11.3,198.56,7.9,0,1
PCC_015,2025-05-05,98.8,267,13,19,2.699,84.5,92.4,87.3,4.91,23,14.6,248.5,21.7,1,0
PCC_015,2025-05-12,99.1,235,14,17,2.376,84.4,90.7,87.4,4.76,22,15.6,233.34,28.9,0,0
PCC_015,2025-05-19,88.7,244,21,12,2.75,78.5,88.3,85.9,4.86,18,20.0,231.63,27.6,2,0
PCC_015,2025-05-26,101.4,278,13,14,2.737,87.1,91.6,85.1,4.81,20,22.9,261.21,26.6,4,1
PCC_015,2025-06-02,105.5,269,18,14,2.546,86.7,90.3,91.5,4.79,20,16.9,227.57,27.8,1,0
PCC_015,2025-06-09,107.3,298,17,9,2.779,85.9,89.0,85.6,4.86,25,17.0,252.19,27.5,1,1
PCC_015,2025-06-16,120.8,359,22,18,2.972,85.0,89.3,84.2,4.73,34,9.3,243.82,22.5,1,1
PCC_015,2025-06-23,111.7,326,27,6,2.917,86.6,89.4,80.2,4.71,26,16.8,250.23,25.8,2,1
PCC_015,2025-06-30,111.1,301,14,18,2.709,86.6,91.6,88.6,4.72,30,11.2,269.64,23.0,1,0
PCC_015,2025-07-07,114.0,305,24,10,2.679,82.6,87.2,86.7,4.74,31,18.6,271.12,25.4,1,2
PCC_015,2025-07-14,117.5,299,18,7,2.545,86.3,88.1,89.1,4.84,35,15.8,250.42,21.7,2,1
PCC_015,2025-07-21,110.3,326,17,11,2.951,86.4,88.7,91.1,4.58,34,15.9,270.49,21.7,4,0
PCC_015,2025-07-28,114.6,334,31,16,2.913,85.5,83.4,85.5,4.79,24,18.1,242.92,21.8,0,1
PCC_015,2025-08-04,113.9,320,23,9,2.808,82.3,89.8,83.2,4.73,28,13.0,268.24,25.2,1,1
PCC_015,2025-08-11,121.8,309,15,21,2.537,83.6,86.1,86.4,,27,18.6,240.04,26.2,0,1
PCC_015,2025-08-18,116.5,333,27,17,2.856,84.0,86.0,89.5,4.87,21,14.7,225.15,26.0,2,1
PCC_015,2025-08-25,118.0,356,36,20,3.019,83.8,91.1,86.0,4.87,36,19.1,271.7,25.9,2,0
PCC_015,2025-09-01,108.7,281,16,18,2.586,90.2,84.4,85.2,4.78,33,17.1,236.74,21.5,0,1
PCC_015,2025-09-08,118.1,294,13,22,2.485,85.6,87.6,85.7,4.81,27,16.3,,21.2,2,1
PCC_015,2025-09-15,102.9,253,23,12,2.461,85.7,85.0,85.6,4.78,30,15.8,222.29,25.3,3,0
PCC_015,2025-09-22,108.7,276,17,17,2.538,85.9,84.7,90.4,4.85,24,17.8,245.03,26.8,2,0
PCC_015,2025-09-29,112.8,286,22,19,2.538,89.0,85.1,88.5,4.8,24,17.2,242.84,23.5,0,1
PCC_015,2025-10-06,115.7,314,22,12,2.715,85.3,83.9,88.3,4.86,32,16.6,228.89,25.6,2,0
PCC_015,2025-10-13,113.2,303,19,21,2.674,85.9,89.4,90.4,4.71,34,19.5,238.4,29.0,0,1
PCC_015,2025-10-20,121.5,314,18,18,2.583,87.5,82.5,85.0,4.74,25,18.4,231.0,25.1,3,1
PCC_015,2025-10-27,114.4,279,21,12,2.437,83.0,86.2,89.8,4.77,25,19.2,224.89,25.3,1,2
PCC_015,2025-11-03,108.1,282,21,19,2.606,84.6,94.2,89.9,4.81,22,19.6,241.44,23.5,3,0
PCC_015,2025-11-10,113.1,301,28,17,2.665,85.5,91.2,87.5,4.79,19,13.5,246.88,26.4,1,0
PCC_015,2025-11-17,115.4,293,20,18,2.54,92.1,92.8,86.4,4.8,26,20.9,246.33,23.2,3,0
PCC_015,2025-11-24,120.4,297,17,17,2.464,83.4,88.9,88.0,4.73,30,15.2,229.92,19.2,1,1
PCC_015,2025-12-01,119.9,301,17,11,2.507,87.0,90.5,92.5,4.78,22,15.6,214.21,24.7,4,0
PCC_015,2025-12-08,105.1,265,20,10,2.52,86.9,94.7,81.4,4.85,24,18.7,234.14,24.5,4,0
PCC_015,2025-12-15,109.5,303,10,8,2.767,83.6,90.4,80.7,4.79,21,24.2,203.25,26.6,1,1
PCC_015,2025-12-22,112.9,278,25,20,2.459,84.6,92.6,88.7,4.76,23,18.4,233.27,24.6,3,1
PCC_015,2025-12-29,108.3,259,17,9,2.387,85.6,91.3,89.5,4.77,16,16.6,232.78,24.3,0,0
PCC_015,2026-01-05,121.2,305,23,16,2.52,83.3,90.3,83.3,4.67,23,20.8,237.81,25.9,2,3
PCC_015,2026-01-12,103.8,256,12,16,2.462,83.1,91.3,85.3,4.82,31,15.5,222.18,27.4,1,0
PCC_015,2026-01-19,115.7,291,27,16,2.518,86.7,93.4,80.0,4.74,11,17.6,222.12,28.9,2,1
PCC_015,2026-01-26,111.8,256,16,10,2.294,84.5,92.9,84.7,4.91,23,21.7,229.7,24.2,1,1
PCC_015,2026-02-02,104.8,237,16,18,2.266,87.7,91.4,84.3,4.72,28,15.8,231.78,22.9,1,2
PCC_015,2026-02-09,105.1,242,12,19,2.301,81.6,94.5,86.0,4.75,22,22.4,213.47,19.7,3,0
PCC_015,2026-02-16,119.9,330,41,22,2.751,82.1,89.7,81.9,4.77,34,19.2,230.08,17.0,2,0
PCC_015,2026-02-23,105.0,265,16,15,2.528,84.1,93.4,85.2,4.74,18,21.1,216.47,19.2,3,0
PCC_015,2026-03-02,109.7,268,16,16,2.439,84.6,91.5,85.1,4.88,21,17.6,225.71,19.2,0,0
PCC_015,2026-03-09,114.9,290,16,14,2.52,81.7,87.9,85.2,4.72,20,18.7,248.19,21.6,1,0
PCC_015,2026-03-16,106.8,275,25,19,2.578,83.6,90.6,86.1,4.67,24,17.8,,22.1,1,0
PCC_015,2026-03-23,103.4,265,19,15,2.564,84.8,88.5,86.8,4.81,24,13.5,236.72,17.8,1,1
PCC_015,2026-03-30,116.6,296,17,16,2.543,86.6,90.3,91.1,4.79,28,19.1,252.18,18.2,3,1
PCC_015,2026-04-06,112.1,314,23,9,2.802,87.6,90.5,87.3,4.84,29,15.0,235.99,21.3,1,1
PCC_015,2026-04-13,106.8,264,20,12,2.473,81.3,95.1,87.9,4.7,14,19.1,225.97,15.1,2,0
PCC_015,2026-04-20,104.1,264,31,14,2.539,83.2,89.9,83.3,4.83,19,17.3,241.97,21.1,1,1
PCC_015,2026-04-27,114.7,301,18,16,2.621,84.9,90.6,93.5,4.72,24,18.0,240.49,20.0,0,0
PCC_016,2025-05-05,196.2,479,23,32,2.44,75.7,90.0,88.7,4.66,35,16.4,279.57,27.1,1,1
PCC_016,2025-05-12,218.2,560,39,24,2.568,74.3,91.7,88.6,4.72,48,13.2,284.05,29.0,3,2
PCC_016,2025-05-19,199.2,530,36,17,2.66,78.1,91.2,92.0,4.55,43,18.7,256.65,29.2,0,2
PCC_016,2025-05-26,202.2,540,29,30,2.673,76.4,91.2,85.5,4.63,53,17.2,276.98,29.5,0,0
PCC_016,2025-06-02,205.7,519,42,18,2.522,74.8,87.6,90.6,4.6,44,12.8,287.38,25.2,3,1
PCC_016,2025-06-09,227.0,611,23,36,2.69,79.3,90.6,81.6,4.53,53,16.6,266.39,23.6,4,1
PCC_016,2025-06-16,203.1,548,49,30,2.7,77.3,90.7,79.9,4.68,58,13.7,293.85,26.7,2,0
PCC_016,2025-06-23,209.5,568,43,29,2.712,73.8,85.0,84.1,4.53,55,18.7,259.68,27.4,1,3
PCC_016,2025-06-30,206.3,544,29,39,2.635,78.1,92.9,89.1,4.71,45,15.4,291.98,22.3,1,0
PCC_016,2025-07-07,204.8,477,37,26,2.329,72.0,91.1,87.3,4.61,51,18.2,306.62,27.6,0,0
PCC_016,2025-07-14,197.2,495,31,20,2.511,79.7,86.9,83.4,4.58,44,18.3,269.9,27.5,3,1
PCC_016,2025-07-21,216.9,568,49,16,2.617,78.7,89.4,90.8,4.51,50,18.6,287.11,26.9,1,0
PCC_016,2025-07-28,205.0,557,54,14,2.716,79.6,86.2,87.5,4.65,52,15.8,310.75,26.2,1,0
PCC_016,2025-08-04,226.1,595,32,29,2.632,80.5,87.1,85.8,4.53,52,14.0,283.5,29.1,3,1
PCC_016,2025-08-11,209.7,523,5,29,2.493,74.5,94.2,87.8,4.52,39,20.0,256.5,27.5,3,0
PCC_016,2025-08-18,224.2,541,37,30,2.413,83.2,89.2,89.3,4.59,49,20.8,283.69,28.2,0,3
PCC_016,2025-08-25,223.8,591,27,34,2.64,80.8,91.3,90.9,4.49,50,21.1,299.56,24.0,6,2
PCC_016,2025-09-01,212.6,542,45,25,2.551,85.7,84.6,85.2,4.69,56,16.7,266.84,26.1,2,2
PCC_016,2025-09-08,217.8,564,24,23,2.592,80.2,93.2,88.9,4.57,52,17.8,278.42,30.3,3,0
PCC_016,2025-09-15,204.6,476,42,27,2.325,86.0,89.2,83.0,4.61,48,17.8,290.7,29.1,1,0
PCC_016,2025-09-22,196.6,519,22,24,2.639,75.8,85.8,84.2,4.6,44,15.8,295.77,26.7,1,1
PCC_016,2025-09-29,213.0,530,35,26,2.487,73.8,89.3,87.3,4.64,36,15.8,239.63,27.9,3,0
PCC_016,2025-10-06,195.7,414,25,26,2.117,77.2,91.7,87.5,4.59,46,18.5,269.67,22.9,1,1
PCC_016,2025-10-13,206.3,559,45,28,2.711,77.1,87.3,81.4,4.55,44,17.1,236.12,27.8,2,1
PCC_016,2025-10-20,210.8,550,41,27,2.607,77.3,88.5,86.9,4.57,43,14.2,238.54,24.0,2,0
PCC_016,2025-10-27,200.5,466,46,23,2.323,75.5,88.1,86.8,4.5,39,17.8,249.41,24.6,0,0
PCC_016,2025-11-03,230.1,571,45,26,2.482,75.8,87.0,88.5,4.6,60,15.5,274.57,26.9,1,0
PCC_016,2025-11-10,209.7,487,18,33,2.321,76.5,92.2,83.2,4.55,43,18.0,247.15,26.9,2,1
PCC_016,2025-11-17,218.6,510,40,26,2.333,76.6,88.5,87.4,4.54,42,17.4,290.36,26.2,5,1
PCC_016,2025-11-24,201.0,480,31,19,2.387,76.9,89.8,86.9,4.48,37,11.4,263.84,27.0,1,1
PCC_016,2025-12-01,200.5,508,39,23,2.533,73.6,87.0,92.5,4.69,51,17.8,253.0,24.9,1,1
PCC_016,2025-12-08,218.9,546,36,34,2.494,81.3,90.4,89.0,4.75,49,16.2,237.03,24.3,1,0
PCC_016,2025-12-15,209.5,520,34,24,2.484,78.4,86.8,87.4,4.5,48,17.0,240.1,28.5,2,1
PCC_016,2025-12-22,208.2,520,15,32,2.496,80.8,91.1,88.0,4.66,50,16.6,246.83,23.4,2,1
PCC_016,2025-12-29,216.0,485,34,21,2.245,76.9,91.7,89.0,4.66,40,14.0,240.76,23.7,2,0
PCC_016,2026-01-05,219.6,521,30,27,2.374,75.9,90.8,90.4,4.66,46,18.0,245.5,23.9,1,0
PCC_016,2026-01-12,201.5,422,32,22,2.096,78.0,88.9,91.2,4.73,40,21.3,252.25,25.3,3,1
PCC_016,2026-01-19,197.7,515,40,21,2.603,73.8,90.7,86.0,4.49,39,17.2,253.48,28.5,1,2
PCC_016,2026-01-26,208.5,485,21,20,2.327,78.9,86.7,88.4,,42,13.2,235.44,28.6,1,0
PCC_016,2026-02-02,200.3,494,30,30,2.467,74.8,90.2,86.0,4.66,59,15.5,250.1,26.1,1,0
PCC_016,2026-02-09,211.9,485,42,33,2.289,76.5,89.2,84.0,4.72,52,12.2,237.28,22.7,4,4
PCC_016,2026-02-16,201.3,460,49,20,2.286,74.7,87.9,82.6,,35,14.9,263.52,22.4,3,1
PCC_016,2026-02-23,207.5,507,34,31,2.441,78.9,90.1,87.2,4.56,32,17.4,256.49,21.1,0,1
PCC_016,2026-03-02,212.2,494,25,36,2.326,75.8,86.1,87.4,4.73,49,12.0,286.38,19.3,0,0
PCC_016,2026-03-09,208.0,467,31,30,2.244,75.0,87.0,83.7,4.62,48,17.7,256.75,22.2,1,1
PCC_016,2026-03-16,204.5,504,54,20,2.462,75.5,85.8,89.1,4.68,49,18.6,263.77,19.3,1,2
PCC_016,2026-03-23,199.5,471,44,15,2.363,73.1,87.7,81.6,4.63,41,16.4,283.85,22.6,3,3
PCC_016,2026-03-30,210.2,559,10,42,2.662,75.2,89.6,85.9,4.64,39,18.4,278.86,21.4,1,1
PCC_016,2026-04-06,213.5,503,28,36,2.354,75.7,87.9,86.4,4.49,36,20.5,285.23,21.8,1,3
PCC_016,2026-04-13,206.8,543,40,18,2.626,78.4,87.4,88.5,4.59,44,13.3,266.44,23.7,0,0
PCC_016,2026-04-20,232.2,539,46,35,2.32,76.6,89.1,84.8,4.54,31,16.1,293.32,18.2,5,0
PCC_016,2026-04-27,232.4,653,52,39,2.811,74.4,88.1,83.9,4.61,64,14.0,293.26,18.7,2,1
PCC_017,2025-05-05,182.7,485,29,24,2.656,78.9,81.0,80.3,4.41,49,10.1,279.35,18.9,2,0
PCC_017,2025-05-12,192.5,495,28,40,2.572,75.6,86.1,86.0,4.57,36,11.8,267.78,14.5,0,1
PCC_017,2025-05-19,186.0,478,25,32,2.572,81.0,83.8,79.0,4.57,56,,301.51,19.5,3,0
PCC_017,2025-05-26,169.6,448,30,16,2.642,72.6,84.4,87.4,4.66,34,11.7,290.67,20.9,3,0
PCC_017,2025-06-02,199.7,529,43,35,2.649,82.4,82.3,89.0,4.51,47,10.3,311.3,19.1,1,0
PCC_017,2025-06-09,195.0,490,37,44,2.51,78.6,85.3,83.7,4.47,45,9.1,312.12,14.4,3,0
PCC_017,2025-06-16,187.4,490,20,31,2.617,71.5,84.5,89.1,4.54,54,12.5,290.07,20.1,2,0
PCC_017,2025-06-23,184.0,518,21,37,2.816,74.5,83.0,87.4,4.52,47,13.6,326.59,20.0,0,1
PCC_017,2025-06-30,168.9,455,36,30,2.692,77.9,83.1,79.5,4.61,40,10.4,315.91,17.1,1,0
PCC_017,2025-07-07,192.2,513,37,25,2.669,76.2,83.5,81.5,4.52,64,12.8,301.27,18.4,5,1
PCC_017,2025-07-14,187.5,487,42,28,2.599,79.3,82.2,81.5,4.57,43,12.8,308.13,19.8,3,1
PCC_017,2025-07-21,187.8,524,34,46,2.788,77.5,85.9,87.8,4.64,46,12.7,327.72,16.8,3,1
PCC_017,2025-07-28,173.7,451,25,17,2.596,78.8,89.0,80.4,4.46,46,10.3,306.96,15.7,3,0
PCC_017,2025-08-04,185.4,482,40,17,2.597,82.6,83.4,89.3,4.65,44,13.2,319.53,16.1,3,3
PCC_017,2025-08-11,188.7,482,30,15,2.554,81.9,83.2,83.6,4.46,48,10.6,297.6,17.2,2,0
PCC_017,2025-08-18,200.7,481,43,30,2.399,77.7,81.4,86.8,4.59,43,9.1,364.69,17.5,2,0
PCC_017,2025-08-25,184.1,494,29,23,2.685,81.2,82.1,84.0,4.43,47,11.0,296.54,19.8,0,0
PCC_017,2025-09-01,187.2,479,36,20,2.559,78.1,87.4,81.5,4.45,45,12.5,279.12,18.4,0,1
PCC_017,2025-09-08,195.4,510,31,22,2.611,79.8,80.6,82.7,4.63,43,11.4,310.6,17.5,2,2
PCC_017,2025-09-15,166.5,411,39,27,2.47,80.9,86.1,84.2,4.42,34,11.5,277.38,15.5,2,2
PCC_017,2025-09-22,195.4,487,31,24,2.49,76.5,84.2,84.2,4.46,38,13.2,302.8,19.6,0,1
PCC_017,2025-09-29,196.6,446,40,28,2.268,77.4,78.7,84.6,4.56,34,12.0,282.15,16.7,4,2
PCC_017,2025-10-06,175.1,464,32,25,2.652,74.6,86.3,90.2,4.56,47,12.5,288.65,20.4,0,0
PCC_017,2025-10-13,206.9,463,35,22,2.239,76.4,81.2,79.4,4.43,42,11.9,314.15,17.6,4,1
PCC_017,2025-10-20,176.0,393,27,23,2.235,80.9,83.7,82.8,4.61,35,10.2,284.32,17.4,2,0
PCC_017,2025-10-27,187.9,520,46,32,2.765,76.4,88.3,85.4,4.48,51,9.2,286.87,17.3,3,0
PCC_017,2025-11-03,200.1,430,39,18,2.15,76.5,82.8,85.8,4.59,38,7.6,288.2,15.0,1,2
PCC_017,2025-11-10,193.1,460,29,16,2.383,78.6,78.3,81.8,4.68,48,10.1,274.51,18.5,2,0
PCC_017,2025-11-17,189.9,441,36,26,2.32,77.4,78.9,83.9,4.58,40,15.5,295.77,16.3,0,0
PCC_017,2025-11-24,188.0,436,37,29,2.32,75.2,78.5,86.1,4.53,44,8.4,266.71,17.1,0,1
PCC_017,2025-12-01,181.2,396,15,15,2.185,80.0,84.8,82.3,4.51,37,12.2,283.89,14.8,3,2
PCC_017,2025-12-08,192.5,486,41,22,2.523,79.0,82.3,80.6,4.52,48,13.0,286.72,18.4,0,1
PCC_017,2025-12-15,199.4,523,36,40,2.625,79.0,84.7,81.7,4.51,44,13.5,257.65,18.8,1,0
PCC_017,2025-12-22,183.5,441,51,24,2.401,74.0,82.6,87.2,4.58,45,13.0,286.35,19.5,0,0
PCC_017,2025-12-29,183.3,431,23,15,2.352,81.6,83.5,83.4,4.54,43,12.9,288.62,18.5,2,0
PCC_017,2026-01-05,177.1,367,26,20,2.074,80.8,81.9,79.3,4.64,35,11.5,286.81,22.4,1,1
PCC_017,2026-01-12,183.0,447,41,33,2.444,75.4,79.7,84.6,4.56,43,7.4,266.75,19.6,3,0
PCC_017,2026-01-19,191.2,449,23,27,2.347,75.3,79.7,89.5,4.7,31,10.8,278.72,16.6,0,0
PCC_017,2026-01-26,176.7,401,28,8,2.268,78.1,81.0,85.3,4.49,35,11.8,288.19,15.7,1,0
PCC_017,2026-02-02,183.1,431,27,17,2.352,71.7,80.1,78.2,4.62,39,14.2,289.71,19.7,4,0
PCC_017,2026-02-09,184.5,420,38,15,2.275,77.9,83.3,81.1,4.62,35,13.3,306.56,13.6,2,2
PCC_017,2026-02-16,201.0,493,39,16,2.451,72.8,79.8,85.5,4.49,42,10.4,284.43,11.2,1,2
PCC_017,2026-02-23,183.9,447,31,24,2.434,78.4,80.2,87.0,4.46,37,10.8,272.56,11.3,0,1
PCC_017,2026-03-02,189.7,481,42,36,2.538,78.2,80.7,88.8,4.56,50,13.6,303.65,12.0,2,0
PCC_017,2026-03-09,178.0,442,27,25,2.482,78.9,80.7,82.9,4.58,40,11.4,318.44,13.6,3,4
PCC_017,2026-03-16,185.1,447,34,15,2.415,78.2,79.9,83.0,4.58,39,8.5,276.85,16.4,0,1
PCC_017,2026-03-23,189.2,456,16,35,2.407,79.5,82.0,79.7,4.52,41,10.6,248.09,12.4,1,0
PCC_017,2026-03-30,195.7,452,42,36,2.307,73.9,81.3,83.8,4.53,33,8.1,305.27,14.5,3,1
PCC_017,2026-04-06,183.2,446,38,26,2.432,79.7,76.6,88.2,4.56,40,12.6,314.66,13.5,0,0
PCC_017,2026-04-13,176.8,458,35,32,2.59,75.7,83.6,84.0,4.39,39,15.6,314.88,13.1,1,1
PCC_017,2026-04-20,177.9,466,35,17,2.619,80.6,80.6,81.3,4.59,42,11.2,280.05,14.2,1,1
PCC_017,2026-04-27,189.4,500,41,26,2.642,76.4,80.8,85.7,4.54,43,11.7,308.96,15.1,1,2
PCC_018,2025-06-09,47.8,115,11,6,2.405,76.3,89.5,85.8,4.71,6,9.0,324.82,12.4,2,0
PCC_018,2025-06-16,47.5,124,3,6,2.616,86.0,87.7,85.4,4.79,14,8.8,344.24,15.7,2,1
PCC_018,2025-06-23,50.2,117,7,9,2.329,84.4,95.9,84.1,4.74,9,11.9,312.83,21.1,0,0
PCC_018,2025-06-30,59.5,148,9,7,2.484,82.9,95.8,87.6,4.65,8,12.6,344.6,19.4,0,1
PCC_018,2025-07-07,57.7,127,7,4,2.199,84.9,88.1,82.6,4.74,11,9.8,319.49,19.2,2,0
PCC_018,2025-07-14,51.3,132,10,7,2.57,79.4,91.6,84.3,4.83,8,9.3,335.57,17.9,1,0
PCC_018,2025-07-21,57.1,142,9,9,2.486,86.3,91.2,86.6,4.7,12,10.6,323.17,17.8,1,1
PCC_018,2025-07-28,60.4,162,15,4,2.686,83.8,90.8,87.0,4.84,20,9.0,304.21,16.5,1,0
PCC_018,2025-08-04,63.0,146,16,8,2.314,85.4,90.3,81.7,4.81,15,9.6,346.43,14.9,2,0
PCC_018,2025-08-11,68.1,164,15,9,2.411,84.7,87.8,87.1,4.79,15,14.6,357.58,22.6,5,1
PCC_018,2025-08-18,67.2,176,17,3,2.615,83.8,86.3,83.5,4.85,20,10.7,348.86,16.6,0,1
PCC_018,2025-08-25,73.1,177,10,12,2.424,84.2,87.9,86.4,4.8,18,14.2,350.53,15.1,4,4
PCC_018,2025-09-01,73.8,193,19,12,2.613,80.4,89.3,83.8,4.77,20,10.8,330.4,15.2,2,1
PCC_018,2025-09-08,80.6,218,12,11,2.71,83.7,90.5,84.1,4.67,18,10.7,345.57,15.2,2,0
PCC_018,2025-09-15,83.4,194,11,6,2.322,82.9,88.3,87.4,4.64,15,13.5,350.63,18.2,2,0
PCC_018,2025-09-22,82.8,194,14,8,2.339,81.4,93.4,86.7,4.72,13,7.6,330.61,14.0,0,1
PCC_018,2025-09-29,77.9,200,12,14,2.566,87.2,90.7,90.8,,13,12.0,315.4,16.4,1,0
PCC_018,2025-10-06,76.5,186,5,12,2.427,89.6,85.4,80.4,4.77,19,10.9,321.12,18.0,2,0
PCC_018,2025-10-13,83.8,194,10,11,2.312,80.2,85.0,82.0,4.85,16,12.4,323.37,18.7,2,0
PCC_018,2025-10-20,87.4,191,11,12,2.183,87.3,89.8,78.3,4.74,16,10.2,319.07,17.2,2,1
PCC_018,2025-10-27,92.3,230,13,7,2.49,84.8,90.3,83.3,4.68,23,12.0,334.59,15.7,0,1
PCC_018,2025-11-03,89.0,239,23,18,2.686,87.8,85.4,87.1,4.5,24,11.7,335.77,17.8,0,1
PCC_018,2025-11-10,93.0,238,20,9,2.558,82.8,86.4,92.2,4.73,19,15.9,353.18,18.4,2,0
PCC_018,2025-11-17,101.9,237,19,9,2.328,85.3,86.9,85.8,4.65,22,10.8,299.97,13.2,1,1
PCC_018,2025-11-24,99.0,237,9,11,2.393,86.6,88.3,77.4,4.66,20,12.5,289.66,19.0,2,0
PCC_018,2025-12-01,112.2,294,20,16,2.619,85.5,85.0,80.4,4.66,22,14.1,274.66,14.9,0,0
PCC_018,2025-12-08,111.0,256,21,12,2.305,84.8,86.5,94.3,4.65,23,10.3,313.95,12.9,2,1
PCC_018,2025-12-15,106.9,254,20,19,2.375,86.1,87.6,80.7,4.8,27,12.9,317.44,11.8,1,0
PCC_018,2025-12-22,106.2,276,11,19,2.597,84.0,84.5,86.3,4.67,21,13.7,335.83,15.8,1,1
PCC_018,2025-12-29,106.7,235,18,10,2.207,86.4,87.1,89.9,4.76,16,11.1,300.61,15.8,2,0
PCC_018,2026-01-05,111.7,261,18,12,2.334,83.1,85.4,87.6,4.71,18,14.8,302.05,19.7,2,0
PCC_018,2026-01-12,110.9,276,14,15,2.487,92.2,84.3,82.6,4.87,23,15.9,354.16,17.2,1,1
PCC_018,2026-01-19,102.1,231,18,13,2.263,84.6,88.2,81.1,4.71,25,15.0,281.03,18.6,0,0
PCC_018,2026-01-26,109.5,244,15,14,2.233,82.8,92.0,87.8,4.76,16,12.6,322.89,15.1,2,0
PCC_018,2026-02-02,107.7,283,17,17,2.628,90.5,90.0,91.8,4.64,35,14.2,298.57,14.2,2,1
PCC_018,2026-02-09,105.3,278,20,14,2.64,86.3,87.5,83.9,4.69,27,10.0,301.63,9.8,3,1
PCC_018,2026-02-16,108.1,260,16,15,2.403,85.1,86.3,82.5,4.57,23,11.3,302.78,13.5,0,0
PCC_018,2026-02-23,113.2,262,15,8,2.317,86.0,86.3,86.5,4.72,16,13.8,304.21,13.1,0,0
PCC_018,2026-03-02,114.2,280,22,10,2.448,84.5,84.9,80.0,4.68,24,10.2,327.67,13.7,0,1
PCC_018,2026-03-09,112.6,290,16,17,2.572,85.3,84.0,85.4,4.65,24,12.4,312.98,14.2,0,0
PCC_018,2026-03-16,112.3,252,12,11,2.244,84.9,83.1,83.8,4.76,24,15.7,321.96,12.1,0,0
PCC_018,2026-03-23,110.8,277,26,26,2.5,86.4,89.5,84.5,4.63,25,11.5,343.24,13.8,0,0
PCC_018,2026-03-30,103.1,268,17,16,2.6,84.4,85.8,81.7,4.7,23,14.5,345.15,11.2,1,0
PCC_018,2026-04-06,109.1,295,25,8,2.704,79.8,84.8,89.9,4.72,31,11.4,353.93,13.9,1,0
PCC_018,2026-04-13,114.7,302,23,17,2.63,88.0,87.9,81.4,4.59,23,8.6,316.58,10.3,1,2
PCC_018,2026-04-20,109.8,288,20,10,2.628,87.7,87.9,84.0,4.66,24,13.4,338.69,11.7,2,0
PCC_018,2026-04-27,103.4,264,13,16,2.556,88.5,87.8,91.1,4.67,17,10.8,,14.6,0,0
PCC_019,2025-05-05,192.0,491,30,29,2.558,88.4,86.1,97.1,4.51,48,8.2,267.15,21.2,0,0
PCC_019,2025-05-12,191.9,470,23,17,2.452,83.2,89.6,97.1,4.57,51,10.9,283.27,23.0,0,0
PCC_019,2025-05-19,179.1,420,26,25,2.346,85.9,96.2,98.2,4.62,35,10.0,,21.8,0,1
PCC_019,2025-05-26,203.1,481,28,33,2.371,78.4,88.4,95.2,4.48,42,9.1,279.94,22.5,3,0
PCC_019,2025-06-02,175.9,427,41,26,2.428,86.7,92.0,94.5,4.52,43,5.7,288.3,22.6,3,1
PCC_019,2025-06-09,182.9,473,37,26,2.583,82.7,94.6,94.6,4.59,38,7.7,281.34,22.1,1,0
PCC_019,2025-06-16,182.6,416,36,19,2.28,83.3,92.6,92.9,4.49,32,8.1,283.39,23.3,2,0
PCC_019,2025-06-23,176.3,420,37,20,2.383,88.2,95.6,96.4,4.45,37,10.3,274.48,25.0,1,2
PCC_019,2025-06-30,182.1,396,24,14,2.177,89.6,93.2,95.0,4.59,46,6.5,277.53,26.9,2,1
PCC_019,2025-07-07,184.5,411,30,19,2.227,83.9,95.2,91.2,4.49,48,7.3,256.18,24.9,1,1
PCC_019,2025-07-14,181.0,397,27,25,2.196,87.7,93.4,89.5,4.63,36,8.0,274.51,17.7,3,0
PCC_019,2025-07-21,183.3,443,26,31,2.415,81.9,92.5,96.9,4.54,52,8.4,260.19,23.3,3,0
PCC_019,2025-07-28,183.1,416,39,21,2.272,87.4,89.7,94.8,4.52,42,7.5,291.68,24.6,2,0
PCC_019,2025-08-04,178.3,407,33,25,2.281,76.1,91.4,100.0,4.48,35,9.9,267.9,22.1,1,0
PCC_019,2025-08-11,197.3,443,32,22,2.243,82.1,92.0,85.3,4.43,43,7.2,295.43,23.0,1,1
PCC_019,2025-08-18,174.1,438,34,14,2.515,82.3,89.9,98.8,4.56,30,7.0,298.85,22.8,0,0
PCC_019,2025-08-25,180.1,438,28,25,2.43,84.5,89.0,92.1,4.63,31,9.5,260.19,20.8,3,0
PCC_019,2025-09-01,199.6,463,33,27,2.32,81.8,96.1,94.0,4.52,50,7.9,305.16,24.4,4,0
PCC_019,2025-09-08,195.6,474,36,34,2.424,84.7,95.2,94.0,4.61,34,8.0,296.29,20.9,2,0
PCC_019,2025-09-15,192.7,395,25,19,2.049,87.3,91.8,88.7,4.45,40,6.0,293.4,21.1,1,1
PCC_019,2025-09-22,167.6,365,28,17,2.177,82.8,90.0,93.1,4.58,39,7.7,249.09,22.3,1,0
PCC_019,2025-09-29,183.8,438,25,28,2.385,86.6,94.6,85.4,4.48,47,7.1,263.53,23.1,3,1
PCC_019,2025-10-06,185.1,410,32,25,2.218,83.7,88.5,87.8,4.59,45,9.3,292.62,24.8,2,0
PCC_019,2025-10-13,184.7,429,29,23,2.321,84.2,87.1,91.8,4.51,29,9.1,267.57,19.6,2,0
PCC_019,2025-10-20,172.8,417,25,26,2.414,80.5,92.8,85.8,4.56,37,6.5,254.69,23.0,2,2
PCC_019,2025-10-27,187.8,483,38,48,2.571,83.3,91.8,89.4,4.63,38,9.4,287.98,18.7,4,3
PCC_019,2025-11-03,195.6,417,23,16,2.133,89.6,88.2,86.8,4.5,46,7.6,256.97,25.8,2,0
PCC_019,2025-11-10,173.4,364,33,25,2.097,84.3,90.8,88.3,4.63,29,9.9,289.91,23.9,3,1
PCC_019,2025-11-17,181.9,430,24,12,2.363,93.3,89.8,91.8,4.52,43,6.4,259.97,24.1,2,1
PCC_019,2025-11-24,194.5,420,27,25,2.158,86.1,91.0,89.4,4.68,41,8.6,260.5,24.3,0,1
PCC_019,2025-12-01,191.9,434,26,18,2.263,85.5,87.1,87.8,4.59,40,7.0,250.24,23.0,1,1
PCC_019,2025-12-08,196.1,402,23,17,2.05,86.6,92.1,97.3,4.66,33,7.1,223.71,23.3,3,0
PCC_019,2025-12-15,200.1,441,32,30,2.206,88.3,88.1,89.5,4.57,52,7.3,264.57,21.9,1,0
PCC_019,2025-12-22,194.6,384,20,25,1.971,89.1,90.8,88.5,4.63,42,9.4,239.49,18.6,1,1
PCC_019,2025-12-29,189.1,469,28,32,2.482,86.4,91.7,88.9,4.66,33,6.6,257.88,25.0,1,0
PCC_019,2026-01-05,179.5,369,19,29,2.058,90.7,90.3,89.4,4.45,37,5.1,260.16,22.7,3,1
PCC_019,2026-01-12,178.5,390,28,18,2.185,89.4,92.5,85.5,4.5,38,9.2,270.11,21.2,3,2
PCC_019,2026-01-19,181.4,386,30,10,2.127,91.1,88.1,95.1,4.61,27,8.3,247.56,21.8,2,1
PCC_019,2026-01-26,191.9,472,36,26,2.459,90.8,87.9,89.1,4.45,43,7.7,272.01,24.2,1,1
PCC_019,2026-02-02,184.1,399,31,20,2.165,88.0,90.8,91.9,4.51,33,7.0,241.68,22.7,1,0
PCC_019,2026-02-09,184.2,376,26,26,2.039,87.8,88.9,96.2,4.4,34,6.3,256.44,18.6,2,2
PCC_019,2026-02-16,190.6,430,24,23,2.255,92.2,89.6,92.8,4.51,36,10.0,235.89,16.8,1,1
PCC_019,2026-02-23,172.5,382,31,16,2.212,88.2,88.5,91.4,4.69,39,8.9,268.94,21.3,0,1
PCC_019,2026-03-02,185.4,385,29,14,2.076,92.8,86.0,92.5,4.5,36,8.5,280.99,21.2,0,0
PCC_019,2026-03-09,210.6,419,19,17,1.988,87.9,88.1,90.9,4.55,34,10.0,258.05,15.0,3,2
PCC_019,2026-03-16,200.3,449,23,19,2.243,88.6,89.7,84.6,4.61,47,8.9,240.78,20.2,3,1
PCC_019,2026-03-23,186.7,412,29,14,2.204,88.7,88.9,94.1,4.6,40,8.0,254.74,18.2,3,0
PCC_019,2026-03-30,197.1,446,47,18,2.264,88.3,88.1,93.6,4.69,54,8.7,276.01,15.9,1,0
PCC_019,2026-04-06,168.6,378,27,14,2.24,85.9,89.9,87.0,4.45,35,9.5,253.64,16.9,4,0
PCC_019,2026-04-13,198.1,430,26,16,2.169,91.3,90.9,84.0,4.45,41,7.5,263.27,18.6,4,0
PCC_019,2026-04-20,189.7,470,52,21,2.476,92.3,89.1,94.4,4.46,41,9.2,266.88,18.0,0,1
PCC_019,2026-04-27,184.0,408,27,16,2.22,86.0,87.0,89.9,4.58,38,8.7,254.99,18.6,2,3
PCC_020,2025-05-05,148.0,427,31,18,2.884,78.7,90.1,78.5,4.86,53,11.0,263.5,26.4,2,1
PCC_020,2025-05-12,148.0,420,29,21,2.835,84.6,86.9,77.9,4.66,43,11.0,266.84,27.2,6,0
PCC_020,2025-05-19,144.0,397,27,20,2.754,82.3,92.7,74.5,4.72,33,9.2,282.5,28.2,0,0
PCC_020,2025-05-26,143.4,388,23,14,2.703,76.9,89.2,77.8,4.58,30,9.1,272.59,27.7,2,0
PCC_020,2025-06-02,139.5,398,17,26,2.854,76.3,87.5,77.9,4.69,44,11.1,258.26,28.1,0,0
PCC_020,2025-06-09,145.4,407,24,7,2.802,81.1,89.8,81.3,4.67,42,12.0,265.05,31.9,1,0
PCC_020,2025-06-16,140.5,384,36,24,2.73,83.5,86.2,75.7,4.77,32,10.0,273.18,28.7,2,0
PCC_020,2025-06-23,140.5,410,40,19,2.915,83.4,93.0,80.9,4.64,25,10.7,266.3,28.8,0,0
PCC_020,2025-06-30,125.8,364,14,22,2.893,77.5,90.5,82.4,4.77,31,12.2,242.69,28.9,5,1
PCC_020,2025-07-07,145.3,417,20,31,2.868,80.6,89.4,82.1,4.65,34,11.2,248.28,29.4,2,0
PCC_020,2025-07-14,139.4,435,30,15,3.121,82.3,88.6,84.5,4.73,29,11.9,270.74,27.7,0,0
PCC_020,2025-07-21,145.5,421,32,31,2.893,83.5,91.5,79.3,4.66,45,10.7,276.44,28.0,2,1
PCC_020,2025-07-28,133.0,365,31,14,2.743,85.7,95.6,74.4,4.79,39,11.2,250.85,28.3,0,0
PCC_020,2025-08-04,152.9,453,34,32,2.963,81.1,92.0,79.1,4.65,50,10.5,253.55,30.4,1,1
PCC_020,2025-08-11,147.3,449,32,15,3.046,74.6,89.3,82.5,4.73,40,10.3,237.36,29.6,0,1
PCC_020,2025-08-18,138.2,373,32,24,2.7,85.4,83.6,81.3,4.69,34,8.5,258.57,28.3,0,2
PCC_020,2025-08-25,133.8,400,19,25,2.988,83.0,88.1,81.9,4.7,30,11.1,266.83,27.3,2,1
PCC_020,2025-09-01,141.2,405,33,17,2.867,84.2,90.7,76.7,4.75,33,11.9,261.79,29.1,1,0
PCC_020,2025-09-08,133.1,400,22,20,3.004,86.1,85.3,74.6,4.64,29,9.5,263.7,25.5,2,0
PCC_020,2025-09-15,149.7,421,33,25,2.812,79.5,90.0,79.8,4.64,36,9.3,254.23,24.8,1,0
PCC_020,2025-09-22,141.9,385,40,26,2.716,85.5,91.8,72.0,4.75,38,12.9,242.99,30.9,1,0
PCC_020,2025-09-29,155.8,426,25,31,2.733,82.4,89.0,78.4,4.5,40,9.8,249.67,27.1,0,0
PCC_020,2025-10-06,149.8,401,29,25,2.677,81.2,90.7,74.7,4.66,35,10.3,259.93,25.9,2,0
PCC_020,2025-10-13,126.7,343,23,19,2.71,85.0,89.5,80.4,4.67,30,9.0,267.56,29.0,3,1
PCC_020,2025-10-20,145.3,407,27,18,2.804,82.3,88.5,74.5,4.72,45,9.8,239.34,26.0,3,0
PCC_020,2025-10-27,147.0,418,39,24,2.845,78.8,89.4,80.6,4.87,42,8.8,289.07,25.6,2,1
PCC_020,2025-11-03,148.5,411,27,15,2.766,79.6,94.4,75.5,4.71,36,11.9,256.96,31.3,0,0
PCC_020,2025-11-10,135.0,352,22,23,2.608,79.8,95.5,83.1,,37,12.3,236.12,31.7,2,1
PCC_020,2025-11-17,139.2,378,28,28,2.716,79.5,94.5,79.0,4.71,42,13.1,235.99,30.9,1,0
PCC_020,2025-11-24,140.5,405,24,8,2.886,74.8,93.0,81.8,4.69,35,10.5,255.39,25.8,3,0
PCC_020,2025-12-01,151.2,344,23,16,2.274,78.3,92.4,82.9,4.75,18,6.8,258.86,30.2,2,1
PCC_020,2025-12-08,156.8,404,38,14,2.577,74.4,95.4,82.5,4.73,29,11.3,231.68,27.5,2,0
PCC_020,2025-12-15,142.0,361,51,12,2.544,78.1,88.3,76.1,4.74,29,9.8,225.75,30.5,1,1
PCC_020,2025-12-22,139.7,368,29,19,2.631,80.4,93.7,77.9,4.58,35,11.3,242.11,32.6,2,1
PCC_020,2025-12-29,145.0,371,20,31,2.556,78.7,92.8,74.2,4.74,32,10.2,229.43,27.9,2,1
PCC_020,2026-01-05,146.7,390,25,37,2.655,76.5,99.0,80.9,4.73,44,9.0,236.26,31.4,2,0
PCC_020,2026-01-12,151.7,426,16,17,2.807,78.6,87.5,80.9,4.81,41,9.5,220.19,30.4,2,0
PCC_020,2026-01-19,152.8,383,24,26,2.507,78.6,94.5,79.4,4.6,31,10.2,237.05,29.0,1,1
PCC_020,2026-01-26,148.1,373,19,21,2.517,83.9,88.0,80.5,4.71,34,7.3,227.98,28.7,0,1
PCC_020,2026-02-02,145.6,392,46,22,2.695,82.0,95.7,80.4,4.84,32,8.6,221.59,27.6,4,1
PCC_020,2026-02-09,141.2,335,20,18,2.374,73.6,98.3,76.2,4.74,27,10.1,217.63,23.3,2,1
PCC_020,2026-02-16,130.1,369,24,25,2.835,80.9,93.5,77.6,4.69,29,11.0,241.1,23.6,0,1
PCC_020,2026-02-23,137.6,352,16,23,2.557,79.4,85.2,79.3,,26,8.2,246.05,22.8,1,1
PCC_020,2026-03-02,132.5,398,26,21,3.004,78.3,93.5,81.2,4.66,41,13.3,245.47,22.3,1,0
PCC_020,2026-03-09,145.3,425,29,20,2.926,78.9,92.0,82.5,4.71,43,12.1,254.13,23.7,3,0
PCC_020,2026-03-16,142.2,386,30,19,2.714,76.4,92.6,74.6,4.69,27,7.6,250.55,23.1,1,1
PCC_020,2026-03-23,143.9,388,22,29,2.7,78.8,91.6,80.2,4.65,45,10.5,274.05,23.8,3,1
PCC_020,2026-03-30,153.2,429,24,23,2.798,78.0,91.4,80.9,4.75,41,8.5,254.34,28.2,1,0
PCC_020,2026-04-06,150.7,401,30,24,2.663,81.1,94.2,75.3,4.64,28,12.1,258.52,23.5,0,0
PCC_020,2026-04-13,144.2,412,41,27,2.861,83.1,93.4,80.0,4.84,34,3.8,252.56,22.2,0,1
PCC_020,2026-04-20,158.5,431,20,19,2.722,79.3,93.7,79.2,4.63,48,11.4,275.27,20.5,2,0
PCC_020,2026-04-27,141.9,380,15,22,2.678,77.9,82.5,82.6,4.74,32,8.9,238.26,22.0,1,1
PCC_021,2025-05-05,163.8,527,42,36,3.214,87.5,94.0,81.2,4.69,41,14.8,247.33,27.1,3,1
PCC_021,2025-05-12,173.8,568,49,32,3.269,90.1,91.7,76.5,4.53,44,13.0,237.05,26.4,1,1
PCC_021,2025-05-19,166.8,506,16,38,3.03,91.0,89.0,78.9,4.56,44,11.6,218.11,27.5,0,1
PCC_021,2025-05-26,175.6,583,26,41,3.322,85.7,90.8,87.7,4.65,61,11.7,240.32,27.1,2,0
PCC_021,2025-06-02,173.2,542,45,18,3.129,88.7,93.3,83.5,4.61,45,12.9,229.11,25.6,1,1
PCC_021,2025-06-09,154.3,518,44,17,3.359,85.1,97.5,83.7,4.63,48,10.4,246.69,25.3,0,0
PCC_021,2025-06-16,169.7,549,51,20,3.236,95.6,93.5,80.0,4.44,64,15.1,245.23,23.6,2,1
PCC_021,2025-06-23,157.9,503,42,42,3.189,81.9,90.1,88.0,,40,11.7,244.1,26.3,1,2
PCC_021,2025-06-30,173.1,535,36,10,3.089,90.2,88.1,88.0,4.64,59,12.0,259.21,25.9,1,0
PCC_021,2025-07-07,182.1,530,20,22,2.91,83.7,90.8,82.5,4.65,45,10.9,226.16,24.4,2,1
PCC_021,2025-07-14,164.2,550,52,18,3.349,82.4,92.9,83.6,4.58,58,13.1,270.97,28.3,1,1
PCC_021,2025-07-21,161.2,507,39,27,3.147,84.8,93.3,90.3,4.58,50,12.8,244.23,27.3,0,0
PCC_021,2025-07-28,160.9,582,51,23,3.618,85.3,88.8,85.0,4.61,41,11.1,238.13,27.9,2,2
PCC_021,2025-08-04,166.1,588,41,39,3.541,88.9,92.9,88.6,4.65,52,15.0,241.87,31.3,2,0
PCC_021,2025-08-11,144.8,441,30,32,3.043,79.8,90.3,80.7,4.72,43,11.5,251.45,27.8,1,0
PCC_021,2025-08-18,159.3,452,27,8,2.837,90.2,90.9,86.3,4.61,40,11.4,237.21,25.5,2,0
PCC_021,2025-08-25,144.3,424,25,29,2.94,86.1,92.7,82.1,4.6,43,13.9,246.03,26.7,3,0
PCC_021,2025-09-01,166.0,534,36,25,3.215,85.5,94.4,93.3,4.57,40,12.8,239.89,26.0,3,2
PCC_021,2025-09-08,157.0,489,54,17,3.113,86.2,95.2,83.0,4.72,38,10.3,253.94,29.3,2,1
PCC_021,2025-09-15,158.8,524,35,24,3.304,84.9,89.9,86.0,4.63,53,12.8,242.3,25.7,0,1
PCC_021,2025-09-22,166.9,482,26,20,2.89,81.3,96.0,82.9,4.54,38,8.7,241.53,29.0,4,0
PCC_021,2025-09-29,150.1,475,36,30,3.165,88.9,93.5,88.0,4.7,38,11.8,214.02,25.6,3,2
PCC_021,2025-10-06,167.8,511,33,17,3.047,88.4,91.7,88.9,4.66,43,11.7,228.45,27.5,0,0
PCC_021,2025-10-13,176.3,548,37,24,3.111,85.7,87.6,81.8,4.63,45,14.4,223.92,25.1,1,0
PCC_021,2025-10-20,181.0,535,29,24,2.954,90.0,89.8,83.5,4.61,48,11.5,251.16,25.9,3,1
PCC_021,2025-10-27,178.2,503,28,24,2.824,86.6,94.8,84.3,4.58,39,10.4,220.87,24.7,3,0
PCC_021,2025-11-03,171.7,469,39,21,2.731,88.1,87.2,82.3,4.53,49,15.3,241.06,26.8,1,0
PCC_021,2025-11-10,168.7,492,24,20,2.917,88.1,90.9,83.0,4.71,36,14.5,230.94,26.7,1,0
PCC_021,2025-11-17,178.8,520,28,35,2.905,92.0,90.9,87.5,4.59,49,12.1,231.18,25.7,0,1
PCC_021,2025-11-24,165.8,466,32,13,2.81,89.4,92.1,83.9,4.73,46,15.9,248.72,28.2,0,1
PCC_021,2025-12-01,153.9,425,20,23,2.759,88.9,91.1,80.5,4.54,26,11.7,235.25,21.8,1,0
PCC_021,2025-12-08,159.6,480,18,17,3.01,90.5,89.9,88.0,4.56,45,13.7,223.5,25.8,1,0
PCC_021,2025-12-15,161.6,462,49,16,2.858,90.4,92.3,82.7,4.63,36,14.1,235.24,26.4,3,2
PCC_021,2025-12-22,167.2,450,23,23,2.69,89.1,90.1,84.1,4.7,43,10.8,231.83,26.0,1,0
PCC_021,2025-12-29,158.8,471,41,33,2.965,90.8,90.3,83.5,4.56,33,14.4,230.24,23.7,2,1
PCC_021,2026-01-05,156.1,516,42,27,3.303,85.0,90.1,83.4,4.63,44,11.8,238.55,24.0,0,2
PCC_021,2026-01-12,157.5,447,51,14,2.836,92.0,92.6,87.7,4.68,41,13.5,233.48,23.5,1,0
PCC_021,2026-01-19,174.6,478,48,25,2.739,88.0,87.7,81.1,4.72,45,11.4,195.69,27.1,1,0
PCC_021,2026-01-26,167.9,424,5,21,2.528,92.0,89.7,84.4,4.51,47,17.0,221.89,25.9,5,3
PCC_021,2026-02-02,181.0,525,32,36,2.902,88.6,92.9,88.0,4.61,47,13.5,229.07,25.9,2,0
PCC_021,2026-02-09,169.5,486,42,26,2.866,89.7,90.8,85.8,4.5,45,8.0,220.85,23.0,0,0
PCC_021,2026-02-16,155.6,452,42,28,2.907,90.3,90.0,82.8,4.56,40,10.1,240.81,20.6,0,2
PCC_021,2026-02-23,164.9,451,30,18,2.734,89.2,92.9,87.1,4.57,38,11.7,236.82,19.4,3,2
PCC_021,2026-03-02,162.9,439,28,23,2.697,91.0,90.4,85.8,4.66,46,10.7,248.66,22.7,2,0
PCC_021,2026-03-09,169.2,516,25,43,3.049,93.8,91.8,88.2,4.65,39,15.6,229.73,22.4,3,1
PCC_021,2026-03-16,170.9,539,30,17,3.155,90.3,90.0,83.9,4.6,46,12.3,209.24,20.8,0,2
PCC_021,2026-03-23,182.8,560,31,22,3.063,85.6,89.3,76.3,4.54,49,8.7,223.08,22.0,3,1
PCC_021,2026-03-30,176.7,527,31,23,2.982,89.2,93.0,80.1,4.62,37,11.7,249.67,20.5,1,0
PCC_021,2026-04-06,169.0,534,33,15,3.159,91.3,90.7,91.2,4.65,46,12.4,221.95,21.7,4,1
PCC_021,2026-04-13,162.7,495,33,28,3.041,88.3,87.8,80.9,4.55,50,11.2,232.4,21.5,3,1
PCC_021,2026-04-20,169.9,510,33,17,3.004,92.7,88.3,87.4,4.64,53,10.5,231.03,20.2,3,1
PCC_021,2026-04-27,171.2,528,38,46,3.084,90.6,92.4,85.2,4.5,48,11.9,247.04,19.9,1,2
PCC_022,2025-05-05,186.9,421,45,19,2.252,86.3,88.6,78.7,4.68,36,12.0,217.54,16.7,1,0
PCC_022,2025-05-12,181.5,442,27,20,2.435,83.7,89.2,79.4,4.63,51,12.8,229.79,17.4,2,2
PCC_022,2025-05-19,194.5,473,45,34,2.431,84.2,87.6,80.4,4.59,40,11.0,267.16,18.4,1,0
PCC_022,2025-05-26,192.1,494,29,28,2.572,82.3,86.1,85.0,4.76,33,15.3,246.55,19.6,1,2
PCC_022,2025-06-02,199.7,479,22,27,2.397,86.1,85.0,83.0,4.79,37,12.0,235.04,20.6,1,0
PCC_022,2025-06-09,205.9,503,21,28,2.442,86.8,85.2,84.3,4.73,56,13.2,252.4,21.3,0,0
PCC_022,2025-06-16,198.2,499,30,29,2.52,80.0,91.0,81.9,4.59,49,9.9,234.7,16.9,4,2
PCC_022,2025-06-23,200.5,504,43,28,2.515,81.5,91.8,77.3,4.68,57,12.9,233.75,17.7,4,0
PCC_022,2025-06-30,180.1,449,43,12,2.492,90.7,86.9,79.8,4.62,42,12.4,247.05,17.6,2,1
PCC_022,2025-07-07,210.2,543,38,23,2.582,86.8,90.3,82.8,4.66,62,12.3,252.03,18.3,2,1
PCC_022,2025-07-14,205.6,492,48,26,2.395,82.1,94.5,83.6,4.72,44,12.6,222.5,20.9,1,2
PCC_022,2025-07-21,174.1,429,40,17,2.463,90.5,88.7,82.8,4.76,31,14.4,235.21,16.1,1,0
PCC_022,2025-07-28,193.0,468,45,35,2.425,85.1,87.0,81.4,4.75,37,11.3,240.16,19.4,1,0
PCC_022,2025-08-04,200.2,495,18,28,2.471,88.5,87.8,86.9,4.8,50,10.2,241.06,16.0,1,0
PCC_022,2025-08-11,194.1,459,33,29,2.367,87.1,83.4,81.5,4.71,52,14.8,215.81,18.7,4,1
PCC_022,2025-08-18,197.4,485,33,19,2.458,80.8,87.9,81.5,4.67,45,13.4,219.4,17.7,1,0
PCC_022,2025-08-25,190.7,465,20,19,2.438,83.8,91.6,81.1,4.77,35,14.2,236.89,21.4,2,1
PCC_022,2025-09-01,191.8,485,39,39,2.526,83.3,86.8,79.5,,43,11.5,229.35,17.2,0,1
PCC_022,2025-09-08,190.6,475,29,23,2.492,82.8,90.2,74.9,4.7,41,15.7,257.72,21.5,2,2
PCC_022,2025-09-15,198.5,501,45,23,2.523,83.3,89.3,78.1,4.66,47,11.8,221.65,18.1,0,0
PCC_022,2025-09-22,177.6,389,26,19,2.193,83.2,88.1,79.7,4.82,35,14.2,236.79,20.6,2,2
PCC_022,2025-09-29,174.3,437,34,20,2.507,82.5,86.3,84.8,4.74,29,14.3,186.1,16.4,3,0
PCC_022,2025-10-06,184.7,445,12,22,2.411,81.3,92.0,84.6,4.54,48,12.8,235.54,22.2,0,0
PCC_022,2025-10-13,203.8,479,16,35,2.351,83.8,86.8,86.5,4.75,36,11.4,243.38,23.6,3,0
PCC_022,2025-10-20,215.3,501,45,21,2.329,90.7,89.9,88.9,4.7,41,10.2,223.52,17.8,1,0
PCC_022,2025-10-27,188.9,409,30,20,2.165,81.2,87.2,89.6,4.73,36,13.9,205.68,23.1,3,0
PCC_022,2025-11-03,186.2,438,33,20,2.353,78.7,92.6,84.8,4.77,39,10.9,220.85,23.7,4,0
PCC_022,2025-11-10,192.1,465,29,27,2.422,85.0,92.8,81.1,4.73,41,12.0,235.57,16.5,0,0
PCC_022,2025-11-17,189.7,431,36,18,2.272,81.6,94.7,80.7,4.7,42,12.6,204.11,20.4,0,0
PCC_022,2025-11-24,197.2,458,40,33,2.323,81.5,87.4,86.2,4.59,39,14.8,204.94,21.3,2,0
PCC_022,2025-12-01,196.4,461,48,21,2.348,83.1,92.5,84.1,4.81,40,14.1,225.29,20.8,0,1
PCC_022,2025-12-08,194.4,449,35,18,2.311,84.0,93.0,86.9,4.64,41,14.5,228.39,19.6,0,0
PCC_022,2025-12-15,197.0,416,28,25,2.112,82.4,91.6,78.2,4.71,44,15.9,220.37,17.9,0,4
PCC_022,2025-12-22,198.7,459,21,28,2.31,82.6,95.2,80.9,4.83,34,12.8,221.15,24.4,1,0
PCC_022,2025-12-29,204.5,429,25,31,2.098,80.0,94.0,84.7,4.77,42,10.3,179.65,16.9,2,0
PCC_022,2026-01-05,184.5,450,30,25,2.44,80.4,94.3,85.2,4.82,36,11.9,228.75,12.2,2,0
PCC_022,2026-01-12,190.1,410,35,22,2.156,84.9,89.5,79.7,4.68,42,10.7,201.01,16.3,2,0
PCC_022,2026-01-19,212.2,447,26,36,2.107,79.8,93.8,82.3,4.7,37,10.9,223.6,16.6,1,2
PCC_022,2026-01-26,186.6,410,18,16,2.199,88.4,93.0,80.5,4.8,36,12.8,221.01,20.8,1,0
PCC_022,2026-02-02,201.7,465,26,20,2.305,82.5,92.1,87.6,4.61,47,7.5,214.6,18.6,2,1
PCC_022,2026-02-09,197.4,473,33,12,2.396,80.6,89.7,82.4,4.79,43,9.9,219.34,12.3,3,1
PCC_022,2026-02-16,207.4,545,37,47,2.628,85.5,94.7,80.6,4.55,44,14.6,238.71,16.7,1,2
PCC_022,2026-02-23,220.3,531,47,17,2.41,80.2,95.0,89.3,4.83,46,13.7,201.6,15.3,4,0
PCC_022,2026-03-02,210.6,500,37,20,2.372,79.9,92.5,83.0,4.7,50,12.4,211.58,15.1,0,0
PCC_022,2026-03-09,194.7,423,31,26,2.175,79.9,92.2,79.8,4.72,36,9.7,213.46,15.6,0,1
PCC_022,2026-03-16,196.7,381,15,13,1.938,80.6,91.6,86.3,4.77,38,14.0,211.7,15.6,0,0
PCC_022,2026-03-23,196.7,415,21,24,2.111,80.9,95.1,84.0,4.78,40,9.6,218.18,14.5,0,0
PCC_022,2026-03-30,180.8,439,35,27,2.426,82.7,90.9,82.6,4.76,45,9.0,216.69,12.0,1,2
PCC_022,2026-04-06,206.8,472,31,33,2.281,82.7,93.6,84.1,4.72,44,10.8,250.05,15.3,1,1
PCC_022,2026-04-13,207.8,521,45,28,2.507,86.2,93.8,85.4,4.79,43,9.2,212.77,14.7,0,1
PCC_022,2026-04-20,202.9,514,37,19,2.531,82.3,92.9,85.2,4.71,58,11.8,,16.0,3,2
PCC_022,2026-04-27,190.8,452,27,21,2.369,80.7,88.3,81.4,4.86,51,14.0,241.31,16.5,2,2
PCC_023,2025-05-05,157.8,347,23,25,2.197,83.9,97.3,79.1,4.73,33,8.4,282.61,19.9,0,0
PCC_023,2025-05-12,171.9,394,31,22,2.292,80.7,92.8,70.3,4.75,34,8.5,248.03,17.3,2,1
PCC_023,2025-05-19,141.3,335,25,25,2.368,86.9,93.2,74.3,4.71,22,7.4,274.59,18.9,1,0
PCC_023,2025-05-26,166.1,399,20,14,2.403,77.2,96.7,81.4,4.49,28,9.2,284.0,15.9,2,0
PCC_023,2025-06-02,165.0,393,19,28,2.384,83.2,91.6,76.1,4.55,24,12.1,256.86,23.5,1,1
PCC_023,2025-06-09,161.5,349,25,17,2.159,82.9,92.7,79.6,4.59,17,8.5,245.28,20.4,2,2
PCC_023,2025-06-16,154.3,378,21,19,2.451,79.5,93.3,80.0,4.72,32,9.1,269.31,21.8,3,0
PCC_023,2025-06-23,160.3,375,32,16,2.338,80.5,94.4,71.9,4.59,32,10.6,274.15,18.9,2,1
PCC_023,2025-06-30,161.3,361,24,19,2.238,81.2,98.7,68.5,4.58,39,8.3,268.11,21.7,2,1
PCC_023,2025-07-07,156.9,341,21,25,2.175,85.6,94.7,77.3,4.7,35,8.1,280.85,20.5,3,1
PCC_023,2025-07-14,167.2,407,27,18,2.433,79.3,89.8,75.6,4.6,35,6.8,240.19,16.6,0,1
PCC_023,2025-07-21,146.9,361,26,21,2.455,80.9,94.6,75.0,4.68,27,9.0,261.34,19.8,3,1
PCC_023,2025-07-28,139.6,337,13,15,2.414,83.7,95.6,70.6,4.57,26,6.5,259.9,22.2,1,0
PCC_023,2025-08-04,162.1,401,34,21,2.473,84.2,92.7,78.2,4.73,35,8.5,276.1,19.4,3,1
PCC_023,2025-08-11,155.4,343,14,20,2.204,81.4,99.2,72.7,4.57,27,7.7,272.98,18.6,2,1
PCC_023,2025-08-18,156.7,383,27,23,2.443,77.4,93.7,75.7,4.78,33,8.4,242.06,19.4,2,2
PCC_023,2025-08-25,163.4,341,37,18,2.088,82.5,94.7,77.2,4.63,33,8.2,272.57,17.1,1,0
PCC_023,2025-09-01,160.4,351,13,19,2.185,82.1,93.3,79.6,4.71,33,9.1,258.38,19.2,1,1
PCC_023,2025-09-08,151.9,327,11,23,2.156,77.2,97.5,76.9,4.59,39,9.0,255.09,20.5,1,0
PCC_023,2025-09-15,153.3,356,24,19,2.325,76.4,94.7,74.9,4.67,32,8.8,259.67,20.8,1,1
PCC_023,2025-09-22,146.5,328,25,21,2.237,80.6,93.8,73.9,4.6,33,10.2,262.37,21.2,1,0
PCC_023,2025-09-29,159.2,336,20,14,2.114,80.2,91.7,72.5,4.73,36,9.2,273.1,22.9,0,0
PCC_023,2025-10-06,154.4,356,25,23,2.304,80.6,96.4,77.3,4.6,40,9.4,264.11,20.7,1,4
PCC_023,2025-10-13,149.5,344,28,7,2.302,81.2,94.8,79.1,4.69,32,11.3,271.74,16.2,1,0
PCC_023,2025-10-20,170.2,377,25,5,2.214,83.0,91.6,79.4,4.68,20,9.6,268.59,16.0,1,0
PCC_023,2025-10-27,161.1,352,34,15,2.184,80.4,93.7,71.5,4.65,23,8.9,238.92,21.3,1,2
PCC_023,2025-11-03,166.0,355,21,14,2.138,83.0,89.8,72.2,4.62,29,11.5,219.07,20.7,0,1
PCC_023,2025-11-10,143.5,260,17,12,1.809,83.8,90.1,79.4,4.67,22,8.8,233.51,21.2,1,1
PCC_023,2025-11-17,161.8,349,22,10,2.156,84.7,92.4,77.5,4.61,37,7.3,228.99,22.9,1,0
PCC_023,2025-11-24,161.6,364,28,16,2.252,84.6,93.2,77.2,4.58,27,8.1,238.2,19.8,1,1
PCC_023,2025-12-01,171.8,376,23,26,2.187,83.1,87.5,71.5,4.74,49,9.4,255.07,18.4,1,1
PCC_023,2025-12-08,148.2,335,29,18,2.261,85.1,87.2,77.5,4.74,27,9.1,228.64,21.3,2,0
PCC_023,2025-12-15,154.4,309,16,15,2.002,83.8,91.8,71.3,4.66,32,8.0,,21.2,1,2
PCC_023,2025-12-22,155.7,340,22,21,2.185,86.2,93.2,74.3,4.62,21,9.2,233.87,17.8,3,2
PCC_023,2025-12-29,151.0,339,20,30,2.244,80.3,89.7,76.7,4.68,28,9.2,222.75,21.1,1,0
PCC_023,2026-01-05,157.9,337,13,13,2.132,88.0,90.7,75.0,4.72,36,8.8,237.3,22.6,1,1
PCC_023,2026-01-12,153.3,328,16,21,2.137,86.6,95.8,74.7,4.6,44,8.8,223.75,16.4,3,0
PCC_023,2026-01-19,164.0,330,16,20,2.014,81.9,93.2,72.2,4.61,30,9.6,223.37,20.1,2,1
PCC_023,2026-01-26,164.8,357,29,15,2.169,80.7,94.2,76.9,4.84,36,9.3,206.17,18.0,2,0
PCC_023,2026-02-02,150.1,284,10,13,1.892,86.9,92.2,71.5,4.58,26,9.5,218.15,20.1,2,0
PCC_023,2026-02-09,162.4,309,31,12,1.9,82.5,95.0,74.3,4.67,37,5.7,238.76,14.4,0,1
PCC_023,2026-02-16,161.0,365,31,13,2.267,86.1,91.3,74.7,4.73,27,7.3,239.44,16.1,1,0
PCC_023,2026-02-23,158.7,339,22,21,2.135,85.0,89.3,74.1,4.85,45,8.6,238.14,14.0,4,2
PCC_023,2026-03-02,164.3,348,22,26,2.12,86.3,92.4,78.8,4.54,25,8.7,256.15,17.7,1,0
PCC_023,2026-03-09,157.4,331,24,23,2.102,83.4,92.4,75.0,4.65,32,9.2,269.66,16.3,1,1
PCC_023,2026-03-16,145.2,314,24,18,2.164,83.4,91.7,78.3,4.71,24,8.6,227.0,16.1,5,1
PCC_023,2026-03-23,165.7,376,24,8,2.271,85.9,92.6,79.4,4.68,19,9.6,261.25,13.8,1,1
PCC_023,2026-03-30,154.6,339,21,21,2.19,84.6,93.5,77.8,4.62,29,11.1,284.14,12.7,0,0
PCC_023,2026-04-06,162.9,377,28,17,2.316,82.2,91.9,72.9,,39,9.0,252.98,14.2,1,0
PCC_023,2026-04-13,157.1,348,19,18,2.217,88.0,89.9,73.2,4.8,30,10.2,236.82,15.0,1,1
PCC_023,2026-04-20,160.6,339,26,13,2.109,83.9,89.9,80.6,4.69,37,8.1,251.51,15.8,3,1
PCC_023,2026-04-27,153.1,348,33,12,2.274,81.9,89.3,71.7,4.51,34,6.3,263.83,12.7,2,0
PCC_024,2025-05-05,185.9,483,45,25,2.595,88.0,92.6,91.3,4.28,39,13.2,272.31,17.7,0,0
PCC_024,2025-05-12,207.9,623,37,13,2.997,84.2,91.6,95.0,4.5,55,9.8,231.12,20.6,1,2
PCC_024,2025-05-19,203.1,572,33,18,2.818,80.9,94.6,88.1,4.41,61,12.6,239.39,17.2,3,0
PCC_024,2025-05-26,198.2,643,35,19,3.242,87.4,92.4,87.6,4.32,64,7.7,266.42,19.7,0,2
PCC_024,2025-06-02,184.6,600,33,50,3.248,80.0,88.4,92.9,4.35,49,13.7,248.98,21.7,1,0
PCC_024,2025-06-09,213.7,564,13,32,2.64,87.4,91.7,92.0,4.4,44,14.1,251.6,17.1,0,1
PCC_024,2025-06-16,205.6,620,52,30,3.015,82.8,91.6,86.6,4.29,59,10.7,213.23,15.5,0,1
PCC_024,2025-06-23,198.3,626,69,29,3.158,82.3,95.3,85.1,4.5,43,10.2,305.17,21.3,0,1
PCC_024,2025-06-30,225.0,701,66,45,3.115,87.3,96.2,90.3,4.39,74,13.3,258.87,19.3,2,1
PCC_024,2025-07-07,185.4,571,39,11,3.082,88.7,91.0,89.1,,59,11.5,259.01,18.6,0,1
PCC_024,2025-07-14,199.9,536,32,32,2.682,81.4,93.3,89.6,4.45,38,10.7,266.92,20.5,3,0
PCC_024,2025-07-21,197.9,549,45,28,2.774,82.8,94.6,95.1,4.33,47,9.7,272.47,21.8,4,0
PCC_024,2025-07-28,190.6,550,47,14,2.887,81.0,93.4,89.9,4.39,42,12.1,255.74,18.9,1,0
PCC_024,2025-08-04,200.0,585,31,23,2.928,79.1,95.3,92.0,4.39,57,13.3,248.93,17.1,2,0
PCC_024,2025-08-11,183.4,547,47,40,2.985,87.0,93.4,94.7,4.3,44,10.7,237.56,18.0,1,1
PCC_024,2025-08-18,203.4,563,40,36,2.768,89.8,93.6,91.4,4.24,51,11.4,239.76,19.8,1,2
PCC_024,2025-08-25,200.7,573,51,24,2.857,88.3,88.5,88.5,4.4,42,13.6,253.83,21.4,1,0
PCC_024,2025-09-01,211.4,592,33,29,2.799,84.3,91.9,92.3,4.37,56,8.4,281.12,16.2,3,2
PCC_024,2025-09-08,206.3,605,36,35,2.931,78.3,96.5,87.4,4.49,63,11.0,253.73,19.5,1,0
PCC_024,2025-09-15,203.4,559,30,29,2.749,81.0,91.8,93.6,4.31,48,10.3,257.75,12.8,0,2
PCC_024,2025-09-22,193.4,549,36,29,2.839,84.4,93.5,96.4,4.26,61,11.5,245.75,14.7,0,1
PCC_024,2025-09-29,192.4,501,18,22,2.601,81.6,97.3,88.1,4.3,46,11.8,249.78,19.0,2,3
PCC_024,2025-10-06,182.2,468,30,24,2.566,80.0,90.4,98.0,4.25,49,8.8,252.2,19.2,0,1
PCC_024,2025-10-13,185.0,569,39,24,3.076,83.7,92.6,95.7,4.41,58,12.7,238.31,19.3,2,2
PCC_024,2025-10-20,189.7,494,49,21,2.604,75.3,95.2,87.4,4.35,47,9.0,244.83,19.1,4,0
PCC_024,2025-10-27,193.4,509,24,31,2.63,86.9,94.5,90.0,4.29,48,12.1,243.89,20.2,3,0
PCC_024,2025-11-03,202.1,524,32,28,2.595,87.7,88.3,84.6,4.37,33,13.0,253.08,20.2,0,0
PCC_024,2025-11-10,202.6,502,37,24,2.477,84.2,89.6,94.4,4.28,53,12.2,256.74,17.7,2,2
PCC_024,2025-11-17,202.6,585,30,39,2.89,90.6,87.7,96.6,4.24,52,10.5,248.79,16.6,1,2
PCC_024,2025-11-24,218.2,598,33,11,2.743,86.0,88.5,92.0,4.26,51,10.3,248.57,13.9,0,1
PCC_024,2025-12-01,218.0,572,41,31,2.622,89.9,87.0,89.1,4.18,36,7.5,,20.1,1,0
PCC_024,2025-12-08,203.0,516,34,14,2.542,87.4,89.8,94.8,4.27,41,10.9,240.32,17.4,2,0
PCC_024,2025-12-15,204.3,483,45,25,2.366,84.2,89.8,92.3,4.26,39,12.1,219.66,16.1,0,1
PCC_024,2025-12-22,182.2,457,23,33,2.507,87.2,90.8,92.8,4.33,30,11.0,212.38,19.9,4,1
PCC_024,2025-12-29,195.6,532,37,27,2.72,86.0,91.0,91.1,4.27,44,8.6,216.68,16.9,0,1
PCC_024,2026-01-05,174.9,456,37,16,2.606,83.4,88.4,88.5,4.45,29,10.7,237.85,19.0,2,2
PCC_024,2026-01-12,205.3,545,50,39,2.654,86.9,89.7,89.6,4.27,41,16.7,,16.1,0,0
PCC_024,2026-01-19,204.4,514,34,38,2.517,91.2,88.4,88.9,4.22,42,12.5,258.59,15.9,1,1
PCC_024,2026-01-26,217.8,590,53,31,2.711,86.1,88.7,91.6,4.31,63,10.3,226.36,18.8,3,0
PCC_024,2026-02-02,203.7,543,34,12,2.667,86.8,88.2,89.6,4.4,54,11.5,231.56,18.1,1,0
PCC_024,2026-02-09,194.8,518,39,19,2.66,85.9,88.2,96.2,4.29,55,12.0,234.53,16.3,3,2
PCC_024,2026-02-16,196.9,494,35,30,2.51,86.9,90.1,93.6,4.37,36,14.5,210.81,14.8,0,0
PCC_024,2026-02-23,190.5,505,29,26,2.65,89.7,87.9,89.5,4.33,46,12.9,253.55,16.6,1,1
PCC_024,2026-03-02,198.1,535,35,25,2.701,86.4,89.9,92.8,4.13,51,11.3,219.59,16.1,2,1
PCC_024,2026-03-09,207.1,547,38,20,2.64,87.8,89.4,91.3,4.31,54,12.6,254.42,13.5,3,0
PCC_024,2026-03-16,200.1,537,47,29,2.684,85.2,87.4,93.9,4.38,53,7.9,231.8,14.4,1,0
PCC_024,2026-03-23,215.3,560,44,34,2.603,88.9,90.7,93.2,4.33,65,12.1,215.33,13.7,0,0
PCC_024,2026-03-30,205.7,496,25,21,2.409,88.7,87.4,93.7,4.35,43,9.6,242.87,17.1,1,1
PCC_024,2026-04-06,196.8,506,42,40,2.572,86.8,88.3,94.0,4.28,46,10.4,255.97,15.7,1,0
PCC_024,2026-04-13,204.6,567,27,30,2.771,86.3,86.7,91.5,4.37,57,14.3,256.73,11.9,1,0
PCC_024,2026-04-20,201.3,569,32,45,2.827,88.0,89.9,89.3,4.41,54,12.8,260.27,12.3,3,1
PCC_024,2026-04-27,197.8,561,56,35,2.838,84.5,89.7,94.3,4.34,55,13.2,254.05,12.9,1,1
PCC_025,2025-05-05,80.4,232,11,5,2.884,76.1,95.1,89.3,4.55,18,11.3,237.75,23.1,2,0
PCC_025,2025-05-12,83.4,241,13,17,2.884,78.6,96.6,86.1,4.41,20,9.4,237.06,25.9,1,1
PCC_025,2025-05-19,82.9,227,13,10,2.734,80.3,92.8,96.1,4.43,22,9.5,266.56,25.5,3,4
PCC_025,2025-05-26,87.4,238,16,13,2.729,81.0,91.0,90.0,4.53,21,10.3,237.01,24.1,0,2
PCC_025,2025-06-02,78.9,208,10,12,2.637,77.0,90.6,99.7,4.55,23,9.1,265.81,28.8,3,0
PCC_025,2025-06-09,83.6,222,9,11,2.658,79.0,86.0,97.5,4.47,13,8.9,238.51,27.3,1,1
PCC_025,2025-06-16,84.0,236,20,14,2.809,76.8,85.5,93.1,4.57,24,11.0,249.95,26.4,1,1
PCC_025,2025-06-23,81.1,232,19,16,2.856,76.2,91.4,96.0,4.66,28,10.9,238.81,23.3,2,0
PCC_025,2025-06-30,84.6,227,13,11,2.683,77.5,90.2,98.6,4.44,32,12.8,235.07,26.0,2,1
PCC_025,2025-07-07,76.9,221,20,10,2.873,74.4,93.6,89.4,4.51,25,5.8,258.71,26.1,1,3
PCC_025,2025-07-14,82.4,226,23,10,2.75,81.7,83.9,93.2,4.58,26,10.2,234.55,24.7,0,1
PCC_025,2025-07-21,83.0,232,22,19,2.794,81.8,92.4,94.8,4.5,22,15.0,235.47,27.0,1,0
PCC_025,2025-07-28,77.6,222,15,12,2.868,79.9,89.4,94.3,4.34,11,9.9,247.51,26.2,3,0
PCC_025,2025-08-04,85.7,245,26,9,2.859,77.8,91.3,93.0,4.58,18,13.7,253.38,26.1,0,1
PCC_025,2025-08-11,86.9,248,16,13,2.85,80.1,89.8,90.2,4.49,18,9.2,228.31,25.7,1,2
PCC_025,2025-08-18,84.8,243,15,9,2.859,77.8,93.7,95.1,4.5,16,12.4,218.66,27.6,1,0
PCC_025,2025-08-25,80.1,232,19,13,2.89,80.4,89.8,91.4,4.51,14,11.3,215.21,28.2,2,0
PCC_025,2025-09-01,87.7,250,23,7,2.845,76.9,88.9,94.3,4.44,18,13.8,229.78,25.0,2,0
PCC_025,2025-09-08,77.4,229,15,18,2.958,75.3,95.5,90.4,4.52,21,10.5,244.57,23.8,1,0
PCC_025,2025-09-15,86.7,253,19,18,2.918,82.7,91.7,93.0,4.58,13,9.8,239.0,22.8,1,1
PCC_025,2025-09-22,90.3,237,15,11,2.622,76.9,90.2,95.2,4.45,18,10.3,225.81,26.3,3,2
PCC_025,2025-09-29,78.9,215,19,8,2.73,75.4,94.0,92.2,4.58,21,11.0,249.09,26.6,2,0
PCC_025,2025-10-06,85.9,231,17,15,2.693,83.8,89.5,89.1,4.57,27,11.1,235.71,22.7,0,1
PCC_025,2025-10-13,84.2,237,14,14,2.81,79.0,88.2,90.4,4.61,19,12.0,240.33,22.9,1,0
PCC_025,2025-10-20,81.5,221,20,10,2.708,80.6,89.9,96.5,4.56,23,11.9,216.29,24.9,2,0
PCC_025,2025-10-27,87.1,242,15,21,2.776,80.5,91.8,91.8,4.62,16,11.5,224.17,27.7,0,1
PCC_025,2025-11-03,78.1,190,13,9,2.439,78.2,90.4,93.0,4.57,22,12.1,218.49,25.7,1,0
PCC_025,2025-11-10,81.6,201,13,15,2.469,76.4,91.3,100.0,4.63,23,9.2,195.52,30.4,1,1
PCC_025,2025-11-17,77.2,206,17,16,2.673,79.3,93.5,95.7,4.49,15,7.9,227.51,23.3,1,1
PCC_025,2025-11-24,81.6,216,16,11,2.65,76.6,93.9,92.1,4.53,16,12.3,235.82,27.8,3,1
PCC_025,2025-12-01,89.1,236,12,8,2.651,78.3,96.0,91.9,4.34,17,11.4,238.68,26.8,6,1
PCC_025,2025-12-08,85.6,216,11,10,2.52,77.6,98.6,94.7,4.46,11,12.6,237.3,26.0,1,0
PCC_025,2025-12-15,78.7,202,12,7,2.561,79.7,92.3,86.0,4.56,21,10.6,216.97,23.8,3,1
PCC_025,2025-12-22,86.2,227,14,9,2.628,75.5,94.6,95.6,4.53,25,13.0,212.61,28.5,1,0
PCC_025,2025-12-29,84.3,235,13,14,2.784,80.5,90.6,90.6,4.5,32,8.9,214.27,24.9,2,1
PCC_025,2026-01-05,79.8,214,9,12,2.675,81.6,92.0,83.6,4.52,14,10.3,202.46,28.9,3,1
PCC_025,2026-01-12,79.6,217,18,9,2.724,79.9,90.9,86.1,4.52,23,9.6,211.68,23.6,6,0
PCC_025,2026-01-19,79.5,198,14,10,2.493,80.6,86.1,93.8,4.51,18,11.4,,24.8,0,1
PCC_025,2026-01-26,89.7,200,15,6,2.229,85.0,95.4,98.5,4.53,19,13.7,202.47,29.5,2,1
PCC_025,2026-02-02,81.2,196,7,10,2.412,79.7,91.2,94.7,4.44,23,12.4,243.3,23.3,2,0
PCC_025,2026-02-09,81.4,196,11,10,2.407,79.5,93.6,97.6,4.5,24,14.3,225.3,16.8,2,0
PCC_025,2026-02-16,77.0,198,13,5,2.567,81.3,94.2,88.0,4.41,17,10.6,238.23,21.0,1,2
PCC_025,2026-02-23,80.4,207,16,5,2.568,81.7,90.6,89.3,,22,11.3,205.03,17.2,1,1
PCC_025,2026-03-02,86.6,211,13,14,2.436,79.7,95.3,93.3,4.49,14,10.4,196.13,17.2,1,1
PCC_025,2026-03-09,85.3,224,13,11,2.621,82.1,94.6,88.3,4.38,23,13.4,213.47,21.1,2,0
PCC_025,2026-03-16,82.1,198,12,13,2.412,73.0,87.5,91.8,4.44,19,11.6,212.19,26.0,4,0
PCC_025,2026-03-23,80.0,211,18,10,2.631,82.5,94.5,90.4,4.56,29,9.9,216.91,21.0,2,0
PCC_025,2026-03-30,79.8,219,16,13,2.747,81.5,93.4,88.8,4.43,17,12.2,227.7,18.5,0,3
PCC_025,2026-04-06,79.6,209,14,7,2.624,78.7,89.9,91.7,4.47,21,11.8,247.16,20.1,2,0
PCC_025,2026-04-13,82.3,229,14,10,2.781,79.7,95.9,90.7,4.6,19,11.8,229.61,20.7,0,0
PCC_025,2026-04-20,87.8,236,9,15,2.687,86.2,93.3,90.7,4.45,12,10.4,243.39,21.8,3,0
PCC_025,2026-04-27,85.8,217,16,9,2.53,78.9,90.2,88.9,4.42,16,13.2,246.09,23.1,5,1
PCC_026,2025-05-05,201.8,611,20,27,3.029,76.2,78.9,83.8,4.75,41,10.8,293.11,33.7,2,0
PCC_026,2025-05-12,229.8,636,21,23,2.767,71.0,81.0,81.4,4.82,49,9.4,260.22,34.9,2,0
PCC_026,2025-05-19,207.7,577,50,21,2.78,68.4,87.3,81.8,4.61,41,7.5,265.94,31.5,2,2
PCC_026,2025-05-26,237.9,664,45,45,2.79,70.1,83.6,81.4,4.59,67,12.0,332.7,33.9,0,2
PCC_026,2025-06-02,240.0,693,51,70,2.886,65.6,81.1,77.3,4.76,60,9.5,278.21,36.3,0,1
PCC_026,2025-06-09,218.3,628,24,46,2.874,67.1,83.7,87.5,4.74,51,12.2,270.99,32.1,1,2
PCC_026,2025-06-16,220.8,651,52,15,2.948,75.0,85.4,82.6,4.69,52,11.9,275.94,37.5,1,1
PCC_026,2025-06-23,201.8,554,58,32,2.748,66.6,81.7,86.0,4.71,48,14.0,288.47,34.8,0,0
PCC_026,2025-06-30,233.8,760,42,33,3.249,74.7,86.6,80.2,4.74,66,10.4,290.41,33.7,0,1
PCC_026,2025-07-07,210.6,576,41,23,2.737,73.8,86.4,85.1,4.86,50,11.2,259.12,33.9,0,1
PCC_026,2025-07-14,218.6,552,47,28,2.524,79.2,80.5,88.5,4.65,50,13.0,299.69,31.8,0,1
PCC_026,2025-07-21,230.9,605,31,31,2.62,76.1,83.9,78.5,4.7,65,8.5,269.36,33.7,0,0
PCC_026,2025-07-28,228.0,596,47,23,2.613,69.8,82.3,89.9,4.68,53,9.2,284.51,33.3,0,0
PCC_026,2025-08-04,219.4,603,34,35,2.749,73.3,79.9,83.7,4.74,47,10.2,258.56,39.6,0,1
PCC_026,2025-08-11,215.2,559,40,32,2.596,75.1,82.9,78.5,4.71,53,9.7,264.71,31.1,4,0
PCC_026,2025-08-18,207.1,571,50,21,2.757,68.1,78.4,87.2,4.73,55,11.2,284.11,28.7,1,0
PCC_026,2025-08-25,218.6,626,52,23,2.864,68.9,81.0,78.8,4.8,64,8.2,264.88,34.4,3,1
PCC_026,2025-09-01,196.9,512,30,28,2.602,67.3,78.4,81.7,4.81,45,11.7,281.71,33.1,3,1
PCC_026,2025-09-08,226.9,644,46,42,2.837,71.4,82.6,87.1,4.82,70,11.3,279.84,34.0,2,1
PCC_026,2025-09-15,233.1,614,44,33,2.634,73.0,81.7,80.4,4.79,43,12.5,260.42,34.4,1,0
PCC_026,2025-09-22,207.9,502,31,25,2.417,68.1,86.6,84.6,4.75,49,8.9,267.49,31.5,1,0
PCC_026,2025-09-29,227.2,570,33,29,2.507,72.6,81.0,85.6,4.65,55,10.8,271.77,33.8,1,2
PCC_026,2025-10-06,210.9,557,28,21,2.64,67.7,81.4,86.2,4.69,35,10.6,277.29,29.2,1,1
PCC_026,2025-10-13,225.9,570,49,29,2.521,71.2,79.7,77.1,4.82,35,11.3,277.15,29.0,2,1
PCC_026,2025-10-20,222.9,572,36,25,2.567,71.9,81.2,78.4,4.83,56,12.5,274.84,33.9,2,0
PCC_026,2025-10-27,213.9,556,39,28,2.6,67.4,89.4,82.9,4.75,62,10.4,234.03,33.3,0,1
PCC_026,2025-11-03,214.4,530,45,23,2.473,71.1,82.1,78.2,4.7,44,13.4,272.73,36.9,2,1
PCC_026,2025-11-10,218.6,501,33,16,2.292,73.3,82.9,81.9,4.68,42,10.4,253.26,34.5,4,1
PCC_026,2025-11-17,224.2,564,26,17,2.513,70.4,87.4,81.0,4.79,49,12.5,265.47,34.4,3,2
PCC_026,2025-11-24,216.7,502,29,38,2.315,73.4,86.5,82.0,4.72,45,11.0,284.36,31.8,0,1
PCC_026,2025-12-01,227.0,596,40,21,2.627,73.7,84.2,80.6,4.78,39,14.8,237.76,31.7,0,0
PCC_026,2025-12-08,219.7,530,27,31,2.411,74.6,81.7,79.7,4.77,48,11.0,280.43,31.0,0,1
PCC_026,2025-12-15,208.2,525,45,20,2.522,73.9,83.4,77.5,4.75,49,14.2,267.24,34.6,2,0
PCC_026,2025-12-22,210.5,488,37,25,2.32,71.7,87.1,80.7,4.89,56,11.8,265.17,33.7,0,1
PCC_026,2025-12-29,225.1,575,23,38,2.553,71.5,84.5,81.6,4.86,51,11.4,253.41,31.6,2,0
PCC_026,2026-01-05,221.0,595,48,15,2.691,69.9,83.2,76.2,4.85,74,10.1,245.94,29.9,2,0
PCC_026,2026-01-12,225.2,592,42,35,2.628,72.3,84.4,80.4,4.71,53,11.0,238.37,34.9,2,1
PCC_026,2026-01-19,234.2,555,49,34,2.371,70.7,84.5,84.3,4.74,53,,243.47,38.1,3,0
PCC_026,2026-01-26,222.1,529,38,30,2.382,73.1,82.5,79.0,4.66,43,12.2,241.32,32.1,1,0
PCC_026,2026-02-02,214.4,536,28,24,2.499,70.3,84.0,77.5,4.73,36,11.1,271.22,34.0,1,2
PCC_026,2026-02-09,245.4,585,39,36,2.386,75.2,83.5,83.7,4.61,47,12.1,250.19,24.8,1,0
PCC_026,2026-02-16,210.0,504,25,28,2.399,70.6,86.6,84.1,4.74,48,13.1,243.88,31.3,1,1
PCC_026,2026-02-23,209.0,464,48,26,2.221,71.8,82.3,73.6,4.64,43,10.1,268.21,25.9,2,0
PCC_026,2026-03-02,226.1,533,47,31,2.357,72.5,84.7,77.8,4.65,58,10.7,257.77,25.1,0,1
PCC_026,2026-03-09,226.1,571,30,16,2.527,70.3,81.1,79.0,4.82,50,14.1,253.68,27.8,3,0
PCC_026,2026-03-16,195.5,433,31,27,2.213,69.3,84.5,83.2,4.8,37,11.9,253.98,24.8,2,0
PCC_026,2026-03-23,220.4,537,45,27,2.439,72.6,82.8,79.2,4.7,50,13.7,241.45,27.6,2,0
PCC_026,2026-03-30,238.9,625,24,29,2.615,72.2,83.3,81.2,4.7,58,12.1,254.47,24.4,2,0
PCC_026,2026-04-06,208.2,609,43,23,2.922,72.9,79.4,77.3,4.83,48,9.6,258.21,25.4,2,0
PCC_026,2026-04-13,220.9,557,38,31,2.52,71.7,84.0,82.4,4.71,56,9.6,258.13,25.9,6,0
PCC_026,2026-04-20,216.2,566,40,31,2.62,71.7,83.6,78.7,4.66,61,7.1,270.13,21.0,1,1
PCC_026,2026-04-27,241.7,635,41,26,2.626,70.3,86.4,80.2,4.85,56,10.1,256.06,27.2,0,2
PCC_027,2025-10-13,59.2,122,9,6,2.056,68.7,88.0,98.4,4.7,15,13.1,248.76,21.2,2,0
PCC_027,2025-10-20,65.1,138,5,9,2.118,74.2,86.6,93.2,4.65,12,11.4,251.91,25.0,2,2
PCC_027,2025-10-27,61.8,140,8,4,2.273,73.3,82.8,97.7,4.58,13,12.4,259.95,25.0,6,1
PCC_027,2025-11-03,67.4,148,7,8,2.199,78.0,85.9,100.0,4.73,12,12.5,224.79,29.3,2,1
PCC_027,2025-11-10,69.8,136,10,7,1.949,83.4,91.7,97.0,4.6,10,10.0,235.38,32.1,4,0
PCC_027,2025-11-17,69.2,170,11,12,2.457,76.4,89.0,97.8,4.65,10,14.1,227.24,28.3,3,0
PCC_027,2025-11-24,80.0,162,13,11,2.025,70.3,85.0,87.7,4.64,10,17.7,236.05,30.1,1,1
PCC_027,2025-12-01,78.9,175,16,14,2.216,75.5,81.5,96.5,4.57,16,13.6,248.5,29.4,0,1
PCC_027,2025-12-08,80.3,185,19,9,2.303,80.6,80.6,100.0,4.54,18,12.4,224.87,27.2,2,0
PCC_027,2025-12-15,78.9,172,6,7,2.186,74.7,81.2,95.4,4.72,13,13.7,235.61,33.5,2,0
PCC_027,2025-12-22,92.4,194,16,14,2.099,79.0,87.8,100.0,4.6,20,14.4,227.64,26.1,1,0
PCC_027,2025-12-29,89.0,191,14,7,2.149,77.1,89.0,98.3,4.63,18,15.9,262.48,32.4,0,0
PCC_027,2026-01-05,99.5,232,19,9,2.33,72.4,86.7,98.8,4.49,18,12.0,237.77,28.4,0,0
PCC_027,2026-01-12,81.8,196,14,12,2.39,76.1,83.6,100.0,4.53,15,15.9,238.61,25.7,1,1
PCC_027,2026-01-19,85.5,193,17,10,2.256,76.1,84.7,98.9,4.66,9,15.1,236.81,29.2,1,0
PCC_027,2026-01-26,96.5,220,14,7,2.283,77.1,85.9,100.0,4.68,18,14.9,254.17,30.8,2,1
PCC_027,2026-02-02,100.6,230,19,13,2.291,74.7,88.2,96.7,4.61,22,13.6,235.83,26.9,4,2
PCC_027,2026-02-09,105.7,226,9,11,2.141,77.1,81.0,97.6,4.69,23,15.0,248.74,24.4,2,0
PCC_027,2026-02-16,107.4,215,13,6,2.005,77.9,83.5,100.0,4.67,19,16.0,247.41,24.0,0,0
PCC_027,2026-02-23,108.7,246,19,12,2.264,75.2,86.4,93.8,4.51,29,12.9,228.73,25.9,1,0
PCC_027,2026-03-02,103.2,228,10,13,2.211,77.5,83.7,92.7,4.59,20,8.2,236.28,20.2,0,0
PCC_027,2026-03-09,107.0,247,21,20,2.311,77.5,86.9,100.0,4.58,20,17.6,250.19,20.6,4,1
PCC_027,2026-03-16,111.7,253,16,13,2.266,75.6,84.4,96.1,,25,12.1,249.2,23.0,2,1
PCC_027,2026-03-23,118.2,269,18,18,2.278,78.2,85.2,97.4,4.62,24,12.8,245.07,22.0,1,0
PCC_027,2026-03-30,110.3,271,20,18,2.457,77.4,85.4,96.4,4.72,23,13.9,243.48,23.0,3,0
PCC_027,2026-04-06,142.5,366,28,21,2.567,74.7,87.4,98.6,4.43,34,10.0,230.55,23.4,1,0
PCC_027,2026-04-13,122.5,287,22,17,2.34,73.4,84.5,97.2,4.59,18,8.6,241.08,22.2,1,0
PCC_027,2026-04-20,146.5,354,32,11,2.414,73.0,86.4,100.0,4.67,24,14.5,274.74,24.1,3,1
PCC_027,2026-04-27,124.8,271,16,14,2.176,77.0,83.3,99.2,4.6,25,14.6,247.24,20.4,2,0
PCC_028,2025-05-05,217.2,539,52,31,2.479,81.6,100.0,79.0,4.84,50,12.7,254.71,23.9,0,0
PCC_028,2025-05-12,186.2,522,52,24,2.802,83.0,95.8,80.7,4.79,44,14.1,290.35,21.6,1,4
PCC_028,2025-05-19,214.1,594,41,50,2.775,78.4,98.6,77.5,4.81,49,13.1,268.32,24.5,1,1
PCC_028,2025-05-26,187.1,453,33,18,2.419,84.7,98.8,72.4,4.8,39,19.2,269.64,25.9,1,2
PCC_028,2025-06-02,198.2,516,51,24,2.603,76.0,100.0,82.4,4.92,50,13.7,250.0,24.6,1,0
PCC_028,2025-06-09,192.0,509,41,34,2.649,76.1,100.0,75.7,4.87,56,18.4,272.74,19.8,3,0
PCC_028,2025-06-16,187.6,504,47,28,2.685,78.6,98.8,77.1,4.89,51,15.7,264.86,23.4,3,2
PCC_028,2025-06-23,181.2,511,30,34,2.82,82.3,94.6,76.6,4.7,38,16.1,278.26,25.0,1,0
PCC_028,2025-06-30,194.9,496,23,27,2.543,83.6,100.0,80.7,4.71,50,16.2,260.98,22.0,1,1
PCC_028,2025-07-07,198.1,545,35,38,2.753,77.8,97.3,76.3,4.76,49,16.9,303.82,22.2,2,0
PCC_028,2025-07-14,198.5,518,21,34,2.608,80.0,100.0,74.2,4.79,44,16.6,280.31,20.6,1,1
PCC_028,2025-07-21,192.1,494,26,32,2.572,82.8,100.0,73.8,4.75,45,14.0,263.93,25.5,1,0
PCC_028,2025-07-28,203.2,547,29,36,2.693,78.9,100.0,81.1,4.77,61,19.0,266.17,22.5,0,1
PCC_028,2025-08-04,200.6,549,49,23,2.735,77.3,97.6,80.3,4.78,49,14.0,271.63,25.4,1,0
PCC_028,2025-08-11,196.3,484,28,14,2.468,86.0,100.0,76.9,4.74,39,19.5,272.83,23.2,4,0
PCC_028,2025-08-18,184.9,485,37,27,2.624,72.4,99.0,76.8,4.76,69,14.1,265.21,24.5,2,0
PCC_028,2025-08-25,189.6,471,38,16,2.486,83.5,100.0,72.2,4.91,52,10.7,284.51,26.4,0,0
PCC_028,2025-09-01,201.3,502,27,32,2.493,73.4,97.2,77.2,4.8,42,15.7,264.8,26.9,4,1
PCC_028,2025-09-08,175.2,447,36,30,2.55,81.0,100.0,72.0,4.8,42,18.3,250.42,22.6,0,0
PCC_028,2025-09-15,196.5,498,23,26,2.535,80.3,100.0,83.6,4.81,50,17.3,278.05,27.1,2,0
PCC_028,2025-09-22,190.0,481,36,34,2.532,77.4,99.8,70.5,4.82,67,17.0,284.61,23.4,1,0
PCC_028,2025-09-29,197.9,579,43,23,2.928,83.7,98.0,76.2,4.74,49,19.6,288.84,23.8,3,0
PCC_028,2025-10-06,199.4,523,31,42,2.622,78.6,99.1,73.4,4.87,51,16.1,252.65,27.6,1,0
PCC_028,2025-10-13,194.4,434,24,21,2.232,77.3,96.0,79.8,4.7,45,14.4,,22.6,1,1
PCC_028,2025-10-20,223.4,562,53,14,2.514,82.8,96.8,89.1,4.69,52,9.9,269.61,24.1,2,0
PCC_028,2025-10-27,209.9,493,26,27,2.348,79.3,100.0,68.9,4.72,40,,251.67,26.4,0,1
PCC_028,2025-11-03,182.2,455,40,17,2.501,85.7,98.0,75.6,4.79,48,15.8,264.29,27.3,5,0
PCC_028,2025-11-10,192.5,445,27,21,2.31,86.0,99.8,76.8,4.89,48,13.7,241.34,28.5,3,2
PCC_028,2025-11-17,194.0,481,37,21,2.479,85.7,100.0,74.3,4.75,45,17.1,246.27,28.4,1,1
PCC_028,2025-11-24,187.6,492,34,14,2.623,83.7,97.2,79.8,4.68,35,12.4,269.96,23.7,1,1
PCC_028,2025-12-01,186.0,451,31,13,2.423,81.1,96.9,75.7,4.81,39,16.8,240.97,25.8,2,0
PCC_028,2025-12-08,193.5,477,52,17,2.467,85.7,98.7,78.4,4.73,53,14.3,275.65,24.8,1,0
PCC_028,2025-12-15,197.7,477,42,22,2.414,82.8,99.3,85.5,4.67,48,14.0,241.12,24.2,3,0
PCC_028,2025-12-22,197.3,405,22,18,2.055,84.1,100.0,80.5,,41,16.5,229.55,16.8,1,0
PCC_028,2025-12-29,190.4,455,39,20,2.391,81.7,98.8,75.3,4.67,38,15.9,243.32,23.3,2,1
PCC_028,2026-01-05,216.4,507,32,20,2.342,80.1,100.0,79.0,4.78,41,17.1,258.68,27.2,2,0
PCC_028,2026-01-12,188.6,392,40,17,2.08,83.6,97.9,72.0,4.73,22,12.0,250.07,22.8,1,0
PCC_028,2026-01-19,180.7,442,22,26,2.444,83.9,98.9,73.1,4.84,40,18.3,253.74,25.7,3,0
PCC_028,2026-01-26,189.5,442,23,23,2.335,82.3,99.0,75.2,4.86,36,13.0,263.05,26.5,2,2
PCC_028,2026-02-02,200.1,470,12,16,2.347,85.6,98.1,76.9,4.74,46,16.3,246.36,24.5,1,0
PCC_028,2026-02-09,191.9,444,35,25,2.316,82.5,99.2,74.2,4.74,46,19.6,275.8,21.7,1,0
PCC_028,2026-02-16,196.1,467,18,27,2.383,83.9,99.4,79.5,4.75,48,13.7,225.83,18.0,1,2
PCC_028,2026-02-23,203.3,485,17,40,2.384,85.6,97.7,76.4,4.81,30,16.5,254.88,17.4,2,0
PCC_028,2026-03-02,194.9,460,40,29,2.361,85.9,97.6,77.8,4.71,37,16.9,258.86,19.5,1,2
PCC_028,2026-03-09,210.4,501,27,31,2.381,78.2,99.0,83.2,4.83,51,14.2,253.93,15.3,2,0
PCC_028,2026-03-16,201.6,512,37,22,2.541,82.1,98.7,80.2,4.76,51,16.3,247.46,21.6,2,0
PCC_028,2026-03-23,194.7,468,34,27,2.402,83.4,98.9,73.6,4.81,50,18.4,244.59,20.8,3,0
PCC_028,2026-03-30,184.2,455,32,21,2.471,85.5,99.1,70.2,4.75,40,14.6,262.29,18.2,3,0
PCC_028,2026-04-06,202.6,535,56,31,2.64,84.4,98.6,77.4,4.79,48,16.1,264.37,20.4,2,0
PCC_028,2026-04-13,195.2,476,42,17,2.44,84.5,99.4,74.0,4.79,45,15.4,259.46,17.5,3,0
PCC_028,2026-04-20,186.9,482,43,26,2.579,83.2,99.2,82.5,4.61,55,18.4,263.55,18.9,3,0
PCC_028,2026-04-27,189.8,495,22,35,2.606,82.2,98.6,71.6,5.0,39,14.0,246.2,17.4,5,0
PCC_029,2025-09-22,59.2,145,11,9,2.441,87.0,90.0,81.9,4.42,14,8.0,262.35,20.2,4,0
PCC_029,2025-09-29,61.9,137,9,8,2.211,86.4,90.8,90.5,4.43,10,5.2,262.49,25.4,2,1
PCC_029,2025-10-06,70.0,163,13,10,2.323,89.3,90.7,87.6,4.33,16,9.8,257.41,19.6,2,1
PCC_029,2025-10-13,73.0,156,12,9,2.138,90.2,91.3,88.4,4.36,14,6.8,235.5,20.9,2,0
PCC_029,2025-10-20,72.1,186,19,2,2.58,89.4,90.6,86.7,4.31,10,7.7,236.79,22.5,5,1
PCC_029,2025-10-27,76.1,176,15,7,2.313,82.7,94.1,81.4,4.46,18,7.8,252.86,23.2,3,1
PCC_029,2025-11-03,71.4,138,9,11,1.937,88.9,88.1,83.1,4.4,17,9.2,245.88,22.4,2,0
PCC_029,2025-11-10,85.2,180,11,7,2.118,88.4,88.3,87.8,4.35,15,10.2,248.99,21.6,3,0
PCC_029,2025-11-17,81.4,169,10,9,2.076,89.3,87.4,89.6,4.38,24,10.7,219.98,21.7,0,0
PCC_029,2025-11-24,93.6,202,10,10,2.158,90.3,89.8,91.0,4.45,26,6.0,221.5,19.2,1,2
PCC_029,2025-12-01,90.3,215,15,15,2.384,88.8,90.2,86.8,4.38,20,8.0,252.86,21.0,3,0
PCC_029,2025-12-08,86.1,168,8,10,1.952,86.5,89.0,84.2,4.48,17,9.1,252.46,24.6,0,0
PCC_029,2025-12-15,104.4,224,14,16,2.147,87.9,89.8,90.7,4.45,19,8.1,236.83,24.7,1,1
PCC_029,2025-12-22,101.2,222,17,13,2.19,89.5,90.4,82.6,4.42,16,8.3,245.73,21.6,3,0
PCC_029,2025-12-29,97.8,204,12,10,2.089,90.2,88.6,89.4,4.53,15,10.3,241.27,26.3,1,1
PCC_029,2026-01-05,106.7,259,18,14,2.43,88.5,91.0,89.6,4.37,18,5.7,238.67,18.7,2,2
PCC_029,2026-01-12,104.5,224,12,9,2.144,85.8,87.5,85.7,4.29,20,8.5,251.95,24.5,0,1
PCC_029,2026-01-19,117.2,245,18,13,2.093,86.9,90.5,89.7,4.41,26,7.0,236.13,19.7,2,0
PCC_029,2026-01-26,118.6,259,19,4,2.186,90.7,83.6,92.2,4.38,21,9.2,250.13,23.3,0,1
PCC_029,2026-02-02,109.5,255,14,9,2.326,83.0,91.2,86.8,4.39,27,9.1,259.17,22.4,5,3
PCC_029,2026-02-09,122.1,283,21,11,2.32,86.1,87.9,92.1,4.41,21,6.4,237.28,19.7,1,2
PCC_029,2026-02-16,119.6,271,26,16,2.268,92.3,88.6,91.1,4.49,24,7.6,235.45,17.7,0,0
PCC_029,2026-02-23,124.3,303,21,18,2.436,87.4,87.8,87.7,4.45,24,6.8,254.36,16.5,1,1
PCC_029,2026-03-02,121.3,271,16,14,2.235,85.8,89.5,83.8,4.45,21,9.8,232.05,19.3,3,0
PCC_029,2026-03-09,122.5,278,21,5,2.267,88.2,89.2,91.9,4.39,24,9.2,252.22,20.2,1,1
PCC_029,2026-03-16,126.3,294,23,20,2.326,84.9,87.1,87.8,4.42,25,6.8,271.03,16.8,1,0
PCC_029,2026-03-23,127.3,307,29,16,2.414,88.4,87.3,87.1,4.48,38,7.3,273.13,20.8,3,0
PCC_029,2026-03-30,128.0,318,13,18,2.483,93.4,85.4,88.7,4.4,26,6.4,243.66,15.8,0,2
PCC_029,2026-04-06,135.6,325,19,18,2.4,85.1,91.7,79.0,4.52,24,6.9,277.26,18.8,0,0
PCC_029,2026-04-13,133.8,306,21,13,2.287,89.9,97.2,80.0,4.35,27,8.4,259.92,14.4,3,0
PCC_029,2026-04-20,146.4,375,25,10,2.56,88.9,87.3,86.9,4.52,33,7.5,222.67,14.4,1,0
PCC_029,2026-04-27,133.5,303,15,20,2.268,88.8,86.6,87.6,4.49,30,8.9,239.86,17.5,0,2
PCC_030,2025-10-13,92.6,227,17,14,2.456,80.4,90.8,88.0,4.54,29,17.5,288.84,24.9,1,0
PCC_030,2025-10-20,91.4,243,11,10,2.662,81.3,91.9,86.5,4.63,22,15.4,296.81,26.4,2,0
PCC_030,2025-10-27,90.8,224,13,7,2.465,78.5,91.3,80.9,4.5,14,12.7,258.17,25.3,1,0
PCC_030,2025-11-03,97.2,238,18,14,2.451,81.6,93.1,87.2,4.75,21,15.5,322.75,23.2,3,1
PCC_030,2025-11-10,102.3,253,19,17,2.471,80.3,91.1,88.7,4.59,23,12.9,297.95,24.5,2,1
PCC_030,2025-11-17,106.5,241,13,11,2.259,77.4,92.9,78.6,4.58,26,14.0,306.88,24.8,2,2
PCC_030,2025-11-24,108.3,254,12,18,2.343,85.6,91.2,82.6,4.49,20,18.5,282.23,25.4,2,3
PCC_030,2025-12-01,118.3,296,19,20,2.504,82.3,89.8,85.5,4.5,25,16.2,282.26,25.8,2,2
PCC_030,2025-12-08,129.9,292,23,26,2.252,81.1,94.9,83.1,4.76,27,14.2,300.89,27.3,1,1
PCC_030,2025-12-15,118.4,279,16,4,2.354,82.2,89.7,83.8,4.56,28,13.4,282.55,28.4,2,0
PCC_030,2025-12-22,128.6,281,16,10,2.182,81.1,94.3,82.3,4.52,29,10.8,294.44,25.9,0,1
PCC_030,2025-12-29,146.3,320,21,16,2.189,80.0,91.3,87.9,4.62,24,9.8,276.78,25.8,4,0
PCC_030,2026-01-05,142.4,341,23,20,2.391,80.7,92.0,81.8,4.53,21,10.3,288.83,24.5,1,0
PCC_030,2026-01-12,135.8,339,18,24,2.496,83.6,93.3,87.5,4.56,33,18.9,289.3,19.2,1,2
PCC_030,2026-01-19,143.3,313,26,16,2.184,83.0,91.6,87.4,4.57,25,12.5,286.3,21.4,4,1
PCC_030,2026-01-26,170.1,378,31,29,2.221,80.3,91.0,86.9,4.67,34,15.0,301.13,28.2,0,2
PCC_030,2026-02-02,156.9,404,26,22,2.577,80.3,94.3,87.1,4.64,30,13.0,283.07,27.2,1,0
PCC_030,2026-02-09,162.5,407,24,23,2.506,81.0,90.0,80.0,4.57,38,10.7,283.74,20.9,2,0
PCC_030,2026-02-16,165.7,406,31,24,2.451,77.8,88.8,86.7,4.54,44,17.2,280.92,19.8,4,0
PCC_030,2026-02-23,166.0,384,27,11,2.313,85.6,93.9,85.4,4.61,41,10.1,285.63,17.6,1,1
PCC_030,2026-03-02,167.3,431,36,21,2.579,79.4,94.3,78.5,,40,9.4,311.12,20.5,2,0
PCC_030,2026-03-09,200.4,490,35,30,2.447,79.0,91.1,89.5,4.75,40,15.0,283.39,20.7,2,0
PCC_030,2026-03-16,176.7,447,37,29,2.53,82.2,90.7,81.6,4.47,37,15.8,294.14,21.7,1,0
PCC_030,2026-03-23,174.4,450,35,31,2.582,82.0,90.3,84.9,4.62,33,15.6,277.42,22.6,0,1
PCC_030,2026-03-30,188.0,521,30,19,2.773,80.4,91.9,89.2,4.65,40,14.2,306.51,19.9,1,1
PCC_030,2026-04-06,183.2,516,45,39,2.818,82.2,89.2,84.2,4.59,45,14.3,304.9,18.0,3,2
PCC_030,2026-04-13,202.4,553,41,29,2.733,82.0,92.8,86.4,4.57,46,14.7,288.07,17.3,0,1
PCC_030,2026-04-20,192.1,495,24,12,2.578,81.2,92.5,83.3,4.6,35,13.7,323.06,22.2,1,1
PCC_030,2026-04-27,198.4,528,41,24,2.662,81.2,92.9,86.4,4.63,39,15.8,329.94,19.6,1,0
PCC_031,2025-05-05,95.5,210,20,14,2.196,87.8,83.7,82.6,4.5,10,3.7,273.41,18.3,0,2
PCC_031,2025-05-12,103.3,227,23,8,2.2,86.1,84.4,88.8,4.49,19,4.5,288.06,19.7,4,1
PCC_031,2025-05-19,107.8,241,20,12,2.234,91.3,85.6,81.4,4.36,24,3.2,262.74,19.7,0,1
PCC_031,2025-05-26,102.2,235,20,10,2.303,90.8,79.1,90.0,4.57,21,4.7,274.12,21.7,1,0
PCC_031,2025-06-02,95.4,246,18,16,2.581,89.5,86.5,84.5,4.41,36,3.9,292.96,19.7,2,2
PCC_031,2025-06-09,100.9,240,12,9,2.375,87.5,81.9,82.8,4.53,17,4.8,308.52,23.0,2,0
PCC_031,2025-06-16,100.7,226,15,14,2.242,88.3,79.8,82.0,4.48,15,4.4,283.27,17.2,0,0
PCC_031,2025-06-23,104.2,226,21,9,2.173,89.8,84.2,82.6,4.52,22,3.7,287.65,24.6,0,2
PCC_031,2025-06-30,98.9,218,18,13,2.205,87.3,85.8,81.0,4.39,24,3.5,296.98,21.6,2,2
PCC_031,2025-07-07,99.7,259,17,11,2.596,89.2,79.9,85.7,4.53,18,3.6,315.81,18.7,0,1
PCC_031,2025-07-14,96.9,248,20,16,2.559,93.6,79.6,82.8,4.5,24,4.4,306.48,21.7,5,0
PCC_031,2025-07-21,99.1,228,18,14,2.299,88.1,84.1,93.4,4.45,18,3.0,278.2,16.9,2,0
PCC_031,2025-07-28,95.1,209,15,10,2.202,85.0,85.1,89.3,4.44,16,3.3,304.36,22.0,0,1
PCC_031,2025-08-04,99.6,246,9,15,2.468,84.6,84.7,82.0,4.5,26,3.5,253.28,19.9,4,0
PCC_031,2025-08-11,87.1,193,11,12,2.215,89.0,86.5,84.2,4.53,14,4.0,297.18,20.9,1,0
PCC_031,2025-08-18,101.8,239,16,15,2.349,87.2,79.6,79.7,4.52,27,3.0,313.05,18.8,0,1
PCC_031,2025-08-25,108.5,247,11,16,2.273,89.7,80.8,90.4,4.48,29,4.1,267.71,19.3,0,1
PCC_031,2025-09-01,101.5,224,5,8,2.203,88.0,85.3,85.8,4.59,16,4.5,258.98,24.2,2,1
PCC_031,2025-09-08,101.6,236,12,11,2.324,86.8,89.9,79.3,4.55,20,5.1,280.06,17.9,0,0
PCC_031,2025-09-15,96.4,223,16,11,2.311,88.6,83.9,89.3,4.48,27,4.0,285.75,20.6,2,1
PCC_031,2025-09-22,93.2,224,16,19,2.397,91.6,88.0,87.1,4.59,21,3.6,282.84,17.7,1,0
PCC_031,2025-09-29,103.9,233,13,15,2.245,84.9,87.4,80.9,4.56,17,3.5,279.84,18.6,2,1
PCC_031,2025-10-06,101.0,270,18,10,2.671,86.5,83.4,85.0,4.59,16,3.6,263.53,21.2,1,1
PCC_031,2025-10-13,93.5,219,21,8,2.342,90.0,81.4,84.5,4.5,25,4.9,274.41,18.5,3,0
PCC_031,2025-10-20,99.3,231,18,13,2.33,81.6,82.2,84.3,4.47,31,3.5,278.63,19.5,0,2
PCC_031,2025-10-27,100.3,225,12,17,2.24,87.5,83.2,83.8,4.42,18,4.1,244.67,19.4,1,2
PCC_031,2025-11-03,98.1,238,24,15,2.423,84.1,82.7,82.0,4.4,21,4.5,263.01,14.2,2,1
PCC_031,2025-11-10,100.8,210,19,17,2.085,81.6,83.6,78.5,4.5,21,3.9,242.46,17.1,2,0
PCC_031,2025-11-17,93.3,211,14,14,2.261,83.2,82.1,87.9,4.41,14,3.4,253.85,18.6,3,0
PCC_031,2025-11-24,101.2,226,13,9,2.237,83.4,84.2,85.9,4.41,21,4.1,252.57,17.6,4,2
PCC_031,2025-12-01,94.8,205,15,11,2.162,85.6,86.0,87.8,4.45,16,3.7,261.66,17.5,0,0
PCC_031,2025-12-08,108.9,235,20,12,2.155,90.7,85.6,85.2,4.49,19,3.6,244.44,18.6,0,2
PCC_031,2025-12-15,96.2,212,12,19,2.209,91.7,82.6,87.5,4.45,25,3.1,246.42,18.6,2,0
PCC_031,2025-12-22,107.7,236,15,15,2.194,89.5,87.5,87.0,4.31,28,3.5,283.25,21.4,2,0
PCC_031,2025-12-29,101.2,213,18,10,2.102,87.0,82.2,84.3,4.41,13,4.1,276.33,19.1,3,0
PCC_031,2026-01-05,93.6,188,12,7,2.005,89.1,82.3,90.2,4.66,16,4.3,258.28,18.8,1,2
PCC_031,2026-01-12,101.0,210,14,11,2.084,83.4,82.2,82.1,4.32,16,4.8,254.63,18.9,1,1
PCC_031,2026-01-19,93.8,207,12,10,2.208,86.7,83.1,79.0,4.48,24,4.3,256.46,20.7,2,1
PCC_031,2026-01-26,104.4,235,17,13,2.252,92.6,83.7,89.4,4.47,15,2.7,257.79,22.7,1,2
PCC_031,2026-02-02,98.1,206,10,6,2.103,76.2,75.8,81.2,4.52,20,4.1,270.02,24.4,2,1
PCC_031,2026-02-09,102.8,206,18,13,2.007,85.9,84.4,85.5,4.31,16,3.5,265.84,13.4,2,0
PCC_031,2026-02-16,97.7,218,20,18,2.236,88.4,81.7,79.7,4.43,23,3.3,275.38,16.9,2,0
PCC_031,2026-02-23,100.8,210,10,15,2.081,82.8,81.5,89.6,4.6,17,3.8,272.54,15.8,0,1
PCC_031,2026-03-02,102.7,225,16,11,2.188,91.4,83.2,79.3,4.41,15,4.7,244.54,12.9,1,0
PCC_031,2026-03-09,97.9,196,15,11,2.005,87.9,80.1,84.1,4.63,20,4.1,291.62,14.9,1,1
PCC_031,2026-03-16,96.9,227,11,11,2.347,84.1,84.7,83.7,4.47,24,3.0,289.25,16.3,0,1
PCC_031,2026-03-23,93.7,207,13,17,2.205,86.6,81.2,86.5,4.54,15,3.4,260.12,17.6,2,0
PCC_031,2026-03-30,95.1,217,26,13,2.279,86.5,83.5,79.3,4.52,14,3.7,260.73,16.4,2,0
PCC_031,2026-04-06,104.7,255,14,16,2.431,79.5,80.2,78.4,4.57,19,3.9,280.71,16.0,0,0
PCC_031,2026-04-13,100.4,234,21,11,2.331,87.0,81.4,91.3,4.56,27,4.0,302.53,17.7,0,0
PCC_031,2026-04-20,108.8,236,9,13,2.168,88.4,83.4,84.6,4.54,20,4.6,261.75,11.9,1,1
PCC_031,2026-04-27,98.0,227,22,16,2.312,88.8,81.5,89.4,4.57,23,3.3,249.03,17.5,3,1
PCC_032,2025-06-09,78.4,200,16,8,2.548,85.5,98.5,89.0,4.48,16,13.9,209.71,22.6,4,2
PCC_032,2025-06-16,90.0,243,10,10,2.697,86.6,94.2,83.8,4.37,20,14.6,177.89,25.5,1,2
PCC_032,2025-06-23,91.2,261,22,15,2.861,83.1,92.5,83.4,4.46,23,12.7,180.0,20.4,1,0
PCC_032,2025-06-30,86.7,256,25,16,2.952,91.5,93.5,92.7,4.46,18,13.6,199.34,22.8,3,0
PCC_032,2025-07-07,100.7,277,23,16,2.748,90.1,92.6,84.7,4.35,25,13.8,210.0,21.0,1,0
PCC_032,2025-07-14,101.8,270,16,14,2.656,87.5,92.0,90.4,4.42,28,16.2,195.18,20.7,1,0
PCC_032,2025-07-21,103.7,262,13,12,2.525,84.4,91.2,90.9,4.41,21,8.1,216.11,22.2,2,2
PCC_032,2025-07-28,110.2,310,13,16,2.812,83.8,88.8,89.4,4.35,26,14.7,196.47,23.6,3,1
PCC_032,2025-08-04,118.9,339,26,14,2.853,86.9,92.9,87.4,4.47,26,17.8,198.62,22.4,2,1
PCC_032,2025-08-11,115.5,346,29,22,2.993,83.3,93.9,85.5,4.24,24,11.7,208.35,17.7,1,0
PCC_032,2025-08-18,122.7,341,20,15,2.781,90.3,94.7,83.3,4.33,31,12.3,210.55,20.4,0,1
PCC_032,2025-08-25,136.1,396,37,34,2.911,87.9,92.0,86.4,4.43,39,11.3,198.34,23.5,1,4
PCC_032,2025-09-01,140.8,380,30,15,2.698,84.8,91.5,86.9,4.37,45,14.0,189.73,23.8,0,1
PCC_032,2025-09-08,126.9,396,22,22,3.123,79.5,95.4,90.2,4.42,37,11.7,191.42,22.6,6,1
PCC_032,2025-09-15,138.5,374,30,20,2.703,87.3,93.8,89.7,4.36,37,12.3,207.67,20.1,1,1
PCC_032,2025-09-22,147.4,397,34,22,2.695,87.9,95.9,83.6,4.37,34,14.0,190.49,24.0,1,1
PCC_032,2025-09-29,135.4,378,44,13,2.788,86.9,94.9,83.5,4.3,29,10.6,197.09,18.9,1,1
PCC_032,2025-10-06,145.4,345,25,19,2.374,83.3,96.2,83.7,4.31,23,11.6,173.92,25.2,2,1
PCC_032,2025-10-13,151.5,402,37,20,2.651,82.1,93.2,86.5,4.41,39,13.3,186.93,25.7,0,0
PCC_032,2025-10-20,157.2,410,21,30,2.609,89.4,95.2,89.7,4.42,33,13.7,210.6,24.6,3,0
PCC_032,2025-10-27,156.4,436,36,24,2.787,79.3,92.9,91.8,4.25,39,11.6,188.0,18.3,4,1
PCC_032,2025-11-03,169.8,418,36,25,2.461,87.6,94.5,84.5,4.4,40,14.1,176.83,23.8,0,0
PCC_032,2025-11-10,166.2,443,37,21,2.668,89.6,90.6,89.8,4.5,32,11.6,180.46,26.3,2,0
PCC_032,2025-11-17,176.8,439,31,34,2.485,89.5,96.3,86.7,,37,12.9,185.04,20.1,2,3
PCC_032,2025-11-24,180.3,503,20,41,2.788,87.4,94.0,84.0,4.38,43,12.6,178.87,21.1,0,0
PCC_032,2025-12-01,185.7,502,32,29,2.706,86.9,90.5,84.7,4.43,34,16.7,195.01,24.3,3,1
PCC_032,2025-12-08,190.5,536,33,18,2.812,89.0,93.5,85.8,4.28,45,12.9,190.77,23.5,2,1
PCC_032,2025-12-15,192.6,471,30,22,2.447,92.0,88.9,89.7,4.37,32,13.9,194.77,23.4,1,0
PCC_032,2025-12-22,178.4,520,29,17,2.914,90.0,94.7,86.3,4.32,41,11.4,174.21,21.4,1,1
PCC_032,2025-12-29,188.2,520,29,21,2.762,86.4,90.1,87.8,4.55,37,13.0,170.05,23.9,3,0
PCC_032,2026-01-05,205.3,565,35,36,2.751,85.2,90.9,83.4,4.37,51,12.5,178.06,26.8,1,1
PCC_032,2026-01-12,177.7,413,20,24,2.326,87.9,93.1,83.3,4.42,40,11.0,190.43,19.6,1,0
PCC_032,2026-01-19,198.3,464,30,28,2.34,83.4,95.7,88.7,4.29,46,12.3,161.94,27.0,1,2
PCC_032,2026-01-26,187.7,439,21,27,2.34,86.1,92.6,91.3,4.33,44,14.2,164.2,23.8,1,1
PCC_032,2026-02-02,193.3,493,36,20,2.551,88.8,93.6,87.9,4.38,47,13.9,186.32,18.8,2,0
PCC_032,2026-02-09,188.5,527,38,42,2.798,86.2,91.6,84.1,4.39,44,14.2,173.6,15.4,2,1
PCC_032,2026-02-16,194.5,503,38,38,2.588,86.8,92.2,94.6,4.4,55,13.6,171.8,15.0,1,0
PCC_032,2026-02-23,179.4,518,33,24,2.888,89.4,90.1,88.9,4.39,43,10.1,194.11,15.7,5,2
PCC_032,2026-03-02,194.8,536,30,12,2.752,84.5,92.5,89.5,4.39,58,10.5,172.27,17.8,0,1
PCC_032,2026-03-09,196.7,538,21,21,2.735,89.6,93.6,88.5,4.45,48,11.4,174.72,19.9,1,0
PCC_032,2026-03-16,186.8,586,54,36,3.138,89.4,93.7,86.2,4.3,44,10.8,168.64,18.3,4,0
PCC_032,2026-03-23,174.2,481,38,22,2.763,85.1,90.8,86.1,4.36,44,14.7,176.99,18.5,1,0
PCC_032,2026-03-30,177.5,479,38,30,2.698,87.2,94.2,87.4,4.34,48,14.7,180.25,18.4,0,0
PCC_032,2026-04-06,196.0,614,68,6,3.134,89.4,92.9,91.4,4.41,53,12.5,179.54,14.7,1,0
PCC_032,2026-04-13,184.9,500,26,29,2.704,83.7,92.4,93.7,4.46,50,11.4,193.56,17.5,3,0
PCC_032,2026-04-20,175.8,580,32,31,3.298,87.6,90.2,83.3,4.41,52,10.7,183.22,18.3,0,0
PCC_032,2026-04-27,185.1,566,43,31,3.058,90.5,93.5,92.5,4.54,41,14.4,191.29,19.4,0,1
PCC_033,2025-05-05,216.6,659,15,20,3.041,81.5,95.4,76.0,4.73,49,9.6,301.86,24.4,1,1
PCC_033,2025-05-12,211.7,610,49,37,2.882,80.9,89.0,79.9,4.85,60,10.8,301.69,25.9,1,1
PCC_033,2025-05-19,229.2,620,58,28,2.707,81.0,93.6,80.2,,58,10.3,317.63,24.4,2,0
PCC_033,2025-05-26,248.4,685,51,36,2.759,78.4,88.8,74.5,4.83,64,10.0,304.38,24.7,3,0
PCC_033,2025-06-02,216.0,591,42,49,2.737,78.5,93.3,82.9,4.73,52,9.8,287.5,23.1,0,2
PCC_033,2025-06-09,242.5,644,24,40,2.655,80.4,95.9,78.4,4.8,63,9.9,305.41,22.6,3,1
PCC_033,2025-06-16,217.3,631,23,16,2.902,77.5,90.5,81.9,4.67,67,12.2,288.09,26.6,2,1
PCC_033,2025-06-23,215.5,626,38,36,2.907,70.2,93.5,78.0,4.75,55,9.6,323.37,25.3,4,0
PCC_033,2025-06-30,213.5,609,36,31,2.853,75.9,93.2,78.8,4.76,47,13.1,297.32,22.7,1,0
PCC_033,2025-07-07,232.3,636,44,34,2.737,82.1,99.7,75.8,4.88,51,11.3,324.92,27.1,1,1
PCC_033,2025-07-14,223.7,634,31,34,2.835,70.1,89.7,81.4,4.92,56,13.2,294.93,27.6,1,0
PCC_033,2025-07-21,228.1,624,34,23,2.737,75.0,98.9,80.4,4.68,59,8.8,323.28,24.3,1,0
PCC_033,2025-07-28,236.4,778,46,41,3.289,80.6,93.9,75.8,4.82,65,13.1,310.06,22.6,0,0
PCC_033,2025-08-04,238.7,679,34,27,2.844,79.1,95.7,73.8,4.74,46,12.4,312.23,23.1,0,1
PCC_033,2025-08-11,212.0,606,17,46,2.86,78.2,91.2,77.9,4.71,64,12.4,339.48,21.8,2,0
PCC_033,2025-08-18,196.5,536,24,19,2.727,74.0,93.9,78.8,4.71,45,10.6,303.45,23.2,3,0
PCC_033,2025-08-25,207.9,555,43,25,2.67,73.1,96.2,82.1,4.76,50,11.3,307.44,23.2,0,0
PCC_033,2025-09-01,237.4,654,59,49,2.755,77.9,96.7,79.6,4.9,55,10.0,312.62,22.6,1,0
PCC_033,2025-09-08,225.9,633,64,29,2.804,80.9,93.2,78.6,4.78,61,6.2,292.17,25.0,0,2
PCC_033,2025-09-15,233.7,664,45,46,2.842,73.9,90.5,78.5,4.74,64,11.4,325.29,26.7,3,0
PCC_033,2025-09-22,226.0,627,42,37,2.774,85.9,94.5,77.1,4.86,50,9.0,316.17,23.3,3,2
PCC_033,2025-09-29,225.0,613,57,37,2.724,76.0,95.2,80.3,4.84,61,11.4,321.4,25.6,1,0
PCC_033,2025-10-06,227.7,576,36,30,2.53,78.6,93.7,78.6,4.83,55,6.9,305.28,23.5,0,0
PCC_033,2025-10-13,227.5,651,47,22,2.863,80.2,92.6,72.2,4.8,72,10.0,257.01,26.2,2,3
PCC_033,2025-10-20,206.1,515,37,23,2.501,77.3,97.1,78.0,4.82,45,7.8,309.61,24.2,1,3
PCC_033,2025-10-27,220.2,613,30,24,2.784,80.7,88.1,78.7,4.95,66,11.2,304.12,25.0,0,1
PCC_033,2025-11-03,229.9,603,53,33,2.624,80.3,96.4,82.1,4.69,47,11.3,303.62,23.9,1,0
PCC_033,2025-11-10,216.6,574,46,22,2.65,83.0,94.2,77.1,4.71,55,8.7,273.24,20.6,1,0
PCC_033,2025-11-17,195.8,531,43,25,2.712,80.5,95.1,76.3,4.76,52,14.4,290.6,23.0,2,2
PCC_033,2025-11-24,211.7,498,28,28,2.351,78.3,95.1,80.9,4.74,50,10.3,296.64,24.0,2,0
PCC_033,2025-12-01,218.2,551,29,25,2.526,85.2,94.2,77.7,4.82,39,11.2,266.66,21.3,3,0
PCC_033,2025-12-08,234.4,529,25,9,2.255,84.2,98.6,80.5,4.68,44,13.1,267.62,23.2,2,0
PCC_033,2025-12-15,216.2,597,50,41,2.763,82.9,97.1,78.8,4.68,41,9.2,256.49,26.2,1,1
PCC_033,2025-12-22,217.9,588,43,23,2.699,81.3,95.4,77.1,4.77,78,12.0,290.09,23.6,0,2
PCC_033,2025-12-29,212.8,551,42,20,2.591,83.7,94.9,78.4,,48,12.3,288.73,23.6,1,3
PCC_033,2026-01-05,232.1,622,49,39,2.678,83.5,94.6,80.5,4.76,55,7.9,252.68,22.5,2,2
PCC_033,2026-01-12,241.0,629,33,38,2.611,82.0,95.1,71.5,4.9,56,11.7,284.54,30.1,2,1
PCC_033,2026-01-19,230.2,607,51,35,2.635,81.7,92.6,78.3,4.73,54,13.7,286.8,24.4,3,0
PCC_033,2026-01-26,230.9,651,39,46,2.819,81.3,94.9,71.0,4.72,56,11.0,267.92,25.6,4,0
PCC_033,2026-02-02,229.7,604,36,26,2.63,84.6,92.1,71.7,4.82,56,11.6,284.4,25.1,2,0
PCC_033,2026-02-09,229.1,572,25,31,2.498,80.5,93.8,75.5,4.78,49,10.4,278.02,18.7,2,1
PCC_033,2026-02-16,243.2,642,46,25,2.64,84.1,93.2,68.3,4.81,58,13.4,319.03,17.3,5,1
PCC_033,2026-02-23,222.6,552,56,24,2.481,80.1,97.1,76.1,4.74,49,8.3,301.03,19.4,0,0
PCC_033,2026-03-02,218.5,552,32,28,2.525,84.0,94.1,75.9,4.83,54,10.4,272.67,16.8,1,1
PCC_033,2026-03-09,212.9,557,46,20,2.618,83.7,97.0,72.9,4.78,52,12.0,274.11,18.0,1,1
PCC_033,2026-03-16,220.6,600,61,38,2.717,80.9,96.1,88.0,4.8,63,10.0,249.63,21.8,2,0
PCC_033,2026-03-23,218.3,589,40,33,2.699,83.6,95.5,75.6,4.72,40,7.8,308.54,19.3,1,0
PCC_033,2026-03-30,225.2,582,39,25,2.586,83.5,96.4,79.7,4.85,46,11.0,315.1,17.9,3,1
PCC_033,2026-04-06,208.8,559,37,29,2.678,87.6,94.9,80.8,4.77,50,11.4,290.13,20.8,1,2
PCC_033,2026-04-13,233.7,697,32,35,2.98,84.8,97.6,78.7,4.73,69,11.5,290.25,18.3,1,0
PCC_033,2026-04-20,210.4,542,34,20,2.577,81.3,95.1,69.8,4.74,50,11.9,293.47,19.0,2,1
PCC_033,2026-04-27,241.2,696,63,49,2.885,83.5,96.6,83.0,4.79,62,10.8,313.1,21.0,3,2
PCC_034,2025-11-24,64.2,142,7,6,2.21,79.0,95.3,85.8,4.7,12,16.7,268.74,27.1,0,0
PCC_034,2025-12-01,68.5,160,9,6,2.329,77.6,94.2,87.0,4.5,16,18.7,284.08,21.6,1,0
PCC_034,2025-12-08,76.6,167,10,6,2.18,77.9,93.9,78.3,4.67,18,13.4,253.66,26.7,1,1
PCC_034,2025-12-15,78.7,169,12,10,2.144,78.6,95.6,85.8,4.61,21,12.7,250.51,24.4,4,0
PCC_034,2025-12-22,70.6,152,13,5,2.154,74.5,92.2,91.0,4.8,19,14.7,257.31,23.5,1,2
PCC_034,2025-12-29,74.4,160,6,12,2.147,78.2,92.1,80.9,4.6,16,15.3,,27.0,0,0
PCC_034,2026-01-05,80.8,196,14,12,2.42,75.7,94.5,83.6,4.64,18,16.9,244.05,25.4,0,0
PCC_034,2026-01-12,84.6,214,14,6,2.529,78.8,94.8,78.2,,18,16.4,235.78,26.0,0,1
PCC_034,2026-01-19,94.4,225,20,14,2.379,78.4,91.1,89.0,4.62,30,11.9,243.0,30.2,1,1
PCC_034,2026-01-26,94.4,220,9,8,2.33,73.3,92.3,85.7,4.73,28,17.9,268.98,24.4,2,0
PCC_034,2026-02-02,92.6,219,15,11,2.369,72.7,92.4,80.0,4.58,28,16.9,236.83,24.5,4,0
PCC_034,2026-02-09,99.8,231,14,12,2.311,75.7,96.3,88.0,4.66,13,18.1,256.05,18.8,0,1
PCC_034,2026-02-16,105.6,241,11,13,2.278,76.4,96.2,81.7,4.7,24,18.1,250.21,19.6,2,1
PCC_034,2026-02-23,109.6,261,20,11,2.383,76.0,90.9,83.2,4.66,18,18.4,247.05,20.0,0,0
PCC_034,2026-03-02,101.4,254,15,17,2.503,77.5,93.5,85.2,4.72,20,9.6,253.73,20.9,0,1
PCC_034,2026-03-09,107.3,243,22,10,2.265,80.7,96.6,85.5,4.63,30,19.3,270.44,20.3,1,1
PCC_034,2026-03-16,110.6,263,23,9,2.375,75.7,90.4,83.9,,27,12.6,247.53,16.4,2,0
PCC_034,2026-03-23,123.2,285,10,12,2.316,75.6,96.0,82.3,4.66,30,15.8,276.37,21.9,1,1
PCC_034,2026-03-30,121.8,292,17,15,2.399,76.3,98.1,80.5,4.65,26,13.0,257.26,19.5,0,0
PCC_034,2026-04-06,121.4,316,22,12,2.602,74.5,94.7,78.3,4.67,27,16.6,255.42,20.4,1,1
PCC_034,2026-04-13,129.0,322,12,14,2.494,72.2,94.9,88.0,4.5,29,14.2,265.53,22.0,2,0
PCC_034,2026-04-20,126.9,328,17,11,2.587,78.7,95.8,77.3,4.63,33,16.5,267.61,21.3,0,1
PCC_034,2026-04-27,141.8,288,22,9,2.029,77.7,93.7,82.0,4.68,30,17.9,270.61,22.9,2,0
PCC_035,2025-05-05,126.6,301,29,25,2.377,71.9,94.8,90.0,4.59,35,16.9,289.96,23.1,0,1
PCC_035,2025-05-12,115.4,271,15,14,2.347,77.8,87.3,89.5,4.49,24,17.9,287.09,27.6,2,0
PCC_035,2025-05-19,127.9,305,16,11,2.387,80.6,90.6,85.4,4.49,31,14.1,298.61,25.9,2,1
PCC_035,2025-05-26,125.2,291,24,10,2.325,74.8,86.8,80.8,4.54,29,15.0,330.93,26.3,0,0
PCC_035,2025-06-02,130.5,331,29,14,2.538,83.0,87.2,89.1,4.7,26,14.6,307.98,25.4,1,1
PCC_035,2025-06-09,127.6,287,19,7,2.25,80.1,89.3,82.5,4.63,28,16.8,311.57,25.0,2,1
PCC_035,2025-06-16,121.1,288,17,18,2.382,77.9,86.2,95.0,4.6,26,17.1,313.32,23.7,0,0
PCC_035,2025-06-23,127.2,297,16,17,2.332,78.4,85.4,87.4,4.55,23,14.0,314.5,21.4,3,1
PCC_035,2025-06-30,130.4,313,19,21,2.396,81.3,86.0,92.4,4.64,34,13.1,323.57,22.3,0,0
PCC_035,2025-07-07,116.5,279,12,14,2.391,74.4,89.0,91.4,4.55,22,17.9,290.26,27.0,0,0
PCC_035,2025-07-14,139.5,330,15,16,2.369,81.0,86.8,84.2,4.6,31,16.9,291.42,25.1,1,0
PCC_035,2025-07-21,113.7,282,19,13,2.479,81.2,84.8,84.7,4.58,23,16.7,286.53,22.0,1,2
PCC_035,2025-07-28,129.3,318,28,13,2.461,81.1,92.0,84.1,4.53,34,16.0,296.18,21.0,4,2
PCC_035,2025-08-04,126.9,301,9,14,2.371,83.2,88.1,85.1,4.56,31,17.1,333.13,21.2,3,0
PCC_035,2025-08-11,134.4,299,15,18,2.222,75.9,85.8,87.0,4.59,39,13.3,302.66,24.2,1,0
PCC_035,2025-08-18,134.4,330,27,16,2.453,83.7,87.2,82.3,4.61,21,11.5,329.06,23.2,1,1
PCC_035,2025-08-25,135.9,343,26,10,2.52,76.7,89.3,89.5,4.53,28,14.5,324.01,23.9,0,1
PCC_035,2025-09-01,118.3,298,15,23,2.519,75.3,92.8,93.2,4.56,25,17.7,323.69,23.2,0,1
PCC_035,2025-09-08,131.7,310,13,10,2.352,88.5,85.6,88.8,4.54,26,14.3,284.48,21.3,2,1
PCC_035,2025-09-15,127.2,296,22,14,2.326,79.3,90.8,87.1,4.61,29,16.8,294.22,24.4,3,1
PCC_035,2025-09-22,122.6,288,18,15,2.352,75.7,87.6,85.6,4.68,32,16.4,279.29,23.3,2,1
PCC_035,2025-09-29,138.5,317,23,9,2.292,75.6,92.5,83.9,4.55,18,17.7,283.91,19.6,1,3
PCC_035,2025-10-06,124.2,276,15,14,2.219,75.3,92.0,88.7,4.6,24,13.8,303.2,19.8,2,0
PCC_035,2025-10-13,135.6,304,31,18,2.24,80.8,89.4,88.0,4.6,29,13.5,283.89,25.3,3,0
PCC_035,2025-10-20,123.4,284,20,16,2.303,75.4,89.5,86.0,4.56,26,16.0,277.0,24.8,2,2
PCC_035,2025-10-27,136.2,325,23,18,2.388,77.7,86.8,91.2,4.59,26,17.0,310.94,23.3,0,0
PCC_035,2025-11-03,121.8,244,20,13,2.0,80.7,88.8,83.8,4.58,32,15.8,270.03,27.2,3,0
PCC_035,2025-11-10,125.4,285,22,14,2.274,82.1,87.4,93.0,4.56,31,14.4,282.39,22.2,0,1
PCC_035,2025-11-17,117.4,283,14,12,2.408,77.5,89.5,89.4,4.47,28,16.6,275.6,22.1,3,1
PCC_035,2025-11-24,133.9,301,16,17,2.245,76.1,89.9,81.8,4.53,25,16.3,275.53,24.7,1,2
PCC_035,2025-12-01,133.3,294,16,12,2.203,81.5,87.2,87.2,4.55,29,12.4,288.2,21.8,2,0
PCC_035,2025-12-08,129.0,273,16,8,2.114,78.3,87.1,83.1,4.48,28,15.0,247.99,24.8,1,1
PCC_035,2025-12-15,121.9,262,19,9,2.148,75.3,87.6,87.1,4.57,18,13.5,255.59,20.1,1,0
PCC_035,2025-12-22,118.3,261,22,12,2.202,82.2,88.2,89.1,4.58,26,15.0,232.61,24.1,2,0
PCC_035,2025-12-29,128.7,264,10,16,2.048,81.4,89.7,88.2,4.67,22,,258.22,18.7,1,0
PCC_035,2026-01-05,132.3,288,27,7,2.174,78.7,91.5,87.9,4.46,22,16.5,270.39,26.1,2,1
PCC_035,2026-01-12,130.8,308,18,16,2.353,75.6,88.1,93.2,4.56,30,15.3,319.06,22.3,1,1
PCC_035,2026-01-19,133.8,285,23,14,2.127,82.5,82.7,86.9,4.57,29,11.1,268.13,21.4,1,4
PCC_035,2026-01-26,125.3,279,26,11,2.231,79.9,85.5,90.6,4.61,27,20.0,245.27,18.8,2,0
PCC_035,2026-02-02,125.1,279,20,6,2.233,76.5,87.7,87.8,4.51,31,15.2,238.5,26.8,3,1
PCC_035,2026-02-09,117.9,265,19,10,2.245,74.4,87.7,87.8,4.54,18,13.7,285.82,17.9,3,1
PCC_035,2026-02-16,127.2,279,20,3,2.195,82.5,83.5,89.5,4.51,22,15.1,274.49,17.5,0,0
PCC_035,2026-02-23,132.2,304,24,14,2.299,78.6,86.8,93.0,4.67,31,14.1,244.32,17.6,2,0
PCC_035,2026-03-02,121.8,305,17,18,2.503,79.1,84.4,84.2,4.68,25,10.1,281.28,17.8,3,1
PCC_035,2026-03-09,130.4,285,16,19,2.181,77.9,89.6,85.8,4.65,26,16.9,267.49,17.7,0,1
PCC_035,2026-03-16,130.5,344,31,15,2.639,77.9,83.4,99.1,4.62,38,14.8,316.51,18.6,4,0
PCC_035,2026-03-23,126.1,295,23,21,2.337,78.1,88.6,85.3,4.54,26,14.3,288.26,18.3,0,1
PCC_035,2026-03-30,119.2,299,21,10,2.509,79.2,88.6,88.3,4.71,22,14.4,268.88,16.3,0,0
PCC_035,2026-04-06,128.1,293,19,10,2.285,82.0,85.9,84.8,4.64,23,14.6,303.58,18.0,3,1
PCC_035,2026-04-13,122.0,290,9,17,2.38,80.6,86.9,92.3,4.64,24,19.9,319.47,16.9,3,1
PCC_035,2026-04-20,128.1,313,27,9,2.446,81.4,85.4,89.1,4.52,36,15.8,258.32,18.6,1,1
PCC_035,2026-04-27,138.6,324,17,17,2.341,78.0,83.3,89.7,4.63,25,15.9,274.56,20.2,2,1
PCC_036,2025-05-05,100.5,294,19,15,2.925,84.4,90.1,85.8,4.63,32,13.3,193.74,22.7,2,1
PCC_036,2025-05-12,98.7,276,17,3,2.793,85.8,92.4,90.1,4.69,29,12.2,224.9,19.9,2,0
PCC_036,2025-05-19,98.2,267,24,14,2.715,78.3,92.1,83.6,4.74,20,8.0,215.46,24.0,2,0
PCC_036,2025-05-26,98.4,270,21,11,2.747,84.8,97.9,83.9,4.77,18,14.5,227.46,22.6,2,0
PCC_036,2025-06-02,98.1,277,28,9,2.824,86.2,91.0,86.3,,32,13.8,227.34,17.5,0,0
PCC_036,2025-06-09,105.2,286,18,15,2.715,83.1,93.3,87.8,4.71,26,9.9,229.42,20.9,5,2
PCC_036,2025-06-16,86.2,261,13,4,3.033,86.2,93.6,90.7,4.58,24,10.0,208.89,22.2,3,1
PCC_036,2025-06-23,93.1,253,18,15,2.716,79.5,94.4,85.9,4.63,21,8.0,213.59,22.3,2,1
PCC_036,2025-06-30,97.4,283,17,16,2.901,77.0,93.5,89.8,4.64,29,10.1,242.45,21.7,1,1
PCC_036,2025-07-07,92.9,261,20,15,2.804,78.6,88.7,83.1,4.71,20,15.8,231.28,17.7,3,0
PCC_036,2025-07-14,106.0,294,26,8,2.771,85.5,90.0,89.8,4.73,21,10.1,228.82,23.7,4,0
PCC_036,2025-07-21,95.4,305,23,11,3.194,82.0,91.9,93.3,4.76,26,11.1,208.78,20.0,2,0
PCC_036,2025-07-28,107.0,312,18,21,2.918,82.0,91.1,94.6,4.67,38,15.6,206.09,28.5,0,0
PCC_036,2025-08-04,91.7,286,17,24,3.116,81.8,89.8,85.8,4.54,26,11.3,213.05,22.4,1,1
PCC_036,2025-08-11,93.7,262,18,13,2.796,81.9,93.9,81.0,4.77,21,12.8,219.0,28.5,1,1
PCC_036,2025-08-18,100.3,283,22,9,2.818,90.0,92.4,87.7,4.79,30,12.7,215.55,21.5,1,1
PCC_036,2025-08-25,104.5,280,17,6,2.677,79.1,87.1,82.2,4.82,15,13.7,217.89,24.7,2,1
PCC_036,2025-09-01,104.9,294,16,16,2.807,84.3,94.1,89.7,4.58,20,10.5,198.54,20.7,1,1
PCC_036,2025-09-08,94.9,275,10,10,2.893,82.2,91.7,87.0,4.7,36,10.6,214.31,22.0,3,0
PCC_036,2025-09-15,97.0,251,22,20,2.589,86.2,98.8,89.0,4.71,26,9.6,184.83,22.0,3,0
PCC_036,2025-09-22,99.4,310,13,19,3.121,86.1,91.3,86.6,4.64,22,9.4,227.71,20.5,1,2
PCC_036,2025-09-29,103.4,290,26,21,2.799,80.6,96.0,88.6,4.68,31,11.8,,21.4,2,0
PCC_036,2025-10-06,103.8,275,14,20,2.647,78.8,94.8,89.8,4.72,21,9.2,190.63,19.8,1,0
PCC_036,2025-10-13,91.9,257,25,14,2.797,88.0,93.5,89.6,4.7,18,12.4,206.12,20.4,0,0
PCC_036,2025-10-20,98.1,274,13,16,2.794,77.9,88.7,91.3,4.68,17,14.9,212.87,20.4,1,1
PCC_036,2025-10-27,92.2,247,17,8,2.675,79.5,89.8,85.5,4.63,21,11.5,223.19,20.5,1,1
PCC_036,2025-11-03,90.6,220,19,16,2.426,81.6,93.3,86.3,4.64,18,10.0,218.09,20.8,2,0
PCC_036,2025-11-10,103.3,273,23,15,2.638,77.7,89.4,90.2,4.73,22,13.1,194.2,25.5,1,0
PCC_036,2025-11-17,102.0,280,14,16,2.748,83.2,90.4,93.1,4.53,22,10.3,204.2,20.7,5,1
PCC_036,2025-11-24,98.3,252,17,15,2.563,87.8,89.5,87.2,4.59,25,10.0,183.24,23.0,1,0
PCC_036,2025-12-01,91.7,231,18,15,2.517,80.7,91.1,86.6,,20,13.8,189.49,22.8,3,1
PCC_036,2025-12-08,93.5,235,22,17,2.518,84.7,85.9,90.0,4.78,17,10.3,177.26,24.1,2,1
PCC_036,2025-12-15,94.3,250,16,10,2.651,81.1,94.1,87.0,4.71,20,13.3,195.71,21.0,1,0
PCC_036,2025-12-22,96.8,256,16,10,2.649,81.2,90.5,85.6,4.65,31,10.2,185.78,20.5,2,0
PCC_036,2025-12-29,99.2,253,23,15,2.551,81.8,91.7,90.3,4.62,26,14.4,183.3,23.5,1,0
PCC_036,2026-01-05,94.6,232,10,15,2.45,79.3,91.8,89.3,4.79,24,11.2,172.79,22.6,2,0
PCC_036,2026-01-12,104.0,259,21,19,2.489,80.4,92.1,87.6,4.72,21,12.1,212.55,21.4,2,2
PCC_036,2026-01-19,90.1,212,15,8,2.358,84.2,90.9,89.8,4.68,18,12.4,191.76,19.4,2,1
PCC_036,2026-01-26,104.3,283,24,11,2.715,77.7,93.7,89.5,4.68,28,12.1,215.07,21.5,1,0
PCC_036,2026-02-02,96.7,251,13,19,2.595,87.8,87.5,83.5,4.73,31,12.7,174.59,22.4,1,1
PCC_036,2026-02-09,97.4,250,15,22,2.57,84.5,90.0,90.6,4.74,20,14.9,215.09,18.2,2,0
PCC_036,2026-02-16,90.9,217,16,11,2.388,83.8,90.8,89.0,4.7,16,14.6,201.96,19.3,2,0
PCC_036,2026-02-23,94.8,237,16,19,2.495,82.3,92.8,88.4,4.62,25,15.5,217.42,18.0,1,1
PCC_036,2026-03-02,98.8,253,20,10,2.565,82.6,93.5,90.4,4.66,22,10.7,208.08,15.9,2,1
PCC_036,2026-03-09,102.3,246,19,15,2.402,79.4,93.7,88.8,4.69,21,9.5,185.12,19.0,4,0
PCC_036,2026-03-16,97.1,252,19,16,2.592,83.3,91.9,83.3,4.52,24,10.6,202.5,15.1,1,1
PCC_036,2026-03-23,97.0,249,16,18,2.571,82.4,92.2,95.3,4.61,20,14.6,203.62,18.0,1,1
PCC_036,2026-03-30,96.5,252,18,9,2.608,78.4,86.8,87.3,4.66,20,13.8,204.14,16.6,3,0
PCC_036,2026-04-06,101.3,287,15,22,2.837,76.3,91.4,84.2,4.72,29,14.0,215.32,17.0,3,0
PCC_036,2026-04-13,96.4,256,25,11,2.655,81.8,88.5,87.0,4.57,27,14.6,217.32,18.4,3,2
PCC_036,2026-04-20,104.5,339,30,19,3.24,84.4,91.6,90.8,4.66,31,11.0,213.74,18.6,2,1
PCC_036,2026-04-27,96.1,256,26,15,2.664,85.2,88.7,92.4,4.51,19,14.4,214.04,18.0,2,0
PCC_037,2025-05-05,80.2,188,17,9,2.349,86.1,86.0,86.5,4.42,16,9.4,266.17,24.6,1,1
PCC_037,2025-05-12,85.8,206,15,11,2.404,85.8,93.2,77.5,4.66,16,7.1,243.93,24.7,0,0
PCC_037,2025-05-19,82.7,193,13,15,2.334,91.3,88.4,84.7,4.54,11,7.6,253.61,27.6,6,0
PCC_037,2025-05-26,84.2,208,17,13,2.47,92.1,87.2,85.4,4.48,15,6.0,253.73,28.0,1,1
PCC_037,2025-06-02,80.9,186,9,6,2.304,87.5,83.0,79.9,4.56,17,8.8,249.16,24.1,2,1
PCC_037,2025-06-09,88.5,198,17,15,2.241,90.9,94.1,76.8,4.55,10,8.8,231.78,21.9,2,0
PCC_037,2025-06-16,76.7,179,15,8,2.328,95.3,85.3,89.8,4.48,9,8.0,230.65,22.6,1,0
PCC_037,2025-06-23,80.5,161,8,6,1.995,89.3,86.1,91.4,4.51,16,8.8,244.67,25.2,1,0
PCC_037,2025-06-30,83.1,199,17,9,2.399,92.1,91.3,82.3,4.54,14,6.8,267.5,26.7,3,0
PCC_037,2025-07-07,87.3,199,18,9,2.274,90.3,88.3,82.0,4.52,22,7.9,265.98,26.0,0,0
PCC_037,2025-07-14,81.9,206,19,11,2.521,86.9,85.1,81.9,4.43,14,8.0,239.84,25.0,2,1
PCC_037,2025-07-21,83.7,182,9,12,2.175,88.3,87.4,89.4,4.5,12,10.0,249.76,23.2,2,0
PCC_037,2025-07-28,85.3,218,13,12,2.55,97.5,93.7,81.7,4.51,24,6.9,227.68,23.5,2,0
PCC_037,2025-08-04,79.7,173,15,8,2.164,87.4,89.7,80.7,4.49,19,6.7,263.27,25.7,3,0
PCC_037,2025-08-11,89.1,217,12,18,2.436,93.6,83.0,84.6,4.62,23,7.9,262.55,21.0,0,0
PCC_037,2025-08-18,82.9,178,9,9,2.152,89.2,84.1,82.1,4.46,16,7.2,220.86,20.9,0,0
PCC_037,2025-08-25,77.2,176,5,10,2.284,95.6,89.4,76.8,4.53,16,7.4,218.23,24.7,4,2
PCC_037,2025-09-01,82.8,180,6,10,2.178,92.2,89.3,80.7,4.39,16,6.9,225.43,25.9,0,0
PCC_037,2025-09-08,89.2,211,11,10,2.364,92.0,86.8,83.5,4.47,17,5.5,246.44,19.9,4,1
PCC_037,2025-09-15,82.6,170,11,9,2.062,89.8,85.1,79.1,4.5,20,9.5,243.24,22.9,0,0
PCC_037,2025-09-22,88.7,187,10,6,2.113,90.1,90.8,88.0,4.57,18,7.9,237.84,25.2,1,0
PCC_037,2025-09-29,86.3,220,16,9,2.55,88.6,82.1,85.5,4.36,15,8.9,240.06,25.0,0,0
PCC_037,2025-10-06,89.3,184,9,7,2.061,88.8,92.2,81.9,4.53,17,7.6,240.29,25.1,3,1
PCC_037,2025-10-13,88.4,192,12,9,2.172,93.7,93.6,81.4,4.47,19,7.6,225.6,24.4,4,0
PCC_037,2025-10-20,90.6,217,16,10,2.395,91.0,91.0,90.2,4.44,24,7.2,237.85,30.2,3,3
PCC_037,2025-10-27,87.0,198,14,11,2.279,90.7,85.2,87.1,4.52,16,7.8,246.52,20.8,1,0
PCC_037,2025-11-03,83.9,180,13,9,2.142,88.1,91.4,80.1,4.66,19,7.2,236.09,23.1,2,0
PCC_037,2025-11-10,83.6,175,12,8,2.087,87.1,92.1,86.7,4.56,14,6.5,221.53,22.7,4,1
PCC_037,2025-11-17,80.9,177,13,11,2.186,90.2,90.2,83.8,4.46,24,7.0,255.62,23.7,3,2
PCC_037,2025-11-24,80.2,173,14,8,2.161,83.9,93.1,87.1,4.42,16,5.6,215.33,20.5,4,2
PCC_037,2025-12-01,87.2,193,16,6,2.21,87.9,88.7,82.8,4.4,18,10.3,205.43,21.1,2,1
PCC_037,2025-12-08,76.8,162,13,9,2.107,85.6,94.3,76.5,4.44,14,,215.32,23.2,0,0
PCC_037,2025-12-15,78.0,167,13,8,2.137,89.0,88.6,83.2,4.63,11,7.5,217.21,21.6,2,0
PCC_037,2025-12-22,79.4,175,8,10,2.199,91.7,90.2,83.0,4.62,15,7.8,237.81,26.3,2,1
PCC_037,2025-12-29,78.5,169,15,8,2.15,85.4,91.4,78.0,4.36,17,4.1,227.38,21.6,1,0
PCC_037,2026-01-05,77.6,173,12,11,2.231,87.3,95.2,85.0,4.6,6,7.5,202.77,27.9,1,2
PCC_037,2026-01-12,91.4,183,14,12,2.005,88.1,92.8,79.3,4.44,18,7.7,211.13,26.8,0,0
PCC_037,2026-01-19,86.9,197,11,11,2.261,87.6,89.9,83.0,4.5,13,8.4,227.06,24.1,1,0
PCC_037,2026-01-26,80.6,167,12,10,2.074,82.1,96.1,86.5,4.53,13,6.1,210.34,24.8,2,0
PCC_037,2026-02-02,82.5,160,10,12,1.941,88.2,95.9,80.7,4.62,19,9.2,217.72,26.5,1,0
PCC_037,2026-02-09,77.4,163,7,11,2.11,88.0,90.0,85.3,4.4,20,8.6,226.16,15.5,1,1
PCC_037,2026-02-16,82.0,174,13,8,2.127,85.4,90.7,81.9,4.52,18,5.2,227.05,19.5,1,0
PCC_037,2026-02-23,80.7,178,5,9,2.205,83.3,88.1,79.4,4.4,24,8.1,219.42,17.3,1,0
PCC_037,2026-03-02,88.8,178,6,7,1.999,87.6,83.6,84.1,4.33,17,5.8,208.38,17.1,1,0
PCC_037,2026-03-09,83.7,180,16,8,2.148,85.9,90.7,87.5,4.48,16,8.9,222.03,19.5,4,0
PCC_037,2026-03-16,86.6,186,9,9,2.143,79.4,94.1,79.9,4.59,18,8.3,258.79,21.5,1,0
PCC_037,2026-03-23,84.6,184,13,10,2.174,88.9,91.3,80.9,4.42,24,8.9,208.69,17.5,1,0
PCC_037,2026-03-30,80.1,171,11,8,2.134,83.3,89.3,85.4,4.55,18,6.9,232.39,19.4,3,0
PCC_037,2026-04-06,87.1,197,13,9,2.264,86.8,89.6,84.6,4.44,14,8.2,231.39,21.8,2,1
PCC_037,2026-04-13,81.4,171,10,7,2.105,89.3,88.4,88.7,4.5,12,6.7,240.5,19.7,1,1
PCC_037,2026-04-20,79.5,182,15,9,2.292,86.7,89.9,79.0,4.49,12,6.6,247.15,23.0,1,2
PCC_037,2026-04-27,77.3,175,10,9,2.258,85.8,89.1,83.6,4.6,17,9.2,251.68,21.1,1,0
PCC_038,2025-05-05,169.5,363,23,16,2.14,76.4,91.4,76.5,4.86,26,10.2,263.48,22.6,1,0
PCC_038,2025-05-12,162.6,418,37,23,2.569,89.7,89.1,87.1,4.78,35,11.4,281.46,26.2,1,1
PCC_038,2025-05-19,163.9,379,23,29,2.314,77.5,91.9,79.8,4.79,33,10.0,304.55,22.8,1,0
PCC_038,2025-05-26,174.9,430,20,39,2.459,74.8,93.9,86.4,4.76,44,13.0,278.67,27.4,1,2
PCC_038,2025-06-02,172.8,434,38,26,2.51,82.2,94.4,78.5,4.74,44,10.1,261.24,25.1,2,1
PCC_038,2025-06-09,165.9,420,37,21,2.534,80.7,87.2,86.5,4.92,44,7.4,270.79,21.3,1,0
PCC_038,2025-06-16,177.7,398,21,30,2.238,77.7,86.3,82.3,4.7,43,12.9,259.04,26.1,0,1
PCC_038,2025-06-23,158.2,379,32,12,2.397,79.4,84.9,89.9,4.64,39,9.3,286.6,26.4,0,0
PCC_038,2025-06-30,187.4,470,38,20,2.507,84.8,100.0,89.9,4.79,48,10.6,287.45,26.1,2,0
PCC_038,2025-07-07,164.0,422,31,14,2.574,76.1,91.9,80.0,4.64,45,10.9,298.91,28.9,1,0
PCC_038,2025-07-14,169.5,420,30,16,2.481,79.5,85.9,86.6,4.79,44,10.3,300.84,25.6,1,1
PCC_038,2025-07-21,174.9,488,39,32,2.791,84.7,90.3,82.4,4.58,42,12.1,279.39,23.3,2,0
PCC_038,2025-07-28,165.6,402,24,32,2.428,86.7,90.1,85.9,4.64,39,8.5,288.11,23.7,2,0
PCC_038,2025-08-04,163.9,401,22,22,2.448,79.3,92.2,81.1,4.83,42,8.7,282.76,25.8,2,1
PCC_038,2025-08-11,146.4,397,39,21,2.71,80.1,93.0,84.7,4.79,32,12.5,293.56,22.9,1,0
PCC_038,2025-08-18,173.5,435,34,21,2.506,82.7,88.7,83.6,4.69,38,10.2,274.24,27.8,2,1
PCC_038,2025-08-25,166.1,393,35,21,2.367,75.4,91.8,86.8,4.7,29,11.8,281.48,22.1,1,1
PCC_038,2025-09-01,169.6,420,28,24,2.479,84.8,86.5,83.8,4.87,35,9.3,,25.9,1,3
PCC_038,2025-09-08,171.6,420,18,16,2.45,86.0,85.6,85.8,4.63,45,12.0,295.59,26.5,1,1
PCC_038,2025-09-15,176.5,442,33,24,2.504,79.7,89.6,86.4,4.69,46,9.6,287.9,27.3,1,1
PCC_038,2025-09-22,187.8,444,27,27,2.366,85.5,85.4,85.0,4.73,43,11.0,315.19,28.9,2,1
PCC_038,2025-09-29,174.4,394,26,17,2.257,85.7,86.6,87.7,4.75,26,8.7,290.05,28.8,1,1
PCC_038,2025-10-06,180.6,429,9,20,2.373,83.9,93.5,84.8,4.79,37,9.6,257.21,26.8,1,0
PCC_038,2025-10-13,171.9,388,23,19,2.256,77.5,89.9,83.7,4.85,35,11.1,254.76,26.7,4,0
PCC_038,2025-10-20,166.4,380,14,23,2.281,83.2,88.5,83.8,4.76,29,11.4,278.52,24.6,1,0
PCC_038,2025-10-27,170.4,391,17,14,2.292,89.2,89.4,80.0,4.85,35,,296.53,25.2,1,0
PCC_038,2025-11-03,180.5,429,31,37,2.375,82.2,87.4,87.1,4.84,42,11.8,254.08,22.4,2,1
PCC_038,2025-11-10,176.6,415,33,19,2.351,85.5,88.0,84.5,4.72,31,13.6,273.92,28.7,3,1
PCC_038,2025-11-17,172.4,344,27,24,1.993,88.5,89.3,88.6,4.81,27,11.1,265.51,23.0,1,0
PCC_038,2025-11-24,184.7,368,4,19,1.993,83.2,85.2,82.0,4.89,38,12.4,241.4,29.0,4,0
PCC_038,2025-12-01,172.8,368,26,10,2.129,82.0,87.9,81.1,4.76,38,12.3,253.87,25.8,0,2
PCC_038,2025-12-08,175.1,408,32,15,2.331,85.9,88.9,86.7,4.75,34,11.2,260.02,27.3,2,0
PCC_038,2025-12-15,172.1,387,33,31,2.246,81.6,88.5,82.1,4.69,40,12.6,287.62,27.0,2,1
PCC_038,2025-12-22,181.1,390,28,19,2.154,83.9,86.5,82.6,4.74,39,9.5,278.29,24.4,1,2
PCC_038,2025-12-29,177.2,357,9,10,2.016,81.0,89.4,91.5,4.71,32,9.8,242.86,25.4,3,2
PCC_038,2026-01-05,186.8,409,22,4,2.191,83.2,87.9,80.5,4.76,38,12.1,277.14,26.3,4,1
PCC_038,2026-01-12,177.9,391,26,19,2.197,83.6,89.5,77.8,4.81,39,14.2,258.02,25.3,0,1
PCC_038,2026-01-19,177.7,362,21,15,2.039,83.2,88.8,86.6,4.8,37,8.7,266.75,26.8,1,1
PCC_038,2026-01-26,177.2,410,21,17,2.312,86.7,88.1,90.1,4.81,31,10.5,246.1,27.7,1,1
PCC_038,2026-02-02,185.8,408,28,37,2.199,81.4,87.7,87.6,4.75,35,10.1,230.61,25.0,0,1
PCC_038,2026-02-09,174.8,380,20,26,2.176,83.6,86.7,85.4,4.72,26,9.8,285.5,20.7,4,1
PCC_038,2026-02-16,178.6,431,36,22,2.412,86.5,89.7,83.2,4.73,34,7.3,270.79,20.9,0,0
PCC_038,2026-02-23,185.4,421,19,35,2.272,84.9,86.4,81.5,4.66,33,13.8,264.94,18.4,1,0
PCC_038,2026-03-02,176.2,388,26,20,2.204,80.9,88.0,88.3,4.81,40,12.5,265.94,24.0,2,0
PCC_038,2026-03-09,173.3,426,32,26,2.455,82.7,90.1,85.3,4.83,35,12.7,305.39,17.3,3,0
PCC_038,2026-03-16,181.7,452,23,6,2.489,84.2,88.5,87.8,4.69,36,11.1,259.16,19.8,0,0
PCC_038,2026-03-23,159.0,396,17,17,2.493,87.6,85.2,87.8,4.7,38,9.8,267.18,19.2,1,1
PCC_038,2026-03-30,185.9,438,30,26,2.358,83.1,86.0,84.4,4.72,36,8.2,259.83,21.4,1,0
PCC_038,2026-04-06,175.1,398,25,33,2.272,83.9,85.8,86.5,4.82,42,7.5,301.41,19.0,4,0
PCC_038,2026-04-13,166.5,360,21,17,2.163,82.3,87.9,78.3,4.77,34,10.5,267.73,17.5,2,0
PCC_038,2026-04-20,172.5,389,39,19,2.254,85.7,84.7,83.9,4.54,40,10.5,276.87,21.1,0,1
PCC_038,2026-04-27,188.0,491,28,13,2.611,82.0,87.8,87.6,4.77,54,10.2,286.51,16.6,3,0
PCC_039,2025-05-05,140.9,345,23,17,2.449,88.1,86.2,72.5,4.4,29,8.0,285.33,21.3,1,2
PCC_039,2025-05-12,145.4,346,19,18,2.382,84.8,80.9,72.7,4.39,36,9.8,266.75,19.6,3,0
PCC_039,2025-05-19,147.0,353,8,21,2.399,86.4,85.5,75.6,4.35,39,8.2,307.96,21.2,2,0
PCC_039,2025-05-26,158.7,398,26,33,2.507,91.3,77.7,85.5,4.44,39,8.0,284.61,15.9,2,0
PCC_039,2025-06-02,149.7,356,25,16,2.377,89.0,84.6,75.2,4.34,35,8.3,307.26,20.3,4,0
PCC_039,2025-06-09,146.5,341,19,13,2.325,85.7,89.5,76.2,4.38,27,6.0,288.75,21.3,3,0
PCC_039,2025-06-16,135.6,326,19,18,2.402,86.0,79.1,72.3,4.48,26,7.2,271.61,19.8,2,1
PCC_039,2025-06-23,150.8,395,25,23,2.622,89.3,87.5,76.3,4.55,29,9.1,289.13,22.9,2,1
PCC_039,2025-06-30,149.4,366,31,14,2.448,85.5,85.3,75.7,4.39,27,8.2,286.01,21.5,4,3
PCC_039,2025-07-07,148.2,346,25,23,2.338,90.6,90.3,69.9,4.56,30,8.7,285.25,23.2,3,0
PCC_039,2025-07-14,148.5,376,44,9,2.53,89.6,83.1,81.6,4.24,36,8.0,239.77,17.4,1,0
PCC_039,2025-07-21,127.2,298,26,14,2.341,90.3,80.7,76.1,4.58,26,5.8,311.31,20.3,1,1
PCC_039,2025-07-28,143.8,333,20,10,2.313,82.9,86.3,77.6,4.41,26,6.0,257.74,17.0,0,1
PCC_039,2025-08-04,157.5,361,14,22,2.293,88.6,83.5,74.3,4.46,31,8.2,296.4,20.6,1,1
PCC_039,2025-08-11,140.4,329,25,7,2.344,80.6,90.7,81.3,4.52,24,6.3,299.89,27.9,5,1
PCC_039,2025-08-18,149.6,369,33,17,2.465,85.0,90.5,74.2,4.41,30,7.4,265.1,19.4,2,0
PCC_039,2025-08-25,146.1,356,20,29,2.438,82.2,81.7,78.5,4.41,42,7.9,299.72,16.6,2,1
PCC_039,2025-09-01,134.3,328,21,17,2.439,84.4,84.8,72.9,4.24,28,7.1,323.44,19.1,1,4
PCC_039,2025-09-08,137.5,332,18,19,2.418,85.0,91.3,78.4,4.57,32,9.1,298.83,23.2,1,2
PCC_039,2025-09-15,141.5,337,24,16,2.381,89.2,83.4,79.9,,27,6.9,268.88,21.5,1,1
PCC_039,2025-09-22,145.6,323,20,23,2.22,84.0,86.5,75.9,4.32,24,7.4,326.7,17.7,1,1
PCC_039,2025-09-29,152.0,380,23,16,2.5,80.6,82.8,79.4,4.42,37,7.7,272.91,20.3,1,1
PCC_039,2025-10-06,139.7,302,18,12,2.158,82.7,84.7,83.1,4.5,21,6.7,292.54,19.9,0,2
PCC_039,2025-10-13,146.7,324,25,12,2.207,84.1,86.7,74.1,4.45,27,7.6,314.84,18.5,1,2
PCC_039,2025-10-20,138.3,319,27,15,2.305,87.7,88.4,74.6,4.38,22,6.9,256.07,18.6,1,0
PCC_039,2025-10-27,139.3,308,26,21,2.213,84.3,92.5,82.2,4.46,27,7.0,315.59,23.8,1,0
PCC_039,2025-11-03,136.6,344,30,25,2.515,83.8,85.1,72.7,,31,7.2,306.17,19.1,1,1
PCC_039,2025-11-10,138.7,304,29,11,2.191,85.3,86.9,77.8,4.35,26,7.3,264.6,18.8,2,1
PCC_039,2025-11-17,142.5,310,18,17,2.179,86.7,82.8,79.8,4.4,23,9.9,291.17,20.0,4,1
PCC_039,2025-11-24,132.5,298,16,18,2.246,87.4,83.4,81.3,4.48,30,6.4,276.36,19.0,2,2
PCC_039,2025-12-01,145.5,357,20,21,2.456,86.1,85.0,76.7,4.33,31,7.3,270.84,19.1,3,1
PCC_039,2025-12-08,146.1,334,17,13,2.286,83.1,84.8,75.1,4.4,24,5.3,236.03,22.7,1,0
PCC_039,2025-12-15,140.9,307,29,11,2.18,86.5,86.0,75.7,4.38,18,6.5,272.4,21.6,1,0
PCC_039,2025-12-22,157.0,339,20,22,2.159,85.1,85.5,81.1,4.46,22,8.5,275.51,20.8,2,1
PCC_039,2025-12-29,138.7,308,25,17,2.223,81.7,88.4,69.9,4.35,31,8.8,270.82,23.7,3,0
PCC_039,2026-01-05,134.9,312,19,18,2.311,82.5,83.6,77.3,4.35,30,6.2,282.11,19.0,2,1
PCC_039,2026-01-12,143.4,293,10,18,2.043,87.0,82.0,79.7,4.42,28,7.0,284.73,20.3,0,1
PCC_039,2026-01-19,136.2,261,14,6,1.913,85.0,83.9,75.0,4.42,18,8.6,257.9,20.6,2,0
PCC_039,2026-01-26,147.2,324,20,22,2.199,84.5,85.2,76.7,4.35,32,5.6,269.76,17.6,1,0
PCC_039,2026-02-02,143.4,337,20,18,2.352,80.8,87.9,80.9,4.36,31,8.1,290.69,18.4,0,0
PCC_039,2026-02-09,128.1,289,29,5,2.253,84.0,83.4,78.0,4.53,28,7.5,275.35,14.5,1,0
PCC_039,2026-02-16,145.3,316,18,16,2.173,86.1,86.0,80.4,4.33,23,7.1,258.45,16.3,3,1
PCC_039,2026-02-23,136.0,304,19,15,2.238,82.9,86.0,80.4,4.55,28,7.6,234.65,15.5,1,2
PCC_039,2026-03-02,137.1,320,26,15,2.336,80.6,84.9,83.8,4.45,25,6.9,264.69,15.6,3,3
PCC_039,2026-03-09,146.6,333,29,21,2.273,82.2,84.0,80.2,4.28,34,8.1,297.23,11.9,3,1
PCC_039,2026-03-16,145.3,364,10,20,2.501,84.5,83.0,80.9,4.35,31,7.1,254.8,18.9,2,0
PCC_039,2026-03-23,143.8,346,17,17,2.408,83.6,84.2,80.0,4.35,29,6.3,269.63,11.9,3,1
PCC_039,2026-03-30,144.6,297,22,10,2.053,85.1,86.0,85.9,4.53,20,8.0,291.38,13.6,1,1
PCC_039,2026-04-06,133.6,317,21,11,2.373,85.3,85.6,74.7,4.37,30,7.2,292.26,17.3,1,0
PCC_039,2026-04-13,147.2,373,31,25,2.536,83.8,84.1,76.7,4.41,39,7.9,315.03,18.0,3,1
PCC_039,2026-04-20,140.7,309,13,19,2.2,89.1,83.4,74.2,4.4,27,6.2,276.92,15.4,4,1
PCC_039,2026-04-27,148.2,353,37,21,2.381,84.1,82.6,82.9,4.37,20,8.6,305.19,16.5,2,2
PCC_040,2025-05-05,128.3,357,22,16,2.782,75.6,85.9,77.3,4.48,33,9.3,286.33,24.2,0,2
PCC_040,2025-05-12,121.7,336,21,7,2.764,73.5,86.2,75.7,4.5,29,11.6,250.02,23.1,0,1
PCC_040,2025-05-19,109.1,308,14,18,2.826,76.3,89.9,76.7,4.57,29,10.5,250.54,32.4,0,2
PCC_040,2025-05-26,124.4,306,16,11,2.462,80.3,90.9,75.1,4.53,21,9.1,274.24,23.4,2,1
PCC_040,2025-06-02,130.5,334,12,13,2.559,75.6,90.9,72.4,4.55,22,7.6,269.34,26.4,5,0
PCC_040,2025-06-09,126.7,361,21,14,2.852,76.2,88.1,70.8,4.59,42,7.3,289.42,19.1,2,0
PCC_040,2025-06-16,120.0,342,33,19,2.854,70.8,90.2,73.2,4.65,26,10.1,243.24,24.9,3,0
PCC_040,2025-06-23,137.8,412,43,11,2.992,73.0,93.2,74.8,4.53,43,8.8,269.73,25.5,1,2
PCC_040,2025-06-30,131.7,366,37,13,2.782,69.2,89.1,79.8,4.58,31,9.8,272.24,25.3,3,2
PCC_040,2025-07-07,118.1,360,13,11,3.044,68.9,92.0,77.2,4.59,29,10.6,266.74,20.9,2,1
PCC_040,2025-07-14,125.7,340,32,26,2.709,76.3,81.7,65.2,4.65,35,7.5,286.28,24.8,1,2
PCC_040,2025-07-21,123.8,306,15,19,2.473,70.7,89.1,80.2,4.55,22,9.6,267.74,23.6,4,1
PCC_040,2025-07-28,128.3,350,30,18,2.728,69.1,88.7,75.4,4.64,33,10.7,228.55,23.8,2,0
PCC_040,2025-08-04,125.0,366,19,22,2.925,68.8,89.1,78.9,,31,8.9,275.11,26.8,1,0
PCC_040,2025-08-11,126.7,356,20,17,2.812,77.3,85.8,77.8,4.59,28,11.5,286.58,23.9,2,2
PCC_040,2025-08-18,119.0,357,31,16,2.997,73.3,86.5,78.0,4.5,37,8.2,263.77,20.2,1,2
PCC_040,2025-08-25,121.7,350,15,15,2.879,78.0,84.1,82.4,4.57,32,8.2,249.25,21.9,2,1
PCC_040,2025-09-01,132.3,382,27,33,2.885,75.0,88.0,69.0,4.5,33,12.3,258.32,21.3,2,1
PCC_040,2025-09-08,127.3,333,21,20,2.62,67.0,86.3,70.9,4.49,26,8.5,250.13,28.6,0,1
PCC_040,2025-09-15,120.3,356,21,13,2.96,76.4,89.8,77.8,4.64,45,10.9,302.47,24.1,2,2
PCC_040,2025-09-22,132.4,354,27,26,2.676,74.6,91.8,77.1,4.57,46,12.3,262.05,27.1,1,0
PCC_040,2025-09-29,129.4,334,22,19,2.584,75.9,89.9,78.1,4.5,24,9.3,264.18,22.4,0,0
PCC_040,2025-10-06,123.1,317,18,14,2.575,78.2,86.8,70.8,4.55,36,8.2,267.0,23.6,0,1
PCC_040,2025-10-13,121.9,327,20,23,2.683,72.8,91.9,77.3,4.64,31,5.2,259.58,28.3,1,0
PCC_040,2025-10-20,120.0,306,15,22,2.55,72.8,89.6,77.7,4.56,29,,256.71,26.5,1,1
PCC_040,2025-10-27,117.7,300,27,13,2.553,72.9,88.0,77.3,4.49,26,6.7,277.92,24.2,1,2
PCC_040,2025-11-03,124.5,309,11,21,2.483,71.9,89.0,69.9,4.52,29,11.1,265.4,26.0,0,2
PCC_040,2025-11-10,113.6,302,18,10,2.66,75.3,88.4,79.8,4.55,24,9.3,288.69,21.7,3,0
PCC_040,2025-11-17,123.7,314,20,16,2.539,74.0,91.4,69.1,4.68,29,10.0,252.42,25.8,0,0
PCC_040,2025-11-24,114.7,309,20,23,2.694,71.1,85.3,76.0,4.46,25,6.8,252.35,22.4,1,0
PCC_040,2025-12-01,122.3,295,22,19,2.411,70.7,89.6,75.8,4.62,22,8.7,257.13,22.6,2,0
PCC_040,2025-12-08,123.7,296,13,11,2.394,72.0,89.3,70.6,4.54,18,6.6,233.21,23.5,2,0
PCC_040,2025-12-15,134.0,368,40,26,2.745,68.8,87.2,76.2,4.5,33,11.5,260.06,24.6,1,0
PCC_040,2025-12-22,114.5,298,22,19,2.601,69.1,89.3,75.6,4.6,31,10.7,260.69,23.4,1,0
PCC_040,2025-12-29,123.7,325,26,21,2.626,69.7,87.1,78.8,4.6,31,11.9,257.84,22.9,0,1
PCC_040,2026-01-05,117.7,286,23,15,2.426,71.7,87.4,82.9,4.42,20,11.0,224.58,23.5,2,1
PCC_040,2026-01-12,114.7,280,15,10,2.44,68.5,86.2,78.3,4.63,28,8.8,234.77,27.0,0,0
PCC_040,2026-01-19,132.3,331,25,17,2.501,75.3,84.8,80.9,4.57,26,9.0,248.0,19.7,4,1
PCC_040,2026-01-26,116.4,309,20,8,2.658,73.0,88.2,75.2,4.6,32,9.4,257.93,24.4,1,1
PCC_040,2026-02-02,114.1,301,27,11,2.639,70.5,88.0,80.7,4.64,32,10.3,260.42,27.0,1,1
PCC_040,2026-02-09,123.7,333,23,11,2.69,72.1,88.6,72.1,4.7,25,7.7,246.8,17.9,1,2
PCC_040,2026-02-16,109.5,280,23,15,2.56,72.1,88.5,81.9,4.54,23,12.2,253.07,19.2,2,0
PCC_040,2026-02-23,115.3,297,25,22,2.579,72.0,85.8,74.2,4.63,23,8.9,228.51,19.8,3,2
PCC_040,2026-03-02,125.7,317,18,11,2.522,71.0,87.2,78.0,4.39,29,10.2,240.81,18.9,1,1
PCC_040,2026-03-09,122.9,301,25,16,2.446,70.8,88.5,81.9,4.65,30,9.9,240.97,18.5,2,0
PCC_040,2026-03-16,121.2,304,17,21,2.512,69.8,89.7,74.4,4.51,31,9.9,252.81,19.8,1,0
PCC_040,2026-03-23,131.4,328,29,20,2.497,71.4,89.2,78.4,4.69,28,9.1,248.31,17.2,2,0
PCC_040,2026-03-30,121.9,321,21,20,2.633,73.2,84.2,75.0,4.46,28,10.0,238.85,20.9,0,1
PCC_040,2026-04-06,122.1,322,11,14,2.633,73.7,89.0,81.3,4.47,27,9.6,263.37,20.9,2,2
PCC_040,2026-04-13,132.3,357,22,8,2.695,71.0,91.1,72.7,4.54,31,9.6,271.0,16.9,1,0
PCC_040,2026-04-20,130.9,350,18,20,2.678,68.1,90.7,74.2,4.54,31,9.0,267.19,19.0,0,1
PCC_040,2026-04-27,117.9,319,24,12,2.706,69.4,87.6,76.5,4.61,24,7.6,274.65,16.7,0,1
PCC_041,2025-05-05,190.2,484,18,23,2.543,79.2,89.6,79.5,4.39,51,19.6,262.49,26.4,2,0
PCC_041,2025-05-12,195.4,491,9,31,2.512,86.2,90.8,81.6,4.38,54,17.0,292.54,24.3,2,0
PCC_041,2025-05-19,197.9,524,25,27,2.647,85.0,94.8,87.0,4.34,44,16.9,317.08,23.2,0,1
PCC_041,2025-05-26,193.6,465,32,31,2.403,85.8,84.5,82.2,4.32,38,19.2,305.39,28.4,2,1
PCC_041,2025-06-02,183.3,425,44,27,2.317,81.2,97.3,84.2,4.31,34,14.4,305.56,24.6,1,1
PCC_041,2025-06-09,196.4,504,32,24,2.565,77.9,92.3,87.1,4.31,46,10.4,289.88,23.1,2,3
PCC_041,2025-06-16,180.6,460,36,30,2.547,87.1,93.0,85.6,4.28,36,19.7,319.04,23.9,0,1
PCC_041,2025-06-23,198.1,470,20,32,2.374,84.3,93.9,84.8,4.35,42,15.8,296.73,20.5,2,1
PCC_041,2025-06-30,203.0,508,21,17,2.504,84.7,92.3,89.2,4.39,49,17.7,275.0,25.0,2,2
PCC_041,2025-07-07,195.1,516,41,23,2.644,82.1,89.3,85.6,4.44,43,13.4,345.09,28.7,0,1
PCC_041,2025-07-14,193.2,465,19,19,2.409,87.0,99.1,83.0,4.46,37,21.3,294.03,22.9,1,0
PCC_041,2025-07-21,209.0,530,24,30,2.537,81.7,88.7,87.4,4.35,47,15.5,322.01,27.3,7,1
PCC_041,2025-07-28,187.8,456,50,28,2.429,84.5,99.4,87.0,4.48,47,19.0,283.37,26.5,3,0
PCC_041,2025-08-04,203.9,500,43,19,2.452,82.1,97.7,82.4,4.28,45,13.3,328.29,25.5,4,1
PCC_041,2025-08-11,198.9,493,25,37,2.48,81.8,91.2,82.6,4.45,39,16.6,293.42,28.6,3,1
PCC_041,2025-08-18,203.5,510,22,25,2.506,81.7,92.1,83.9,4.33,40,13.5,325.9,27.6,2,0
PCC_041,2025-08-25,179.2,461,33,20,2.576,83.6,96.0,82.7,4.33,59,18.4,308.23,26.8,3,1
PCC_041,2025-09-01,195.3,430,33,27,2.204,85.0,89.7,76.2,4.42,40,14.5,356.19,26.7,0,1
PCC_041,2025-09-08,198.6,515,40,34,2.591,87.4,90.7,82.4,4.47,52,21.6,258.54,29.9,2,2
PCC_041,2025-09-15,188.2,482,31,31,2.563,83.7,89.5,83.5,4.56,43,14.5,,24.4,0,1
PCC_041,2025-09-22,194.8,454,30,37,2.33,80.1,92.9,83.4,4.29,34,14.2,269.88,26.3,2,0
PCC_041,2025-09-29,196.7,498,47,36,2.532,81.6,90.1,84.3,4.42,36,14.2,309.82,27.4,2,0
PCC_041,2025-10-06,184.7,448,27,17,2.428,78.5,93.5,87.4,4.39,36,11.6,294.44,26.6,0,0
PCC_041,2025-10-13,187.8,379,21,20,2.021,92.2,94.7,78.9,4.48,35,15.8,283.93,25.3,3,0
PCC_041,2025-10-20,197.6,458,21,23,2.32,79.0,91.5,94.4,4.54,48,17.9,267.76,28.9,5,1
PCC_041,2025-10-27,210.6,507,47,25,2.409,88.7,93.4,84.5,4.44,57,15.4,302.43,24.4,2,3
PCC_041,2025-11-03,199.3,425,36,18,2.135,81.0,94.2,85.5,4.35,45,19.5,261.38,23.9,4,0
PCC_041,2025-11-10,213.7,509,42,43,2.383,82.0,95.3,82.3,4.43,57,19.1,264.79,26.9,1,0
PCC_041,2025-11-17,199.7,447,35,24,2.237,81.6,95.3,85.5,4.29,44,16.8,283.17,28.1,2,0
PCC_041,2025-11-24,178.5,399,21,18,2.234,82.3,95.0,78.7,4.41,35,21.5,276.7,27.4,2,0
PCC_041,2025-12-01,206.3,456,17,27,2.212,84.1,92.7,81.3,4.41,32,23.5,265.09,25.3,1,0
PCC_041,2025-12-08,202.0,416,18,28,2.06,81.9,91.4,82.6,4.37,40,21.6,273.81,25.4,1,0
PCC_041,2025-12-15,202.0,431,19,31,2.132,78.6,88.5,89.9,4.41,41,21.3,267.28,24.9,3,1
PCC_041,2025-12-22,189.8,433,30,31,2.283,79.6,96.0,83.7,4.28,32,17.8,279.7,28.4,2,0
PCC_041,2025-12-29,184.6,459,34,12,2.489,81.8,89.8,84.1,4.44,41,15.3,267.12,28.4,2,2
PCC_041,2026-01-05,190.0,403,40,21,2.122,80.5,86.0,86.3,4.35,35,14.2,267.2,26.0,3,2
PCC_041,2026-01-12,182.3,348,28,15,1.908,76.6,89.8,81.1,4.32,30,19.1,273.06,22.0,1,1
PCC_041,2026-01-19,179.1,387,36,18,2.158,84.6,94.3,80.7,4.36,48,16.1,272.21,28.3,2,0
PCC_041,2026-01-26,197.3,435,24,17,2.203,81.4,91.3,79.6,4.44,39,18.9,289.15,28.9,1,0
PCC_041,2026-02-02,207.2,493,38,31,2.378,81.0,95.8,85.8,4.5,35,17.6,308.69,23.2,2,0
PCC_041,2026-02-09,199.8,481,24,39,2.41,76.3,92.0,82.4,4.45,41,22.0,291.39,19.7,1,0
PCC_041,2026-02-16,189.0,434,28,27,2.298,81.1,92.5,92.3,4.38,53,23.5,289.13,20.9,1,0
PCC_041,2026-02-23,184.7,427,36,29,2.313,80.2,94.6,82.4,4.36,38,19.9,257.38,18.8,1,0
PCC_041,2026-03-02,189.4,435,34,21,2.296,83.2,92.6,83.0,4.51,28,10.6,281.13,21.7,1,1
PCC_041,2026-03-09,195.7,455,23,26,2.324,81.0,90.6,79.5,4.46,34,19.8,298.59,19.2,3,1
PCC_041,2026-03-16,190.9,425,33,33,2.228,78.2,91.6,82.7,4.21,40,15.8,276.32,20.9,3,1
PCC_041,2026-03-23,182.0,389,36,19,2.136,81.4,90.0,83.8,4.42,36,21.5,287.21,19.3,1,1
PCC_041,2026-03-30,191.4,443,15,23,2.317,77.9,95.8,90.1,4.39,39,21.7,278.84,18.2,2,1
PCC_041,2026-04-06,210.9,524,53,29,2.486,80.8,88.4,77.0,4.47,46,19.6,311.55,18.3,3,1
PCC_041,2026-04-13,196.9,497,37,29,2.525,79.9,90.4,85.9,4.23,35,14.5,276.8,20.5,4,0
PCC_041,2026-04-20,196.5,455,35,30,2.317,81.0,94.4,78.2,,33,15.8,301.44,16.7,2,0
PCC_041,2026-04-27,181.1,488,39,12,2.694,78.1,94.2,87.1,4.48,46,19.0,322.1,22.3,1,0
PCC_042,2025-05-05,83.4,240,14,15,2.873,84.6,91.6,80.3,4.6,21,14.1,274.96,22.6,2,1
PCC_042,2025-05-12,85.1,267,18,14,3.137,79.9,92.5,83.4,4.6,28,13.5,260.21,22.0,0,0
PCC_042,2025-05-19,82.2,272,17,20,3.311,77.4,91.1,95.4,4.57,29,13.0,250.99,26.5,1,0
PCC_042,2025-05-26,78.4,263,20,19,3.348,83.1,89.3,85.1,4.55,25,14.1,248.12,23.7,3,0
PCC_042,2025-06-02,77.4,262,12,19,3.388,74.9,91.7,91.9,4.47,20,9.8,278.1,27.0,2,2
PCC_042,2025-06-09,85.9,258,31,12,3.006,85.9,94.3,88.2,4.5,20,14.9,285.58,23.0,3,1
PCC_042,2025-06-16,82.6,259,18,4,3.14,79.5,91.7,83.0,4.59,23,10.6,272.99,27.8,0,0
PCC_042,2025-06-23,80.9,247,18,20,3.049,77.2,90.1,86.3,4.5,21,11.4,265.89,23.9,2,0
PCC_042,2025-06-30,84.4,285,18,16,3.382,79.7,90.8,85.9,4.62,25,13.1,284.95,22.4,2,1
PCC_042,2025-07-07,88.6,270,26,12,3.048,76.7,90.5,90.1,4.59,22,9.7,266.82,21.7,1,2
PCC_042,2025-07-14,77.3,260,22,15,3.36,78.8,92.2,96.4,4.59,20,12.8,286.81,24.2,1,1
PCC_042,2025-07-21,77.7,226,11,7,2.91,82.5,89.1,89.4,4.38,27,13.6,286.19,21.4,1,5
PCC_042,2025-07-28,76.5,243,17,14,3.174,79.0,90.4,87.2,4.57,21,13.5,299.38,21.2,2,0
PCC_042,2025-08-04,78.3,243,15,16,3.105,76.8,89.1,84.7,4.48,25,11.9,275.62,24.3,1,2
PCC_042,2025-08-11,85.1,245,25,17,2.88,77.3,84.4,80.7,4.62,21,16.0,273.14,25.5,1,1
PCC_042,2025-08-18,76.3,244,14,12,3.198,73.1,97.2,92.8,4.5,26,9.8,286.84,23.7,2,1
PCC_042,2025-08-25,86.2,260,17,17,3.021,80.1,95.1,90.2,4.61,26,14.7,291.34,22.6,3,1
PCC_042,2025-09-01,81.9,256,9,15,3.128,74.5,92.6,81.4,4.6,22,11.3,260.5,29.0,0,0
PCC_042,2025-09-08,78.8,238,18,10,3.017,73.7,92.0,91.7,4.49,28,15.3,294.15,25.8,3,1
PCC_042,2025-09-15,83.6,242,10,8,2.892,78.2,92.4,85.0,4.58,25,12.6,255.41,21.9,5,1
PCC_042,2025-09-22,79.8,223,14,8,2.792,82.5,91.4,86.2,4.66,21,12.9,281.35,24.5,1,4
PCC_042,2025-09-29,82.3,257,12,12,3.12,78.9,89.5,83.1,4.63,31,15.0,254.27,20.7,3,0
PCC_042,2025-10-06,79.9,253,8,20,3.162,74.5,91.1,82.7,,24,13.2,275.94,21.6,1,0
PCC_042,2025-10-13,84.6,237,23,14,2.797,80.4,87.9,92.4,4.59,19,19.3,259.88,23.4,0,0
PCC_042,2025-10-20,78.0,224,15,13,2.869,80.1,93.1,86.9,4.5,14,13.6,271.03,20.8,1,1
PCC_042,2025-10-27,87.7,272,23,15,3.104,75.7,92.4,95.2,4.61,23,10.2,249.99,21.9,1,0
PCC_042,2025-11-03,80.0,242,17,13,3.022,80.0,88.7,85.9,4.63,26,11.9,235.91,25.1,1,0
PCC_042,2025-11-10,78.9,211,10,16,2.679,75.8,88.3,87.2,4.53,20,13.0,280.11,24.8,2,2
PCC_042,2025-11-17,82.7,226,12,9,2.735,72.1,90.8,88.6,4.57,20,14.2,251.85,24.8,1,1
PCC_042,2025-11-24,80.3,231,14,13,2.883,71.9,88.8,85.1,4.48,30,15.9,261.19,23.0,4,0
PCC_042,2025-12-01,84.1,216,13,7,2.562,84.5,89.8,87.1,4.46,26,9.7,233.14,19.6,2,0
PCC_042,2025-12-08,82.8,251,17,14,3.035,75.9,88.1,90.8,4.54,21,12.6,271.19,25.8,1,0
PCC_042,2025-12-15,77.3,232,19,11,3.0,73.4,92.4,82.8,4.63,21,12.4,266.21,22.9,0,0
PCC_042,2025-12-22,84.6,231,17,3,2.734,77.9,91.2,93.4,4.47,21,11.4,249.46,22.8,0,0
PCC_042,2025-12-29,84.7,220,17,11,2.593,79.0,91.0,91.8,4.63,15,11.9,239.69,26.0,1,0
PCC_042,2026-01-05,80.1,219,14,7,2.731,80.6,86.9,85.6,4.58,23,13.3,232.42,24.3,1,0
PCC_042,2026-01-12,89.1,246,25,14,2.764,79.6,92.5,91.4,4.6,25,13.7,269.36,21.5,0,1
PCC_042,2026-01-19,78.6,228,15,7,2.905,85.5,90.7,86.2,4.44,17,16.1,263.24,21.5,0,0
PCC_042,2026-01-26,77.9,223,16,14,2.867,79.3,89.3,85.1,4.59,19,13.2,265.86,24.6,0,1
PCC_042,2026-02-02,75.9,227,17,17,2.992,81.4,88.2,82.8,4.62,32,16.0,269.56,25.5,0,0
PCC_042,2026-02-09,82.7,215,11,13,2.603,84.4,99.0,84.4,4.62,18,18.0,270.93,20.2,2,0
PCC_042,2026-02-16,87.1,263,30,12,3.018,71.4,91.5,84.9,4.67,15,13.6,246.48,19.2,2,0
PCC_042,2026-02-23,83.6,275,19,16,3.291,81.5,91.6,84.5,4.58,29,9.2,251.17,16.0,5,1
PCC_042,2026-03-02,81.9,233,13,22,2.851,79.2,91.3,83.8,4.5,21,15.4,280.31,17.8,1,0
PCC_042,2026-03-09,84.4,265,17,3,3.137,84.7,94.0,90.0,4.52,20,16.5,279.17,20.3,1,0
PCC_042,2026-03-16,85.2,252,15,11,2.958,78.4,89.6,81.2,4.43,16,13.0,250.7,20.8,3,0
PCC_042,2026-03-23,75.3,223,21,10,2.96,77.2,95.1,92.3,4.53,15,13.5,230.91,19.5,0,0
PCC_042,2026-03-30,86.6,271,26,15,3.132,73.7,94.1,90.6,4.53,22,12.5,276.54,18.5,2,1
PCC_042,2026-04-06,74.9,224,7,10,2.997,78.6,94.6,90.2,4.55,21,14.6,286.34,19.2,0,3
PCC_042,2026-04-13,86.2,270,24,15,3.134,81.0,96.4,84.3,4.77,21,10.4,278.66,14.2,2,1
PCC_042,2026-04-20,85.1,224,12,8,2.635,70.3,89.8,78.5,4.58,18,10.7,264.18,17.6,3,1
PCC_042,2026-04-27,77.8,228,16,6,2.932,81.0,93.9,83.5,4.62,21,16.6,266.13,17.1,1,1
PCC_043,2025-05-05,169.2,432,31,25,2.55,77.7,89.4,80.1,4.4,40,14.4,268.25,21.8,3,1
PCC_043,2025-05-12,155.5,386,25,24,2.481,75.6,92.1,83.5,4.39,38,16.5,266.91,26.4,0,0
PCC_043,2025-05-19,145.2,399,27,27,2.748,77.7,87.1,82.5,4.59,42,13.3,280.76,17.7,2,0
PCC_043,2025-05-26,141.7,365,21,26,2.577,80.1,88.0,86.1,4.41,34,14.4,271.37,25.0,1,2
PCC_043,2025-06-02,145.4,420,27,21,2.892,75.6,87.8,89.7,4.56,49,14.5,283.95,25.9,1,2
PCC_043,2025-06-09,155.4,441,30,25,2.839,74.9,87.8,91.2,4.47,32,11.3,277.34,23.1,0,1
PCC_043,2025-06-16,153.3,469,46,31,3.06,77.2,89.7,87.6,4.42,36,14.6,259.23,23.3,2,1
PCC_043,2025-06-23,147.2,410,37,20,2.782,74.3,88.8,85.9,4.47,35,13.0,289.58,26.2,0,1
PCC_043,2025-06-30,141.7,385,20,14,2.721,73.4,92.1,80.5,4.39,32,14.1,294.47,19.8,1,1
PCC_043,2025-07-07,148.5,453,24,25,3.054,77.1,92.0,89.8,4.42,41,13.2,292.15,20.1,1,0
PCC_043,2025-07-14,154.6,439,25,23,2.838,75.7,93.3,85.0,4.45,44,11.7,293.72,25.5,1,0
PCC_043,2025-07-21,139.4,363,14,16,2.602,77.3,91.9,89.1,4.37,36,15.4,270.48,24.9,1,0
PCC_043,2025-07-28,149.2,429,35,18,2.876,77.6,86.6,84.7,4.62,44,11.6,299.33,20.5,1,0
PCC_043,2025-08-04,161.1,464,32,16,2.877,78.6,90.9,88.9,4.51,27,17.4,266.1,26.1,2,0
PCC_043,2025-08-11,150.0,391,29,22,2.604,73.8,90.3,88.7,4.43,18,11.6,281.46,22.5,2,0
PCC_043,2025-08-18,156.4,399,23,26,2.552,75.0,87.7,83.8,4.37,42,16.1,256.77,20.4,1,0
PCC_043,2025-08-25,160.0,421,28,19,2.633,80.6,90.9,88.1,4.41,40,14.0,243.09,24.4,1,1
PCC_043,2025-09-01,129.2,354,30,25,2.738,75.2,89.4,86.5,4.52,24,17.1,307.22,25.0,0,0
PCC_043,2025-09-08,157.7,442,27,22,2.806,71.3,93.7,84.4,4.49,38,12.2,291.42,29.5,1,0
PCC_043,2025-09-15,155.4,443,21,28,2.852,73.2,88.9,81.7,4.42,38,12.7,263.83,24.1,1,0
PCC_043,2025-09-22,161.1,453,39,15,2.814,72.7,91.4,84.1,4.42,41,13.7,276.19,23.4,2,0
PCC_043,2025-09-29,154.3,430,19,17,2.79,74.0,91.8,82.5,4.37,43,14.1,266.41,24.8,1,0
PCC_043,2025-10-06,155.6,411,36,32,2.642,69.9,89.9,92.0,4.45,38,12.1,274.63,25.8,3,0
PCC_043,2025-10-13,136.3,364,30,26,2.669,74.6,88.5,89.5,4.64,38,10.3,254.24,23.5,4,2
PCC_043,2025-10-20,158.9,458,38,30,2.885,79.0,89.7,84.8,4.52,42,11.5,263.01,20.6,1,1
PCC_043,2025-10-27,146.3,389,25,32,2.662,71.2,87.3,86.9,4.41,35,12.2,255.98,26.5,2,0
PCC_043,2025-11-03,160.4,400,31,19,2.492,73.8,90.6,85.6,4.5,32,13.9,252.38,25.7,0,0
PCC_043,2025-11-10,156.2,390,27,33,2.501,74.2,89.1,89.1,4.53,37,10.4,272.31,23.6,1,0
PCC_043,2025-11-17,145.5,357,24,21,2.452,73.0,89.2,87.7,4.44,43,16.5,290.37,24.5,1,0
PCC_043,2025-11-24,148.6,390,32,21,2.622,76.8,91.7,90.7,4.36,30,12.7,239.23,24.7,2,0
PCC_043,2025-12-01,152.2,368,31,8,2.417,75.7,87.3,87.4,4.48,25,15.1,269.26,22.4,0,0
PCC_043,2025-12-08,153.1,399,27,15,2.604,73.2,89.8,82.5,4.57,39,15.7,244.07,19.9,5,0
PCC_043,2025-12-15,171.2,412,38,25,2.41,73.6,92.5,89.3,4.37,40,14.8,229.71,26.5,0,0
PCC_043,2025-12-22,144.0,360,32,16,2.498,76.1,89.0,89.0,4.46,33,11.6,237.37,22.7,2,1
PCC_043,2025-12-29,151.0,355,32,25,2.353,77.8,88.1,90.0,4.54,21,14.0,245.42,28.1,2,1
PCC_043,2026-01-05,155.1,383,19,15,2.467,76.7,88.6,89.8,4.43,33,12.7,234.06,23.5,2,1
PCC_043,2026-01-12,150.6,358,31,21,2.379,73.0,90.3,87.9,4.54,35,14.3,244.87,27.2,3,1
PCC_043,2026-01-19,151.8,381,19,20,2.513,79.1,91.3,84.0,,48,13.4,251.55,23.5,1,0
PCC_043,2026-01-26,152.5,396,22,8,2.594,73.8,90.7,84.6,4.42,38,11.0,243.92,24.1,2,1
PCC_043,2026-02-02,158.6,397,23,24,2.503,77.4,90.3,90.0,4.45,40,10.6,240.39,26.2,3,1
PCC_043,2026-02-09,148.2,399,35,19,2.69,74.9,89.6,87.0,4.41,33,13.5,251.96,20.0,0,4
PCC_043,2026-02-16,155.0,376,34,19,2.424,74.7,87.5,89.5,4.45,36,13.5,257.94,19.3,1,0
PCC_043,2026-02-23,150.7,405,27,18,2.689,71.5,91.7,87.2,4.48,34,12.2,256.06,17.8,2,0
PCC_043,2026-03-02,141.4,378,18,16,2.67,75.2,92.8,92.3,4.43,32,8.9,254.44,19.4,1,2
PCC_043,2026-03-09,163.4,409,40,28,2.504,73.6,90.6,89.9,4.5,41,17.8,259.58,18.2,3,0
PCC_043,2026-03-16,146.7,382,22,17,2.602,77.1,91.2,87.4,4.38,31,10.4,248.42,21.3,1,1
PCC_043,2026-03-23,161.2,393,31,17,2.436,75.3,90.9,85.4,4.54,37,15.8,258.95,18.2,0,0
PCC_043,2026-03-30,160.3,398,30,14,2.481,72.9,90.0,84.1,4.57,34,15.7,260.42,15.0,1,0
PCC_043,2026-04-06,143.1,363,34,21,2.533,73.7,94.4,86.5,4.4,29,14.5,273.4,19.7,2,0
PCC_043,2026-04-13,157.3,439,22,27,2.789,74.2,91.4,85.2,4.56,47,13.4,273.53,20.3,2,0
PCC_043,2026-04-20,152.7,396,24,26,2.592,73.9,92.8,91.4,4.46,41,15.4,285.22,21.0,0,3
PCC_043,2026-04-27,163.9,423,27,9,2.58,76.2,91.7,87.1,4.44,35,16.0,274.48,16.9,3,0
PCC_044,2025-05-05,165.5,409,21,25,2.471,78.6,92.2,96.5,4.48,36,14.1,273.14,22.6,0,0
PCC_044,2025-05-12,179.4,482,34,18,2.689,76.2,95.4,99.0,4.48,45,13.0,286.28,22.5,2,0
PCC_044,2025-05-19,179.6,511,52,17,2.845,76.1,93.8,96.2,4.43,54,14.1,282.61,23.3,3,0
PCC_044,2025-05-26,177.8,440,42,24,2.474,83.5,89.3,100.0,4.65,32,13.7,300.11,20.1,2,1
PCC_044,2025-06-02,193.7,497,24,25,2.566,78.8,92.9,96.8,4.73,44,12.7,299.72,25.3,2,1
PCC_044,2025-06-09,181.9,443,30,13,2.434,81.3,97.4,100.0,,44,12.2,297.28,22.2,4,0
PCC_044,2025-06-16,194.1,548,19,37,2.824,71.2,88.9,90.3,4.65,48,15.1,322.41,19.4,0,2
PCC_044,2025-06-23,188.1,479,28,31,2.548,73.1,92.6,90.6,4.65,44,12.2,267.25,20.2,0,0
PCC_044,2025-06-30,172.2,464,31,30,2.696,81.1,90.7,95.2,4.6,46,13.5,299.78,22.2,0,1
PCC_044,2025-07-07,172.4,427,31,25,2.478,79.8,95.2,94.9,4.63,46,15.3,297.78,21.7,2,0
PCC_044,2025-07-14,186.9,452,40,11,2.416,81.0,95.8,97.9,4.62,46,11.9,315.43,23.4,4,0
PCC_044,2025-07-21,177.7,474,15,19,2.667,73.9,89.3,98.2,4.66,41,13.3,267.19,24.8,1,0
PCC_044,2025-07-28,187.8,501,32,32,2.665,74.7,94.7,96.3,4.46,50,14.9,279.55,24.0,1,2
PCC_044,2025-08-04,189.5,559,48,38,2.951,76.5,94.1,96.1,4.58,49,16.4,286.8,26.7,0,1
PCC_044,2025-08-11,195.7,512,32,28,2.615,76.9,94.0,92.8,4.47,55,12.9,292.68,25.0,1,2
PCC_044,2025-08-18,187.6,556,30,21,2.962,77.5,90.8,100.0,4.58,46,12.4,274.03,26.6,2,2
PCC_044,2025-08-25,185.9,521,43,19,2.805,78.9,87.4,95.2,4.63,59,9.6,,22.4,1,2
PCC_044,2025-09-01,193.4,518,49,5,2.676,76.2,89.6,98.3,4.61,55,11.0,293.58,26.7,1,1
PCC_044,2025-09-08,189.2,472,34,23,2.495,71.6,87.9,97.0,4.52,43,12.8,293.07,21.6,1,0
PCC_044,2025-09-15,193.6,482,33,23,2.488,78.8,91.0,94.9,4.48,45,12.4,253.64,23.0,2,0
PCC_044,2025-09-22,164.5,419,32,22,2.549,78.9,93.1,94.9,4.65,39,14.2,278.69,22.9,3,1
PCC_044,2025-09-29,195.2,528,47,32,2.702,74.1,92.3,96.1,4.62,37,13.1,271.55,24.2,3,1
PCC_044,2025-10-06,196.8,520,25,11,2.641,76.2,92.6,97.8,4.59,35,19.5,259.93,25.8,0,2
PCC_044,2025-10-13,188.1,469,34,30,2.492,74.5,88.7,95.8,4.66,53,13.7,274.26,20.1,0,0
PCC_044,2025-10-20,202.9,511,23,17,2.52,73.2,92.7,94.1,4.53,37,15.0,286.81,17.7,6,0
PCC_044,2025-10-27,194.0,487,40,36,2.509,74.2,92.7,98.4,4.63,35,13.7,268.39,29.0,3,0
PCC_044,2025-11-03,190.6,459,26,29,2.409,75.2,93.8,87.7,4.73,41,8.9,250.18,28.4,1,1
PCC_044,2025-11-10,179.2,477,27,34,2.66,78.2,90.4,94.5,4.62,44,15.1,282.49,23.0,0,0
PCC_044,2025-11-17,175.9,463,27,28,2.633,75.9,95.8,100.0,4.75,42,9.7,262.96,26.7,2,0
PCC_044,2025-11-24,195.6,460,22,22,2.349,75.5,93.1,90.0,4.53,40,12.1,252.35,25.7,3,1
PCC_044,2025-12-01,187.9,485,44,24,2.578,79.1,92.4,96.7,4.72,52,12.6,309.25,20.6,3,3
PCC_044,2025-12-08,172.2,385,16,9,2.238,78.0,91.4,92.0,4.59,32,17.2,249.33,24.5,2,0
PCC_044,2025-12-15,197.4,491,43,19,2.486,75.5,92.4,90.0,4.45,33,11.6,259.77,22.1,1,1
PCC_044,2025-12-22,194.0,462,50,27,2.382,76.9,93.0,93.7,4.62,44,11.6,273.76,23.7,1,0
PCC_044,2025-12-29,198.1,486,40,26,2.452,77.8,93.6,90.7,4.42,41,17.1,269.05,22.3,3,0
PCC_044,2026-01-05,185.2,463,30,38,2.499,78.7,93.4,92.8,4.59,41,12.3,261.07,20.8,2,0
PCC_044,2026-01-12,190.0,475,45,19,2.498,82.8,93.4,92.2,4.6,50,13.2,241.68,25.7,2,0
PCC_044,2026-01-19,194.1,487,31,19,2.508,75.0,91.8,91.3,4.58,43,13.8,263.09,21.3,1,0
PCC_044,2026-01-26,180.6,407,43,23,2.252,79.7,90.0,94.0,4.68,50,12.9,241.43,24.0,2,0
PCC_044,2026-02-02,184.3,448,35,15,2.43,81.6,90.3,96.4,4.56,38,14.8,280.51,22.7,0,2
PCC_044,2026-02-09,165.1,411,24,21,2.488,79.2,93.6,90.6,4.68,44,12.2,251.33,20.1,1,0
PCC_044,2026-02-16,179.3,431,26,27,2.407,79.2,90.8,90.5,4.68,40,17.5,254.3,16.8,2,1
PCC_044,2026-02-23,186.1,476,46,26,2.558,76.7,92.4,93.6,4.71,37,13.1,283.84,17.0,1,0
PCC_044,2026-03-02,193.6,488,24,28,2.521,79.0,88.3,94.0,4.6,57,13.7,269.62,20.8,4,1
PCC_044,2026-03-09,189.7,449,35,17,2.368,76.5,92.4,97.0,4.64,27,13.6,247.0,18.3,2,2
PCC_044,2026-03-16,178.9,451,26,13,2.521,76.0,92.4,97.7,4.34,36,12.6,256.78,17.6,2,1
PCC_044,2026-03-23,198.7,497,35,37,2.503,75.6,88.6,97.8,4.61,44,13.1,237.52,17.3,1,1
PCC_044,2026-03-30,173.6,438,15,28,2.521,73.4,90.8,93.9,4.65,44,14.8,,19.2,2,1
PCC_044,2026-04-06,182.7,421,36,20,2.303,78.7,92.8,91.2,4.61,29,14.0,286.37,16.4,4,1
PCC_044,2026-04-13,197.8,511,65,36,2.584,78.0,91.0,99.8,4.74,55,15.8,262.01,14.4,3,2
PCC_044,2026-04-20,183.5,473,25,25,2.579,77.5,92.5,98.7,4.63,45,13.9,277.44,16.4,0,1
PCC_044,2026-04-27,186.7,476,26,16,2.547,76.8,94.4,99.4,4.54,63,11.7,256.7,17.4,2,1
PCC_045,2025-08-25,84.1,227,18,13,2.7,73.4,84.5,85.1,4.53,15,16.8,281.5,23.5,2,0
PCC_045,2025-09-01,88.9,264,27,13,2.975,71.4,87.2,82.3,4.54,20,12.2,296.56,21.0,2,0
PCC_045,2025-09-08,85.8,247,22,11,2.873,75.7,83.9,92.0,4.61,19,10.5,318.63,25.4,1,0
PCC_045,2025-09-15,96.0,251,16,10,2.614,67.2,92.0,91.0,4.54,19,14.0,276.08,21.9,1,0
PCC_045,2025-09-22,89.0,244,15,14,2.74,79.1,90.1,88.5,4.58,16,12.8,268.4,24.4,2,2
PCC_045,2025-09-29,89.3,248,19,12,2.777,73.0,85.9,81.9,,21,14.5,278.83,19.4,1,0
PCC_045,2025-10-06,98.4,259,20,18,2.628,68.5,83.4,86.6,4.63,14,15.7,280.9,25.9,1,0
PCC_045,2025-10-13,103.3,284,17,20,2.751,67.5,91.5,91.0,4.54,29,11.0,261.62,18.2,0,2
PCC_045,2025-10-20,95.7,256,19,15,2.675,67.1,84.9,94.1,4.59,30,9.9,280.28,19.3,2,1
PCC_045,2025-10-27,117.7,309,25,13,2.624,69.6,87.1,86.4,4.55,26,14.9,293.2,19.1,1,1
PCC_045,2025-11-03,109.1,302,27,13,2.769,67.0,83.4,87.8,4.6,29,15.7,259.59,21.4,1,0
PCC_045,2025-11-10,125.7,322,22,11,2.564,71.0,81.7,90.2,4.46,26,20.2,265.79,23.3,1,1
PCC_045,2025-11-17,119.7,356,30,22,2.973,68.2,86.0,91.2,4.5,25,16.1,255.65,19.7,1,0
PCC_045,2025-11-24,114.2,293,26,19,2.564,70.0,83.0,85.7,4.47,26,13.4,265.37,19.5,0,0
PCC_045,2025-12-01,123.1,308,11,19,2.506,69.5,82.6,88.0,,37,12.7,244.26,25.4,0,0
PCC_045,2025-12-08,136.3,374,29,24,2.745,73.6,86.5,92.8,4.52,36,11.3,275.47,20.8,1,0
PCC_045,2025-12-15,145.2,366,34,15,2.522,69.0,86.5,84.5,4.5,27,14.2,280.34,22.9,0,0
PCC_045,2025-12-22,132.9,338,23,24,2.543,74.5,84.8,92.3,4.63,28,13.0,240.1,19.8,3,1
PCC_045,2025-12-29,144.1,356,24,23,2.471,73.1,83.9,84.6,4.62,26,11.1,249.32,25.2,2,1
PCC_045,2026-01-05,162.3,414,27,25,2.553,71.6,83.7,85.7,4.53,52,13.4,262.96,20.0,3,1
PCC_045,2026-01-12,160.1,446,38,41,2.789,69.2,83.8,84.8,,32,16.6,246.77,22.7,0,1
PCC_045,2026-01-19,159.8,393,37,18,2.456,68.9,83.0,85.5,4.46,26,13.9,267.71,19.5,1,0
PCC_045,2026-01-26,173.5,444,28,25,2.559,66.7,82.5,85.6,4.57,37,13.7,231.24,19.6,2,1
PCC_045,2026-02-02,177.1,533,38,19,3.007,69.8,83.9,82.5,4.48,51,15.3,260.47,26.3,2,0
PCC_045,2026-02-09,161.5,419,25,23,2.595,68.4,82.5,87.3,4.5,37,17.1,261.92,19.3,1,0
PCC_045,2026-02-16,166.2,470,34,19,2.829,71.4,85.2,93.8,4.42,39,12.7,289.82,15.8,3,2
PCC_045,2026-02-23,198.2,497,44,26,2.509,71.3,87.0,87.0,4.58,44,15.0,283.44,13.8,0,1
PCC_045,2026-03-02,179.2,481,45,25,2.686,70.1,82.3,83.5,4.53,38,9.9,276.19,14.8,2,0
PCC_045,2026-03-09,177.9,474,20,27,2.664,69.4,83.5,91.6,4.55,49,13.5,,18.8,0,1
PCC_045,2026-03-16,184.0,532,32,25,2.892,70.2,81.4,91.0,4.37,49,16.3,267.18,22.1,2,0
PCC_045,2026-03-23,179.5,503,36,23,2.805,72.2,85.7,88.5,4.49,47,14.4,258.71,16.9,1,0
PCC_045,2026-03-30,163.1,453,34,24,2.774,68.9,86.6,86.8,4.49,37,12.3,276.82,18.4,4,0
PCC_045,2026-04-06,174.7,481,24,7,2.756,67.2,81.8,92.2,4.58,43,17.3,260.7,17.8,1,0
PCC_045,2026-04-13,182.6,506,28,36,2.771,70.1,84.8,90.1,,47,17.4,287.7,16.8,1,3
PCC_045,2026-04-20,188.8,554,56,23,2.934,70.5,80.4,86.0,4.44,66,16.2,284.35,16.4,2,1
PCC_045,2026-04-27,184.0,549,32,20,2.982,69.5,85.6,84.3,4.54,42,11.9,279.61,16.4,3,0
PCC_046,2025-05-05,128.7,328,21,13,2.546,74.6,89.2,84.6,4.53,32,14.6,279.68,17.0,6,0
PCC_046,2025-05-12,130.4,348,27,14,2.666,73.5,85.1,85.6,4.58,39,13.0,247.22,18.2,2,2
PCC_046,2025-05-19,130.1,355,23,17,2.725,76.5,88.9,86.4,4.74,25,13.7,237.42,17.1,1,1
PCC_046,2025-05-26,142.3,360,26,16,2.53,84.3,84.0,81.5,4.55,33,14.0,240.44,17.7,2,1
PCC_046,2025-06-02,142.1,401,24,11,2.819,75.7,78.8,74.5,4.61,37,13.5,240.76,24.2,1,1
PCC_046,2025-06-09,125.5,308,24,17,2.459,74.9,86.9,84.6,4.54,28,15.8,253.6,15.7,1,1
PCC_046,2025-06-16,124.3,306,29,15,2.458,78.4,89.5,84.7,4.58,23,17.3,242.7,22.0,3,0
PCC_046,2025-06-23,122.3,310,14,12,2.531,79.9,88.4,86.5,4.67,22,14.6,245.24,17.5,2,0
PCC_046,2025-06-30,130.3,319,28,17,2.449,76.1,86.0,86.8,4.57,33,9.6,262.74,20.4,2,2
PCC_046,2025-07-07,126.6,350,26,18,2.763,79.6,86.0,87.7,4.66,33,,242.36,19.5,1,0
PCC_046,2025-07-14,128.8,327,23,18,2.536,77.1,86.6,81.0,4.62,32,14.0,237.84,20.5,2,1
PCC_046,2025-07-21,127.8,358,24,15,2.8,77.6,89.0,80.6,4.61,26,13.9,243.98,21.5,0,0
PCC_046,2025-07-28,128.1,343,26,24,2.68,80.5,81.1,82.1,4.67,21,14.6,243.58,18.1,1,0
PCC_046,2025-08-04,130.6,357,27,24,2.736,81.2,85.1,85.3,4.53,22,11.0,242.25,17.4,2,2
PCC_046,2025-08-11,129.8,352,14,19,2.713,76.3,90.0,84.8,4.49,27,13.1,237.6,16.1,3,0
PCC_046,2025-08-18,132.0,338,25,18,2.559,78.8,90.3,85.5,4.58,37,12.8,252.05,16.6,1,1
PCC_046,2025-08-25,126.1,341,21,18,2.707,77.5,82.9,84.3,4.72,33,17.6,238.47,20.7,2,4
PCC_046,2025-09-01,124.4,329,25,16,2.64,75.4,87.0,84.1,4.65,30,14.6,246.66,20.9,1,0
PCC_046,2025-09-08,126.1,325,17,11,2.574,75.2,88.3,89.1,4.41,33,13.1,254.9,19.3,1,1
PCC_046,2025-09-15,120.3,309,21,21,2.568,80.8,88.2,85.0,4.61,25,17.0,252.62,21.4,1,1
PCC_046,2025-09-22,128.5,305,17,21,2.373,83.3,84.7,85.1,4.56,23,19.6,241.98,18.5,1,0
PCC_046,2025-09-29,126.3,326,19,19,2.582,81.9,87.9,86.9,4.52,22,12.9,255.71,18.3,1,0
PCC_046,2025-10-06,129.2,320,7,24,2.476,72.5,81.9,84.3,,30,14.5,241.86,17.7,2,0
PCC_046,2025-10-13,129.6,324,34,18,2.499,80.0,88.8,83.8,4.48,34,19.6,243.07,20.2,0,1
PCC_046,2025-10-20,126.6,312,24,24,2.463,81.9,84.4,82.2,4.6,28,16.9,241.54,17.4,0,0
PCC_046,2025-10-27,133.5,286,29,13,2.145,80.8,88.8,85.7,,25,16.2,244.96,20.1,1,0
PCC_046,2025-11-03,138.1,311,24,21,2.25,80.7,88.0,86.6,4.59,28,12.5,239.95,17.5,2,0
PCC_046,2025-11-10,126.2,330,20,18,2.617,80.7,83.2,89.1,4.65,34,16.2,212.61,22.0,1,0
PCC_046,2025-11-17,124.4,287,23,17,2.308,85.4,87.6,85.9,4.5,23,11.5,245.16,19.7,6,0
PCC_046,2025-11-24,127.9,288,14,12,2.254,85.7,92.0,94.0,4.54,16,16.1,250.99,20.3,3,1
PCC_046,2025-12-01,138.4,298,21,18,2.156,84.4,87.5,81.9,4.68,28,18.0,254.89,19.7,1,0
PCC_046,2025-12-08,128.0,335,24,19,2.619,81.6,87.1,91.2,4.46,22,14.6,220.59,16.6,4,0
PCC_046,2025-12-15,124.5,305,11,16,2.453,80.0,88.1,85.2,4.65,20,20.0,221.79,20.3,1,2
PCC_046,2025-12-22,126.9,309,30,16,2.432,81.4,87.2,85.4,4.65,26,14.1,,18.8,0,0
PCC_046,2025-12-29,138.0,321,19,20,2.33,83.2,86.6,85.4,4.68,39,15.9,236.93,14.6,1,0
PCC_046,2026-01-05,123.7,305,13,18,2.468,86.4,87.0,82.8,4.35,33,12.8,214.05,19.6,2,1
PCC_046,2026-01-12,136.0,307,39,15,2.258,83.6,85.8,90.8,4.59,14,12.2,212.18,17.4,2,1
PCC_046,2026-01-19,137.8,301,24,15,2.181,82.2,89.9,86.3,4.53,21,10.3,229.82,19.4,3,0
PCC_046,2026-01-26,132.6,281,11,17,2.119,81.7,88.0,88.1,4.63,26,18.1,223.9,20.5,2,0
PCC_046,2026-02-02,123.7,294,22,18,2.372,82.7,88.5,79.4,4.55,27,16.4,,18.9,1,0
PCC_046,2026-02-09,133.2,332,21,25,2.495,83.6,84.9,82.3,4.69,24,11.9,204.57,17.7,4,0
PCC_046,2026-02-16,128.0,326,10,22,2.548,85.6,87.4,92.2,4.55,36,14.1,257.39,14.4,2,0
PCC_046,2026-02-23,139.4,344,26,14,2.471,86.7,88.0,90.3,4.55,34,14.4,204.14,17.2,2,0
PCC_046,2026-03-02,116.1,279,19,12,2.4,85.7,90.1,85.8,4.56,25,14.4,237.88,16.8,1,1
PCC_046,2026-03-09,125.2,334,24,26,2.667,82.2,87.8,81.6,4.49,31,16.4,242.36,14.4,1,2
PCC_046,2026-03-16,134.0,312,22,18,2.326,83.1,82.0,84.7,4.55,30,13.1,218.19,16.1,0,1
PCC_046,2026-03-23,133.6,330,23,20,2.468,83.4,90.3,86.2,4.5,28,15.2,241.67,14.2,0,1
PCC_046,2026-03-30,125.1,294,17,14,2.349,81.6,85.7,84.7,4.65,35,16.2,234.34,10.6,1,0
PCC_046,2026-04-06,125.0,300,20,19,2.396,82.1,92.1,81.6,4.64,32,9.5,227.82,16.8,0,1
PCC_046,2026-04-13,127.3,313,24,7,2.46,82.1,88.5,87.1,4.47,24,14.3,214.56,14.9,1,0
PCC_046,2026-04-20,129.5,340,18,5,2.626,82.5,86.4,89.4,4.61,25,16.3,233.58,17.7,2,1
PCC_046,2026-04-27,124.5,295,22,17,2.369,88.2,91.2,84.4,4.58,25,16.9,257.55,15.7,2,2
PCC_047,2025-09-15,56.3,128,7,8,2.27,86.0,89.4,89.8,4.66,16,12.2,313.57,25.5,0,0
PCC_047,2025-09-22,56.9,147,6,5,2.588,84.6,83.9,90.8,4.62,16,10.3,291.13,28.6,1,2
PCC_047,2025-09-29,62.1,161,8,5,2.588,75.5,88.9,86.5,4.63,18,13.9,312.32,24.0,1,1
PCC_047,2025-10-06,62.3,152,9,7,2.446,81.6,84.0,89.2,4.71,7,14.0,287.03,24.6,3,1
PCC_047,2025-10-13,65.6,137,5,11,2.089,82.2,86.4,80.9,4.69,7,12.4,293.41,33.6,2,2
PCC_047,2025-10-20,70.0,157,12,10,2.242,82.7,83.5,84.0,4.61,10,10.0,270.17,23.4,2,0
PCC_047,2025-10-27,71.3,169,8,5,2.376,81.6,89.6,85.2,4.67,16,11.7,249.19,29.7,1,1
PCC_047,2025-11-03,75.6,191,10,5,2.528,85.1,87.6,80.1,4.69,20,16.2,267.23,26.8,0,1
PCC_047,2025-11-10,78.6,178,13,3,2.268,78.2,89.5,85.5,4.75,16,12.3,242.08,26.3,2,1
PCC_047,2025-11-17,77.4,177,15,9,2.287,82.3,87.7,89.6,4.59,18,10.4,270.84,29.2,4,1
PCC_047,2025-11-24,77.7,178,9,15,2.285,81.9,92.0,86.8,4.72,18,14.6,279.77,30.0,0,0
PCC_047,2025-12-01,79.9,181,11,10,2.272,77.1,89.6,86.4,4.63,17,15.2,267.52,31.3,0,1
PCC_047,2025-12-08,80.4,198,6,16,2.457,77.4,89.1,85.1,4.78,24,13.1,277.87,24.8,3,0
PCC_047,2025-12-15,91.9,228,13,11,2.484,78.9,86.9,77.4,4.6,26,11.5,243.53,25.8,3,1
PCC_047,2025-12-22,88.5,202,14,13,2.28,83.0,87.5,88.8,4.76,14,14.1,256.35,27.7,0,1
PCC_047,2025-12-29,87.3,201,16,13,2.299,83.1,89.5,85.2,4.64,12,13.0,289.67,28.3,1,0
PCC_047,2026-01-05,89.1,208,14,13,2.333,79.5,88.7,79.3,4.55,25,13.2,284.01,28.3,4,1
PCC_047,2026-01-12,107.4,275,23,17,2.56,82.1,85.9,84.2,4.78,20,13.3,285.44,25.8,2,2
PCC_047,2026-01-19,106.6,256,21,17,2.403,81.1,86.8,82.2,4.66,20,11.8,256.15,25.5,4,0
PCC_047,2026-01-26,121.3,303,25,21,2.498,77.7,89.9,89.8,4.79,27,13.8,267.78,21.8,1,2
PCC_047,2026-02-02,102.6,236,16,13,2.296,76.0,89.6,85.3,4.55,25,13.9,253.48,28.8,0,0
PCC_047,2026-02-09,119.7,277,30,14,2.316,80.0,89.2,81.8,4.68,18,15.9,259.55,22.8,1,2
PCC_047,2026-02-16,120.9,296,17,17,2.451,80.5,88.7,89.8,4.49,30,11.4,280.48,21.8,2,1
PCC_047,2026-02-23,118.2,286,29,19,2.421,81.5,87.7,90.6,4.71,31,11.9,277.33,23.2,2,0
PCC_047,2026-03-02,110.7,259,17,14,2.337,83.4,91.4,87.8,4.67,22,15.5,298.89,22.2,1,1
PCC_047,2026-03-09,112.6,290,18,12,2.578,74.6,86.9,88.7,4.6,25,9.9,274.64,23.2,4,1
PCC_047,2026-03-16,121.6,295,26,19,2.425,82.9,90.6,79.4,4.7,18,14.7,322.12,21.2,0,0
PCC_047,2026-03-23,119.9,285,18,9,2.376,78.7,86.4,84.1,4.63,33,15.8,288.39,21.0,2,0
PCC_047,2026-03-30,138.2,341,22,12,2.471,77.2,88.3,86.9,4.69,33,12.3,279.64,22.7,2,0
PCC_047,2026-04-06,127.8,353,24,19,2.759,78.7,91.3,89.0,4.78,34,13.9,294.15,26.2,5,1
PCC_047,2026-04-13,129.7,345,19,23,2.658,85.9,90.2,86.6,4.69,37,9.6,299.45,23.1,1,0
PCC_047,2026-04-20,114.9,292,13,10,2.542,86.5,89.2,82.6,4.65,34,9.6,296.93,21.1,1,1
PCC_047,2026-04-27,124.8,316,27,22,2.53,78.5,88.3,84.2,4.76,21,15.5,305.64,22.8,0,0
